sentence,id,year,HasGroup
Der eklatante Anstieg bei den Gewaltdelikten in den ersten neun Monaten dieses Jahres dürfte die Politiker aufgeschreckt haben.,9027604,2000.0,"[[93, 106, 'HasGroup']]"
Nach Schätzungen der Deutschen Gesellschaft für Schlafforschung und Schlafmedizin leidet jeder vierte Bundesbürger gelegentlich oder häufig an Schlafstörungen; davon brauche etwa jeder Sechste eine Therapie.,9038697,2000.0,"[[17, 81, 'HasGroup'], [89, 114, 'HasGroup'], [179, 192, 'HasGroup']]"
"Brigitte Kubik, Inhaberin von ""Daily Soup - die Suppenzentrale"" ist selbst große Suppenliebhaberin.",9038961,2000.0,"[[81, 98, 'HasGroup']]"
"Bei so vielen ""Widerspenstigen"" sei der Senat überfordert, glaubt Gernhardt: ""Das überlebt die Koalition nicht.""",9037000,2000.0,"[[7, 31, 'HasGroup']]"
"Rund 25 Millionen "".com""s und 3,5 Millionen "".de""s machen nahezu jede Namensidee für ein E-Commerce-Unternehmen gleich wieder zunichte.",9035007,2000.0,"[[85, 111, 'HasGroup']]"
Die Militärs und die Politiker haben sich darauf eingelassen.,9025028,2001.0,"[[0, 12, 'HasGroup'], [17, 30, 'HasGroup']]"
"Fast so wichtig ist, ob er dies tat, nachdem Popper ihm auf seine Frage nach einer allgemein gültigen philosophischen Einsicht mit dem Beispiel antwortete: ""Man soll einem Gast nicht mit dem Feuerhaken drohen.""",9007110,2001.0,"[[166, 176, 'HasGroup']]"
"Zu den Kaufinteressenten könnte die Deutsche Telekom gehören, heißt es auf dem Parkett.",9303137,2001.0,"[[3, 24, 'HasGroup']]"
"Das neue Inselhaus wurde auf einer Warft in Deichhöhe errichtet, damit das Wasser nie wieder solche Opfer fordert.",8932569,2002.0,"[[93, 105, 'HasGroup']]"
Seit Aufnahme der Fördertätigkeit im Jahr 1991 hat sie 4900 Projekte vor allem in kleinen und mittelständischen Unternehmen mit 930 Millionen Euro unterstützt.---KNA---Photovoltaikanlage auf dem Dach des Pfarramts im rheinland-pfälzischen Billigheim-Ingenheim,9283344,2002.0,"[[82, 123, 'HasGroup']]"
"Allerdings gibt es wenig Grund zum Feiern: Fing man 1992 mit 100 Beschäftigten an, schrumpfte die Belegschaft inzwischen auf zehn Angestellte.",8931722,2002.0,"[[61, 78, 'HasGroup'], [94, 109, 'HasGroup']]"
Der BUND kritisiert die Aktion als schweren Eingriff in das Ökosystem.,8891057,2003.0,"[[0, 8, 'HasGroup']]"
"Obwohl der Absatz der Premiummarken Dunhill, Kent und Pall Mall um acht Prozent stieg, fiel die Zahl der weltweit verkauften Zigaretten deshalb um vier Prozent auf 777 Mrd.",8902591,2003.0,"[[18, 63, 'HasGroup']]"
"Drohte noch kurz vor dem Scheitern mit Rücktritt und setzte seine Forderungen, diesmal gegenüber dem Bremer Kultursenator Kuno Böse (CDU), in einem Kompromiss weitgehend durch.---Die Stadt Bremen gehört nicht zu den reichsten in Deutschland.",8901656,2003.0,"[[133, 136, 'HasGroup']]"
"Bekanntlich wird der Verrat geliebt, nicht aber der Verräter.",8903088,2003.0,"[[49, 61, 'HasGroup']]"
"---Eine Entwicklung, die Konsequenzen für Bauherren hat: ""Kunden, die ihr Haus von einem Bauträger erstellen lassen, werden nach der Bauträgerverordnung erst mit Zahlung der letzten Rate Eigentümer von Haus und Grundstück"", erläutert Rechtsanwalt Bernhard-Dietrich Breloer, Vorstandsmitglied im Bauherren-Schutzbund.",8875677,2003.0,"[[42, 51, 'HasGroup'], [58, 115, 'HasGroup'], [187, 221, 'HasGroup'], [292, 315, 'HasGroup']]"
---Unterdessen hat die FDP Finanzminister Eichel schwere Versäumnisse vorgehalten.,8835207,2004.0,"[[19, 26, 'HasGroup']]"
"---Klemm kritisierte Pläne, im Zuge der Angleichung von Arbeiter- und Angestelltengehältern die Löhne in der Montage um bis zu 700 Euro im Monat zu senken.",8824657,2004.0,"[[56, 64, 'HasGroup'], [70, 82, 'HasGroup']]"
"""Gegen sämtliche Verantwortliche aus der Regierungsadministration und der Militärleitung wurde bisher weder ein Strafverfahren, in den meisten Fällen noch nicht mal ein Disziplinarverfahren eingeleitet"", heißt es in einer Mitteilung der Anwälte.---""Wir fordern daher die Bundesanwaltschaft auf, die Ermittlungen in dem Verfahren gegen Rumsfeld und andere aufzunehmen und damit der Straflosigkeit schlimmster Kriegsverbrechen ein Ende zu setzen"", heißt es in dem Schreiben.",8804481,2004.0,"[[7, 88, 'HasGroup']]"
"Seine Mission gilt als gescheitert, sogar die Bewohner des Balkans machen sich über die Mißerfolge inzwischen lustig.",8809791,2004.0,"[[42, 66, 'HasGroup']]"
"Der Aufsichtsrat begründete die Erhöhung unter anderem mit ""erfolgreichen Akquisition von Firmen wie PeopleSoft und Retek"" und der 29prozentigen Gewinnsteigerung des Konzerns gegenüber dem Vorjahr.",9168238,2005.0,"[[90, 121, 'HasGroup']]"
"Aber das sich heute in dem altehrwürdigen Gasthaus ""Zu den Rothen Forellen"" eines der wenigen Fünf-Sterne-Hotels verbirgt und mit Rene Bobzin der derzeit beste Koch Sachsen-Anhalts am Herd steht, keineswegs vermutet.---""Besuchen Sie unbedingt das Ilsetal"", hatte Jörg Steinhäuser den Besuchern am Abend zuvor in der täglich neu aufs Zimmer gelegten ""Forellenpost"" empfohlen.",8757044,2005.0,"[[76, 112, 'HasGroup']]"
Die Zahl der identifizierten Todesopfer aus Deutschland stieg unterdessen auf 477.,8781519,2005.0,"[[9, 55, 'HasGroup']]"
"Selbst Regierungsstatistiken räumen ein, daß chinesische Kumpel unter Tage 100mal gefährlicher leben als ihre angeblich so ausgebeuteten amerikanischen Kollegen und immer noch 30mal gefährlicher als Bergleute in südafrikanischen Minen.---Die frühkapitalistischen, oftmals nur noch als verbrecherisch zu bezeichnenden Zustände in chinesischen Bergwerken sind seit langem bekannt.",8794442,2005.0,"[[45, 63, 'HasGroup'], [105, 160, 'HasGroup'], [199, 234, 'HasGroup'], [329, 352, 'HasGroup']]"
Mit Wohlfahrtsverbänden müsse nun über Restbestände der Flutspenden von 2002 verhandelt werden.,8736436,2006.0,"[[4, 23, 'HasGroup']]"
"Während hier durchschnittlich rund zwölf Prozent der Beschäftigten an diesen Tagen Dienst tun, gehen etwa in der Slowakei 20 Prozent der Erwerbstätigen zur Arbeit.",8728214,2006.0,"[[49, 66, 'HasGroup'], [133, 151, 'HasGroup']]"
Susanne Tremper muss in ihrem schwarzen Kleid so unbeteiligt durch die Aufführung gehen wie ein Kleiderständer der Rache.---In Erwartung des Blutgeldes leisten sich die Güllener alle Schönheitsoperationen auf Pump.,8691992,2007.0,"[[165, 177, 'HasGroup']]"
"Dieser Trend ergäbe sich aus den ersten Auswertungen der bundesweiten ""Stunde der Gartenvögel"" vom vergangenen Wochenende, teilte der Nabu am Montag mit.",9121841,2007.0,"[[130, 138, 'HasGroup']]"
"Die Sozialdemokratie der Weimarer Republik, die doch Gründungspartei des Verfassungsbogens war, wusste nie, ob sie dafür oder dagegen war.",8660847,2007.0,"[[53, 90, 'HasGroup']]"
"Mit ihrem Antrag, das Problem als dringlich auf die Tagesordnung zu nehmen, scheiterten die Grünen allerdings im Landtag.",8687576,2007.0,"[[88, 98, 'HasGroup']]"
Auch andere Hirnpatienten zeigten nach Tumorerkrankungen oder Unfällen plötzlich eine starke Zuneigung für - oder eine starke Abneigung gegen Musik.,8622358,2008.0,"[[12, 25, 'HasGroup']]"
BGH-Urteil---Mieter muss Fernwärme zahlen---Der Vermieter einer Wohnung darf nach Umstellung der Beheizung auf Fernwärme die Wärmelieferungskosten grundsätzlich auf die Mieter umlegen.,8634694,2008.0,"[[13, 19, 'HasGroup'], [44, 71, 'HasGroup'], [165, 175, 'HasGroup']]"
"September 2001 wurde eigens eine Sondergruppe mit dem Namen ""Financial Action Task Force"" beim BND gegründet, um noch mehr über die Geldströme an terroristische Organisationen zu erfahren.---Bereits 1999 waren die deutschen Auslandsnachrichtendienstler davon überzeugt, dass in Liechtenstein Geld in großem Stile gewaschen wurde.",8642469,2008.0,"[[146, 175, 'HasGroup'], [210, 252, 'HasGroup']]"
Sie gewannen viele Zweikämpfe und stürzten die Polen von einer Verlegenheit in die andere.,8627819,2008.0,"[[43, 52, 'HasGroup']]"
"Ondaatje machte Billy sogar zum Dichter, einer Art Lord Byron des Westens.---Sicher ist nur, dass er im Gegensatz zu den meisten seines Standes schreiben konnte: Billys Briefe an den texanischen Gouverneur Lew Wallace (übrigens der Autor von „Ben Hur""), mit dem er über eine Begnadigung verhandelte, sind eloquent, und seine Schrift ist so schön, dass man davon träumen darf, was dieser Jüngling vielleicht hätte werden können, wenn er nicht frühzeitig elternlos in eine gewalttätige, rohe und unzivilisierte Welt geschleudert worden wäre.---Weblink:",8603259,2009.0,"[[453, 459, 'HasGroup']]"
"Abhilfe schafft ein telemedizinisches System, das Ingenieure des Berliner Medizintechnik-Unternehmens Biotronik um Hans-Jürgen Wildau entwickelt haben und das in die Endrunde zum Deutschen Zukunftspreis gekommen ist.---Der von Wildau und seinen Mitarbeitern entwickelte Herzschrittmacher enthält einen Minisender, der wichtige kardiologische Daten an ein spezielles Mobiltelefon schickt, das die Patienten in der Hosen- oder Jackentasche bei sich tragen.",8600563,2009.0,"[[50, 133, 'HasGroup'], [392, 405, 'HasGroup']]"
"„Bei der EM 2008 haben wir davon profitiert, dass Spieler wie Podolski oder Bastian Schweinsteiger in der Saison zuvor nicht regelmäßig gespielt haben.",8584094,2010.0,"[[50, 98, 'HasGroup']]"
"Er muss dorthin zurück, wo er herkam: in sein Betriebsratsbüro mit der surrealistischen Kunst an der Wand.---Dabei ist Franz, der gute Rotweine und Italien liebt, eigentlich kein Dröhner und Haudrauf.",8583191,2010.0,"[[174, 199, 'HasGroup']]"
"Der Hamburger SPD-Fraktionschef Michael Neumann rechnet mit einer „erheblichen finanziellen Belastung für die Stadt"".",8556195,2010.0,"[[14, 17, 'HasGroup']]"
"Nun ist eine sehr beliebte, aber gleichwohl unrichtige Volte, die strukturellen Probleme der übrigen Kulturbetriebe dagegen aufzurechnen.",8576757,2010.0,"[[89, 115, 'HasGroup']]"
Seit ihrer Hochzeit 2002 zählt das Paar zu den populärsten Persönlichkeiten in Holland.,8536180,2011.0,"[[43, 75, 'HasGroup']]"
"Bei der Eröffnungsfeier drohte ihn die Traurigkeit zu übermannen, alle anderen Spieler liefen mit ihren Frauen ein.",8539097,2011.0,"[[66, 86, 'HasGroup'], [98, 110, 'HasGroup']]"
"Außerdem verwischen seine Werke, vor allem jene, die ab Mitte der Siebziger Jahre entstanden sind, die Grenzen zwischen Fakt und Fiktion, Autobiografie und Roman, und sie tun das auf eine Weise, die bei anglophonen Lesern gerade ziemlich angesagt ist (dasselbe gilt übrigens für W. G. Sebald und das unterschiedliche Ansehen, das er auf den beiden Seiten des Atlantiks genießt, und den polnischen Journalisten Ryszard Kapuscinski).---Doch der allerwichtigste Grund für Bernhards ungemeine Popularität bei uns ist ein anderer: Wir sind, ganz anders als Leser anderswo, vertraut mit einer bestimmten Tonlage in der Literatur, die auch bei Bernhard zu hören ist.",8550205,2011.0,"[[203, 221, 'HasGroup'], [552, 557, 'HasGroup']]"
"So muss der Arbeitnehmer zwar im Krisenfall auf einen Großteil der Zuschläge verzichten und sich mit dem oft geringen Basislohn zufriedengeben, was zu hohen Ungleichgewichten beim Einkommen führt, andererseits aber ist er durch ein sehr strenges Arbeitsgesetz weitgehend vor Entlassung geschützt.",8521944,2012.0,"[[8, 24, 'HasGroup']]"
"Gesichert ist bislang nur, dass die Silikonkissen bei 19 Frauen gerissen sind - und glücklicherweise keine von ihnen an Krebs erkrankt ist.",8527625,2012.0,"[[54, 63, 'HasGroup']]"
Die exportabhängige Industrie blickt nach dem Ende der Rezession in der Euro-Zone nun so optimistisch nach vorn wie seit Juni 2011 nicht mehr.,8488517,2013.0,"[[0, 29, 'HasGroup']]"
Bei dem Konzern arbeiten in den Niederlanden und sieben europäischen Ländern rund 19.000 Menschen.,8484130,2013.0,"[[82, 97, 'HasGroup']]"
"Eine völlige Abschaffung des Instruments, das Steuerbetrügern den Weg zurück in die Steuerehrlichkeit erlaubt, stehe nicht zur Diskussion.",8479008,2014.0,"[[46, 61, 'HasGroup']]"
"""Was wir aber anstreben, ist ein Roboter mit Persönlichkeit, der auf eigenen Willen hin zum Glück einer Familie beitragen kann.„ Zu diesem Zweck sei der 121 Zentimeter große und 28 Kilogramm schwere Roboter mit modernster künstlicher Intelligenz und Stimmenerkennungstechnologie ausgestattet.",8472775,2014.0,"[[98, 111, 'HasGroup']]"
"Oder ist etwa die Bereitschaft zusammenzustehen, tatsächlich noch nicht so weit gewachsen wie erhofft?---Ein Schlaglicht auf den ""NSU und die Folgen„ hatte am Mittag eine Podiumsdiskussion im Depot des Kölner Schauspiels geworfen, nur ein paar Hundert Meter entfernt von dem Ort des Anschlags.",8473791,2014.0,"[[130, 133, 'HasGroup']]"
"Bis zu 400.000 Menschen wurden verschleppt, von denen in den nächsten 18 Monaten fast die Hälfte starben.",8479362,2014.0,"[[0, 23, 'HasGroup']]"
"Daran änderte auch die Aufdeckung der Affäre durch Kollegen, denen gegenüber Hoyzer mit seinen Untaten geprahlt hatte, nichts.",8469240,2014.0,"[[51, 117, 'HasGroup']]"
"Doch das galt nur für die Oberschicht, das Volk ließ es ständig filzen.",8474994,2014.0,"[[22, 37, 'HasGroup'], [39, 47, 'HasGroup']]"
"Diese Woche hat die Nato ein Sondertreffen abgehalten, auf dem die Türkei die Verbündeten über den Abschuss eines russischen Kampfflugzeuges informiert hat, das ihren Luftraum verletzt hatte.",5517426,2015.0,"[[74, 89, 'HasGroup']]"
"Richtig ist, dass die Kunst in unseren westlichen Museen sicher ist.",5511520,2015.0,"[[31, 56, 'HasGroup']]"
"Ohne diese Planungsgrundlage ist es jedoch kaum möglich, den Bedarf an Lehrkräften und weiteren Ressourcen rechtzeitig einzuschätzen.",5538367,2015.0,"[[71, 82, 'HasGroup']]"
"""Man nimmt keine Leute in die Jury auf mit Vorstrafen,"" sagte Georgetti.",5535790,2015.0,"[[11, 22, 'HasGroup']]"
"Stress setzt im Körper Entzündungsreaktionen in Gang, die in chronischen Krankheiten münden können - darunter Diabetes und Herz-Kreislauf-Leiden.---Orthopädie---50.000 Rückenpatienten jährlich unnötig geröntgt---Ärzte in Deutschland greifen nach einer Studie bei Rückenschmerzen vorschnell zum Röntgengerät.",5508314,2015.0,"[[161, 183, 'HasGroup'], [212, 232, 'HasGroup']]"
"Das Ausmaß des Flüchtlingszustroms hat uns alle überrascht, und Patentlösungen gibt es nicht.",5515524,2015.0,"[[15, 25, 'HasGroup']]"
"Damit Frauen und Männer gleichberechtigt leben, arbeiten und Kinder erziehen können"".",5535682,2016.0,"[[6, 12, 'HasGroup'], [17, 23, 'HasGroup'], [61, 67, 'HasGroup']]"
"Shanghai---Ölpreisverfall, Tumulte an Aktien-, Finanz- und Devisenmärkten, taumelnde Schwellenländer, schwächelnde Weltwirtschaft, Flüchtlingskrise - die Finanzminister der 20 wichtigsten Industrienationen (G 20) haben viel zu bereden auf ihrem Gipfel in Shanghai an diesem Wochenende.---Ob er schon einmal so viele Krisen auf einmal erlebt habe, wird  Viele andere Teilnehmer sind da weniger entspannt.",5516003,2016.0,"[[131, 141, 'HasGroup'], [353, 376, 'HasGroup']]"
"---Zwar gibt es in Venezuela auch Kredit- und Debitkarten, rund ein Drittel der Arbeiter und Angestellten gehört jedoch zum informellen Sektor, sie bekommen ihr Gehalt daher in bar.",5525167,2016.0,"[[76, 88, 'HasGroup'], [93, 105, 'HasGroup'], [120, 142, 'HasGroup']]"
"Zu wenig Basisdemokratie.---War das alles?---Zur Zeit unseres EU-Beitritts kamen Grüne aus dem Westen, die mithelfen wollten, eine einheitliche grüne Partei in Polen zu schaffen.",5497126,2016.0,"[[81, 86, 'HasGroup'], [126, 165, 'HasGroup']]"
"Außenminister ---Reisende sollten den Hinweisen zufolge in der Türkei besonders aufmerksam sein und ""Menschenansammlungen und Orte, an denen sich regelmäßig viele Ausländer aufhalten, möglichst meiden"".",5415923,2017.0,"[[17, 25, 'HasGroup'], [157, 172, 'HasGroup']]"
"Verbunden war das mit der Tatsache, dass die Betroffenen ihr privates Geld ausgeben mussten, ehe sie in den Genuss von staatlichen Hilfen kamen.",5420421,2017.0,"[[41, 56, 'HasGroup']]"
"Die Bürgerwehr blieb nur eine Drohung, stattdessen stellte der Geschäftsbesitzer wie viele Geschäfte in der Nähe von Lagern Sicherheitspersonal an die Tür.---Es gibt hier - und das mag das gute Abschneiden der AfD auch erklären - zudem sehr viele Inhaber deutscher Pässe, die als Spätaussiedler in den letzten 40 Jahren zugewandert sind.",5405661,2018.0,"[[0, 14, 'HasGroup'], [124, 143, 'HasGroup'], [206, 213, 'HasGroup'], [236, 336, 'HasGroup']]"
"Aber dass nun ständig wildfremde Leute auf sie zukommen und ein Foto mit ihr wollen, sei einfach ""verrückt"".---Quasi über Nacht ist Ocasio-Cortez zu einem neuen Star der politischen Linken geworden.",5458678,2018.0,"[[166, 188, 'HasGroup']]"
"Das ist eine eigenwillige Deutung, weil die Linkspartei sich gegen jede Migrationssteuerung ausspricht, in ihrem Programm ""offene Grenzen für alle Menschen"" fordert und Abschiebungen von abgelehnten Asylbewerbern ablehnt.",5447842,2018.0,"[[40, 55, 'HasGroup'], [187, 212, 'HasGroup']]"
CSU-Chef Markus Söder hat den Machtkampf um die Verteilung der EU-Spitzenposten scharf kritisiert und eine rasche Einigung gefordert.,5447714,2019.0,"[[0, 3, 'HasGroup']]"
"Auch mehrere Zeitungskioske brannten aus.---Die Plünderer warfen Kleidungsstücke und Kaffeehausmobiliar auf brennende Barrikaden, wie Reporter der Nachrichtenagentur AFP berichteten.",5436483,2019.0,"[[44, 57, 'HasGroup'], [134, 169, 'HasGroup']]"
"Die wirkt ja über den Steuersatz: Man profitiert umso stärker, je höher der Steuersatz ist.---Nun sind aber auch viele Normalverdiener vor allem auf dem Land auf die Pendlerpauschale angewiesen, wenn Benzin teurer wird.---Deswegen ist unser Vorschlag ja, dass Einnahmen aus dem CO2-Preis zu 100 Prozent und zu gleichen Teilen an die Bürgerinnen und Bürger zurückgegeben werden.",5431615,2019.0,"[[113, 157, 'HasGroup']]"
Für PiS und Fidesz ist Montesquieus Gewaltenteilung ein Ausdruck westlichen Weicheiertums und die Suche nach dem demokratischen Kompromiss ein Fetisch der Aufklärung.,5475054,2020.0,"[[4, 7, 'HasGroup'], [12, 18, 'HasGroup']]"
"Das Gros der Befragten berichtete von einer Verbesserung der individuellen ökonomischen Verhältnisse, rechnet sich der Mittelschicht zu und geht auch für die kommenden Jahre von Einkommensverbesserungen aus.",5485117,2021.0,"[[115, 132, 'HasGroup']]"
"Der sozialistische Machthaber Nicolás Maduro, der mit außergerichtlichen Hinrichtungen, Folter und korrupten Generälen seine brutale Narco-Diktatur aufrechterhält, sitzt nach der in sich zusammengefallenen Strategie der USA und Europas mit dem glücklosen Oppositionsführer Juan Guaidó wieder fest im Sattel.",5488846,2021.0,"[[99, 118, 'HasGroup'], [255, 265, 'HasGroup']]"
""", fragte der oberste Interessenvertreter der Händler rhetorisch.",5484193,2021.0,"[[42, 53, 'HasGroup']]"
"Inwieweit Patienten mit Beschwerden gezögert haben, sich untersuchen zu lassen, oder ob es aus Kapazitätsgründen zu weniger Untersuchungen kam, könne die Krankenkasse aufgrund fehlender Daten nicht beantworten.",5486298,2021.0,"[[10, 35, 'HasGroup']]"
Doch auch viele ostdeutsche Abgeordnete plädieren für eine Impfpflicht ab 18 - nämlich 22 Prozent.,8459156,2022.0,"[[10, 39, 'HasGroup']]"
"Ein Gespräch mit Meltem Kaptan über unterschätzte Mütterlichkeit, ihren Heimatort Harsewinkel und die Sehnsucht nach Ernsthaftigkeit.",8458822,2022.0,"[[50, 56, 'HasGroup']]"
Die Situation hat sich den Wissenschaftlern zufolge seit 2015 nicht verbessert.,8456030,2022.0,"[[23, 43, 'HasGroup']]"
"Vanopslagh war einst Parteivize der Liberalen, Ex-Ministerpräsident Rasmussen ihr Parteichef.",8451154,2022.0,"[[32, 45, 'HasGroup']]"
Die nach ihr benannten Indizes Nasdaq Composite und Nasdaq 100 sind gerade für jüngere Anleger zentrale Bezugspunkte bei der Geldanlage.,8448175,2023.0,"[[79, 94, 'HasGroup']]"
"Vorbei sind die Zeiten, als polnische Politiker in sicherheitspolitischen Fragen Führung von Deutschland forderten.",8449453,2023.0,"[[28, 47, 'HasGroup']]"
"Mit seinen stets schwarz-weißen, grobkörnigen und atmosphärisch dichten Arbeiten dokumentiert er die Folgen des Klimawandels für die Bauern, Fischer und Jäger, die am Rand der bewohnbaren Welt leben.",8447263,2023.0,"[[129, 198, 'HasGroup']]"
"Ich denke ein oder zwei Blackout 's und Winter mit kalten Wohnungen, mit zusammenbrechenden Infrastrukturen und Arbeitsmärkten werden ausreichen um aus den jungen ""Woken"" wirklich Erwachte zu machen.",8453488,2022.0,"[[152, 170, 'HasGroup'], [180, 188, 'HasGroup']]"
"Sage da noch einer, die Hertha-Bosse bekämen nichts auf die Reihe.",8524845,2012.0,"[[20, 36, 'HasGroup']]"
Die Soldaten wirken - bei aller Professionalität - wie ein bunt zusammengewürfelter Haufen.,4668034,2015.0,"[[0, 12, 'HasGroup']]"
"Damals ging es der Autoindustrie schlecht, und deren Lobby hat mächtig Druck auf die Regierung gemacht.",4715857,2015.0,"[[15, 32, 'HasGroup'], [47, 58, 'HasGroup']]"
---  Oder die ohne Kinderbetreuung?,4663746,2015.0,"[[19, 25, 'HasGroup']]"
"So sahen sie sich im Auftrag des preußischen Königs der Grundlagenforschung im universalwissenschaftlichen Sinne Humboldts verpflichtet, doch sie mussten auch die Interessen ihrer britischen Auftraggeber befriedigen, denen die praktische Anwendbarkeit der Ergebnisse wichtig war.",4541078,2015.0,"[[174, 203, 'HasGroup']]"
"Im hautengen Kleid marschiert Cynthia Barcomi auf Pumps durch ihr Deli in Berlin-Mitte, eines von zwei Geschäften in Berlin, in denen die Kunden regelmäßig Schlange stehen für Brownies und Bagels.",4518998,2015.0,"[[134, 144, 'HasGroup']]"
"Um sie davor zu schützen wird eine Gruppe von Kindern aus der Großstadt evakuiert, angeführt von der Lehrerin Eve Parkins.",4666177,2015.0,"[[30, 53, 'HasGroup']]"
"---  Diesem Umfeld entspringt die Hügeljugend, die aus einigen Dutzend bis einigen Hundert Menschen bestehen soll.",4494280,2015.0,"[[30, 113, 'HasGroup']]"
Yen-Kredite sind bei Ausländern mindestens so beliebt wie die in Franken.,4765249,2015.0,"[[21, 31, 'HasGroup']]"
"Berufsintegrationsklassen gebe es nur in Bayern: Heuer sei der erste Jahrgang fertig und in Ausbildung vermittelt worden, die zum Teil ebenfalls mit Kursen assistiert werde.",4787850,2015.0,"[[0, 25, 'HasGroup']]"
"Als man noch wegen Diebstahl gehängt wurde, waren die kleinen Taschendiebe besonders gerne direkt unter dem Galgen aktiv bei den Schaulustigen.",4579476,2015.0,"[[50, 74, 'HasGroup'], [125, 142, 'HasGroup']]"
"Am Mittwoch ließen die beiden ihr Kind bei Farooks Mutter zurück und gaben an, zum Arzt zu müssen, stattdessen fuhren sie in Kampfmontur in das Behindertenzentrum im nahegelegenen San Bernardino zur Weihnachtsfeier von Farooks Arbeitgeber und erschossen 14 Menschen.",4537943,2015.0,"[[144, 155, 'HasGroup']]"
"In den vergangenen Jahren seien zahlreiche namhafte Wettbewerbe auf dem 2200 Meter langen Wasserbecken ausgetragen worden, darunter im Juli 2014 die Euro Masters Regatta, mit 2000 Startern aus 32 Nationen die weltweit größte Ruderveranstaltung dieser Saison.",4694763,2015.0,"[[175, 188, 'HasGroup']]"
"Für die Beschäftigten der Tochterfirma ,,DB Dienstleistungen"" galt bisher ein eigener Tarifvertrag mit niedrigeren Gehältern als im restlichen Konzern, der Ende November auslief.",4674286,2015.0,"[[4, 61, 'HasGroup']]"
"Die Milipol ist eine der wenigen Veranstaltungen, bei der die Warteschlange für die Herrentoilette länger ist als bei den Damen.",4516909,2015.0,"[[84, 90, 'HasGroup'], [118, 127, 'HasGroup']]"
",,Das System bleibt unverändert für Touristengruppen"", sagte der Sprecher des Außenministeriums, Badr Abdelatty, der Nachrichtenagentur Reuters, aber Einzelreisende müssten ihre Visa vorab bei der jeweiligen ägyptischen Botschaft oder einem Konsulat beantragen.",4619041,2015.0,"[[36, 52, 'HasGroup'], [150, 164, 'HasGroup']]"
"Ein Modell, das auf Egoismus und Entsolidarisierung baut, um für kleine Berufsgruppen auf Kosten anderer Arbeitnehmer mehr durchzusetzen.",4670761,2015.0,"[[65, 85, 'HasGroup'], [97, 117, 'HasGroup']]"
"---      ---Die Naturfreunde Wolfratshausen wandern am Sonntag, 8.",4591094,2015.0,"[[12, 28, 'HasGroup']]"
"Abgesehen davon, dass es ihm wohl eher um seinen eigenen Spaß als um den der geprellten Fans geht, werden seine Sorgen um die Attraktivität der Bayern-Spiele vom Rest der Bundesliga geteilt - jedoch aus anderer Perspektive.",4493962,2015.0,"[[88, 92, 'HasGroup']]"
"Sie hält Anteile an den Zeitungen, kontrolliert mehrere Fernsehsender, mischt in der Unterhaltungsindustrie und im Sportmarketing mit und ist mit der Atomwirtschaft verbandelt.",4487434,2016.0,"[[20, 33, 'HasGroup'], [48, 69, 'HasGroup'], [81, 107, 'HasGroup'], [112, 129, 'HasGroup'], [146, 164, 'HasGroup']]"
"---  Zu den wenigen überlieferten Dokumenten gehört neben 28 Fotos aus dem Oval Office und diversen Memoranden der Mitarbeiter des Weißen Hauses auch ein Brief, in dem Presley dem Präsidenten seine Hilfe im Kampf gegen die Verwahrlosung der Jugend durch Drogen anbot.",2720246,2016.0,"[[111, 144, 'HasGroup'], [237, 247, 'HasGroup']]"
Ein Teilaspekt ist die Förderung von Frauen in Führungspositionen.,2632362,2016.0,"[[37, 65, 'HasGroup']]"
Die Fachleute der DRV halten davon aber wenig.,4704074,2016.0,"[[0, 21, 'HasGroup']]"
"Doch die Parteien im Rathaus verweisen bisher lediglich darauf, dass der Bund und der Freistaat erst rechtliche Voraussetzungen schaffen müssten, um Fahrverbote oder etwa eine City-Maut---umzusetzen.---  Das ärgert auch Christian Hierneis, den Stadtvorsitzenden des Bund Naturschutz (BN).",2774287,2016.0,"[[5, 28, 'HasGroup'], [262, 287, 'HasGroup']]"
"Ein unbekannter Räuber hat es offenbar auf Bäckereien und Lotto-Annahmestellen abgesehen: Innerhalb weniger Tage hat der maskierte Täter in München fünfmal versucht, Geld zu erbeuten.",2628592,2016.0,"[[43, 53, 'HasGroup'], [58, 78, 'HasGroup']]"
"Beide engagierten sich danach in einer örtlichen Bürgerinitiative, die von Neonazis unterwandert wurde.",2683415,2016.0,"[[33, 102, 'HasGroup']]"
",,Kicklusion"" machte Station in der Innenstadt - ein Fußball-Projekt, bei dem Kinder mit und ohne Behinderung gegen einander antreten.",2756501,2016.0,"[[78, 109, 'HasGroup']]"
Das Bundesteilhabegesetz sorgt gerade zu Beginn für eine aufgeregte Debatte unter den Parlamentariern.,2626160,2016.0,"[[82, 101, 'HasGroup']]"
Er möchte im von ihm gemeinten Sinn vom Zuhörer verstanden werden.,4423223,2016.0,"[[36, 47, 'HasGroup']]"
"Und einen Haufen grinsender junger Männer, die eine Bronzemedaille um den Hals baumeln haben.",2753196,2016.0,"[[4, 92, 'HasGroup']]"
"Es gibt Vorträge, Kurse und Führungen sowie ein großes Angebot für kreative Menschen.",2588779,2016.0,"[[67, 84, 'HasGroup']]"
"Dem Zusammenhang von Lernstörungen und anderen Symptomen solle in weiteren Studien nachgegangen werden, fordern auch die Duden-Experten.",2586532,2016.0,"[[117, 135, 'HasGroup']]"
Noch vor zehn Jahren haben nur 18 Prozent der Münchner Kleinstkinder eine Krippe besucht.,2695208,2016.0,"[[42, 68, 'HasGroup']]"
In Köln spielen angehende Abiturienten schon seit ein paar Jahren lieber Krieg.,2716946,2016.0,"[[16, 38, 'HasGroup']]"
"So fordert die CSU zum ersten Mal in ihrem Grundsatzprogramm, dass Suchmaschinen und soziale Netzwerke ,,ihre Algorithmen offenlegen und transparent machen' müssen.",2741128,2016.0,"[[11, 18, 'HasGroup'], [85, 102, 'HasGroup']]"
"Zeitung bei Zustellung frei Haus: in Bayern 57,40 Euro, außerhalb Bayerns 59,90 Euro, für Studierende 29,90 Euro (nach Vorlage---einer Bescheinigung).",4415965,2016.0,"[[90, 101, 'HasGroup']]"
"Folglich lägen ,,die absoluten Fallzahlen für die bayerische Bevölkerung noch einmal circa zehn Prozent höher', heißt es im Bericht.",2825929,2017.0,"[[46, 72, 'HasGroup']]"
"Es ist unklar, ob Trump Journalisten bespitzeln oder verhaften oder Redaktionen durchsuchen lassen würde, etwa auf der Suche nach Informanten im Regierungsapparat.",3002791,2017.0,"[[24, 36, 'HasGroup'], [68, 79, 'HasGroup'], [130, 162, 'HasGroup']]"
Es soll so schön wie möglich für unsere Kinder sein.,2929714,2017.0,"[[33, 46, 'HasGroup']]"
Für Radfahrer wird der gegenüberliegende Radweg in beide Richtungen frei gegeben.,2886820,2017.0,"[[4, 13, 'HasGroup']]"
"Dort ist der Berater verpflichtet, nach dem Verkaufsgespräch eine ,,Geeignetheitserklärung' zu erstellen.",2935383,2017.0,"[[9, 20, 'HasGroup']]"
Insidern zufolge gab es im Streit um den Bau von fünf Korvetten für die Bundeswehr eine Einigung.,2987863,2017.0,"[[0, 8, 'HasGroup']]"
"Er verzichtet deswegen auf ein komplettes Embargo und richtet lieber gezielte Sanktionen gegen russische Firmen, Banken sowie jene Oligarchen, die am meisten vom System Putin profitieren.",2875796,2017.0,"[[95, 186, 'HasGroup']]"
"In New York erkannte er, wie der Rassenunterschied als Standesunterschied auftrat: Die Diener sind ,,meistens Neger oder Mulatten'.",2929648,2017.0,"[[83, 130, 'HasGroup']]"
"Diese Geschichte darf mit einem Rückblick beginnen: Es war ein Tor in der Nachspielzeit, das Hunderttausende Syrer vor vier Wochen jubeln ließ, egal ob in den Gebieten des Regimes von Präsident Baschar al-Assad oder jenen der Rebellen.",2863694,2017.0,"[[93, 114, 'HasGroup'], [222, 234, 'HasGroup']]"
"Nach Angaben von Andre Ameri vom Sozialamt sind derzeit 17 Personen in der städtischen Obdachlosenunterkunft ,,Die Brücke' untergebracht.",2920263,2017.0,"[[87, 98, 'HasGroup']]"
"Die CSU verlor überall und konnte nur einen bescheidenen Gewinn verbuchen, ein Prozent mehr bei den Erststimmen in Türkenfeld, das war vermutlich dem Heimvorteil Stafflers geschuldet.",2838836,2017.0,"[[0, 7, 'HasGroup'], [100, 111, 'HasGroup']]"
"Aus dem Jahr 1700 gibt es Berichte über Ausflugsboote und von einer ,,Gondel, die zwölf Personen fasst'.---  Eine erste richtige Seewirtschaft kümmerte sich von 1713 an um vornehme Gäste.",2923324,2017.0,"[[129, 142, 'HasGroup'], [172, 186, 'HasGroup']]"
",,Alle sollten es mittragen', sagte Lea Schmitz, Pressereferentin beim Deutschen Tierschutzbund, der SZ.",2890429,2017.0,"[[66, 95, 'HasGroup']]"
Wenige Tage zuvor hatte US-Verteidigungsminister James Mattis in Brüssel seine Nato-Kollegen in einem abhörsicheren Raum über einen kühl kalkulierten Kurswechsel seiner Regierung informiert.,2784891,2017.0,"[[73, 92, 'HasGroup']]"
"Nein, das glauben die Bundesbanker nun auch nicht.",2815325,2017.0,"[[18, 34, 'HasGroup']]"
"Julia Fischer gehört zu den führenden Geigensolisten weltweit und bringt ihre künstlerische Vielfältigkeit nicht nur als Geigerin, sondern auch als Pianistin und Kammermusikerin zum Ausdruck.",2800283,2017.0,"[[24, 61, 'HasGroup']]"
",,Ein Weiter so kann und darf es auf keinen Fall geben', findet der Landtagsabgeordnete Florian von Brunn, der alsbald darüber reden will, ,,wie wir uns als Partei in München aufstellen'.",2981602,2017.0,"[[157, 163, 'HasGroup']]"
Als dürfe man jungen Frauen keine Inhalte zumuten.,2781069,2017.0,"[[14, 27, 'HasGroup']]"
"Mit dem neuen Nachbarn lässt es sich nicht kommunizieren, der Zutritt ist nur Klubangestellten gestattet.",2997444,2017.0,"[[78, 94, 'HasGroup']]"
"Außerdem hält er es für sinnvoll, sich vor allem an öffentlichen Orten von stark erkälteten Personen fernzuhalten.",2835200,2018.0,"[[75, 100, 'HasGroup']]"
Für kommenden Monat hatte Kanzlerin Angela Merkel (CDU) eine Entscheidung angekündigt.,2802129,2018.0,"[[51, 54, 'HasGroup']]"
---  Wenige Tage vor dem verordneten Auszug machte die Universitätsleitung ihre Not öffentlich.,2832165,2018.0,"[[51, 74, 'HasGroup']]"
Schloss Höhenried am Starnberger See wird am Pfingstwochenende wieder zum Treffpunkt für Kunstliebhaber und Freunde des hochwertigen Kunsthandwerks.,4216591,2018.0,"[[89, 103, 'HasGroup'], [108, 147, 'HasGroup']]"
"Er dürfte immer noch damit beschäftigt sein, leere Flaschen aus Parks---und Wäldern zu sammeln - und vielleicht sogar noch---den ein oder anderen liegen---gebliebenen Vater.",3031509,2018.0,"[[125, 172, 'HasGroup']]"
Besonders ärgerte sich der Trainer über die von der Europäische Fußball-Union (Uefa) anberaumten Dopingkontrollen.,2787791,2018.0,"[[48, 84, 'HasGroup']]"
"Das ist die Zielgruppe, um die sich Zeitungen besonders bemühen, weil in dieser Generation das Bedürfnis nicht mehr so verankert ist, in einem Print-Produkt zu blättern.",2851576,2018.0,"[[8, 63, 'HasGroup'], [73, 90, 'HasGroup']]"
"Dieses Abenteuer wagen auch immer mehr Frauen, bisher aber noch keine Brauerin.",2793401,2018.0,"[[39, 45, 'HasGroup'], [64, 78, 'HasGroup']]"
Solche brauchen die meisten Bayern  eher nicht.,2901193,2018.0,"[[16, 34, 'HasGroup']]"
Seinen eigenen Angaben nach sei er ein Jahr lang Mitglied der Terrormiliz gewesen.,4211952,2018.0,"[[58, 73, 'HasGroup']]"
Denn bis in die Siebzigerjahre hinein arbeitete in den Heimen Erziehungspersonal ohne pädagogische Ausbildung.,2968010,2018.0,"[[62, 109, 'HasGroup']]"
"Das Abkommen sei ,,eine wichtige Säule unserer europäischen Sicherheitsarchitektur'.---  Außer der Rücksichtnahme auf die Verbündeten in Europa, die für Trump freilich keine Priorität hat, gibt es aus amerikanischer Sicht wenig Argumente dafür, das Abkommen zu erhalten.",2778499,2018.0,"[[118, 143, 'HasGroup']]"
"Aber selbst wenn ein Kind die Pumpe manuell auslösen sollte - es dürfe, sagt Sigloch, keine lebensbedrohliche Dosis abbekommen.",2917201,2018.0,"[[17, 25, 'HasGroup']]"
"Er verpasst aber die Chance, dem für Lot Vekemans"" Verhältnisse schwachen Text eine eigene Lesart entgegen zu setzten.---  Auf der 50-Jahrfeier der Partei soll Ebba als zauberhafte Gattin eine flammende Rede zugunsten ihres Mannes halten.",4175354,2018.0,"[[144, 154, 'HasGroup']]"
"Jedenfalls sagte es einfach kein Verantwortlicher am Samstag, um endlich Druck aus dieser für alle Seiten zunehmend unangenehmer werdenden Situation zu nehmen.---""Ich habe immer gesagt, ich werde mich an den Spekulationen nicht beteiligen, deshalb werden sie zu dem Thema von mir nichts hören"" meinte Uli Hoeneß, der immerhin auch sagte, dass ihn die Sprechhöre zu Kovac gefreut hatten.",4213490,2019.0,"[[28, 49, 'HasGroup']]"
"---  Sorge macht den Helfern die Tatsache, dass das schwimmerische Können der Bevölkerung generell  merklich nachgelassen hat.",4233139,2019.0,"[[17, 28, 'HasGroup']]"
"Das liegt auch daran, dass DBA-Absolventen in Deutschland den ,,Dr.' und selten den ,,Briten-Doktor' im Namen tragen.",4174129,2019.0,"[[27, 57, 'HasGroup']]"
"Man sollte sie bewahren, die Namen ihrer Urheber sichern, ihre Stile erforschen und den Menschen, die heute mit ihnen leben und sie besuchen, ihren Wert bewusst machen.",4226191,2019.0,"[[35, 48, 'HasGroup']]"
"Doch die Reise von Vaterstetten nach Möschenfeld anzutreten, das ist eine ganz andere Herausforderung: Die S-Bahn tauscht der Städter gegen den Dorfbus ein.",4216800,2019.0,"[[122, 133, 'HasGroup']]"
Er hatte sich für den Einbau der Sonderlösung für die Banken in TLS1.3 stark gemacht.,4213242,2019.0,"[[50, 60, 'HasGroup']]"
"Dazu gehöre auch, dass die Firmen ihre Mitarbeiter beim technologischen Wandel bestmöglich unterstützen.",4239382,2019.0,"[[23, 33, 'HasGroup'], [34, 50, 'HasGroup']]"
"So durchschlagend war der Erfolg der Designerin, so klar, mutig und freudig ihre Markensprache, dass sie bald auch die Kontinentaleuropäerinnen, dann Amerikanerinnen und Asiatinnen süchtig machte nach diesem Look der Leichtigkeit.",4209937,2019.0,"[[115, 143, 'HasGroup'], [150, 165, 'HasGroup'], [170, 180, 'HasGroup']]"
"Das klang angemessen demütig, aber auch zu brav, schließlich ist die eloquente Österreicherin wegen ihrer glamourösen Präsenz und ihrer krachigen Zitate eine Bank für Talkshows und Interviews, in denen sie sich für gesundes Essen stark macht und mit raubeinigem Charme gegen die Auswüchse industrieller Landwirtschaft und seelenloser Automatenküchen wettert.---  Der Politik ist Wiener damit schon länger näher als die Titel ,,Fernsehköchin' oder ,,Promigastronomin' vermuten lassen.",4238552,2019.0,"[[289, 317, 'HasGroup']]"
"Die SPD, findet sie, sei eine ,,super Partei' - nur brauche sie Zeit und Veränderungen, um sich als solche wieder bei den Leuten empfehlen zu können.",4184484,2019.0,"[[0, 7, 'HasGroup'], [38, 44, 'HasGroup']]"
"Man sieht ihn auf dem Roten Platz, als wäre er Tourist.",4212463,2019.0,"[[47, 54, 'HasGroup']]"
"Sie war nach der Datenauswertung speziell auf ,,Persuadables' gerichtet, auf die noch Wankelmütigen.",4196628,2019.0,"[[77, 99, 'HasGroup']]"
"Und noch eine, vielleicht die wichtigste Information für die Nachmieter: Wenn er sich auf dem Rücken liegend rekelt, bedeutet das, um Himmelswillen, nicht, dass er am Bauch gestreichelt werden will.",4239356,2019.0,"[[57, 71, 'HasGroup']]"
Unter seinen Klienten sind junge Manager und pensionierte Professoren.,4302657,2020.0,"[[5, 21, 'HasGroup'], [27, 40, 'HasGroup'], [45, 69, 'HasGroup']]"
Die ökonomische Krise in Griechenland ist in der deutschen Öffentlichkeit weitgehend in Vergessenheit geraten.,4307702,2020.0,"[[45, 73, 'HasGroup']]"
Im Juni 2016 soll der deutsche Combat-18-Ableger einen Teil seiner Mitgliedsbeiträge ins EU-Ausland transferiert haben.---Bereits 2000 wurden bei Razzien in mehreren deutschen Bundesländern bei mutmaßlichen Mitgliedern von Blood & Honour Kriegswaffen beschlagnahmt.,4326883,2020.0,"[[194, 238, 'HasGroup']]"
"---Es gibt diesen internationalen Jetset, der sich nun plötzlich kennt: reiche Russen, reiche Araber, reiche Asiaten, reiche Europäer, reiche Amerikaner.",4292519,2020.0,"[[11, 40, 'HasGroup'], [72, 85, 'HasGroup'], [87, 100, 'HasGroup'], [102, 116, 'HasGroup'], [118, 133, 'HasGroup'], [135, 152, 'HasGroup']]"
"Dass dies für Sars-CoV-2 gilt, dazu hatten Forscher in den vergangenen Wochen immer mehr Daten präsentiert.",4331459,2020.0,"[[43, 51, 'HasGroup']]"
"So kritisierte auch die Arbeitsgemeinschaft Bayerischer Lehrerverbände (ABL) vergangene Woche, der Zugang zu Lerninhalten sei ,,ungleich verteilt' gewesen.",4354846,2020.0,"[[20, 76, 'HasGroup']]"
Seine eigene Fraktion und auch der Koalitionspartner sehen das freilich anders.,4275058,2020.0,"[[0, 21, 'HasGroup'], [31, 52, 'HasGroup']]"
"Die sogenannte fünfte Generation Internet - kurz 5 G - bietet Anlass zu einem Generationenkonflikt von fünf Männern, Frauen saßen lediglich im Publikum.",4389866,2020.0,"[[78, 90, 'HasGroup'], [117, 123, 'HasGroup']]"
"Sobald man sich fragt, wo wohl die Bewohner des Hauses bleiben, die Besitzer des Diebesguts, wird der rote Schriftzug am Rand des Bildes interessant: ,,In einer argentinischen Provinz 1975' steht dort - will heißen, ein Jahr vor dem Militärputsch, der das Land bis 1983 unter das Diktat einer Militärjunta stellte.",4288347,2020.0,"[[31, 54, 'HasGroup'], [64, 91, 'HasGroup']]"
Dennoch: Ähnlich wie in München näherte sich der Inzidenzwert in dieser Woche 30 Fällen pro 100 000 Einwohnern an - zunächst angefacht durch Reiserückkehrer aus Südosteuropa.,4377876,2020.0,"[[78, 110, 'HasGroup'], [141, 173, 'HasGroup']]"
Sie lassen sich dann nur Computerexperten aus bestimmten Ländern vermitteln.,4275900,2020.0,"[[25, 64, 'HasGroup']]"
",,Aber alle Beteiligten haben die Scheu vor dem Medium verloren', sagt Schulvorstand Beisse und führt das darauf zurück, dass ,,wir keine Hürden aufgebaut haben'.",4377260,2020.0,"[[7, 23, 'HasGroup']]"
"Das mag gegen Clinton besser funktioniert haben, die auch bei vielen Demokraten unbeliebt war.",4311849,2020.0,"[[62, 79, 'HasGroup']]"
"Es gab manche im Umfeld der Parteiführung, die auf eine Absage des Parteitags spekuliert hatten.",4295259,2020.0,"[[24, 41, 'HasGroup']]"
"Es ist ein Desaster für den Wirtschaftsstandort, für die Finanzaufsicht und die Wirtschaftsprüfer, die Wirecards Bilanzen unterschrieben haben.---  Wurde monatelang unbemerkt von Rechnungswesen, Controlling und Konzernanwälten, versteckt vor Vorständen und Aufsichtsräten, ein Betrag zur Seite geschafft, der dem gesamten Nettogewinn von 2012 bis 2019 entspricht?",4309251,2020.0,"[[76, 142, 'HasGroup'], [211, 226, 'HasGroup'], [242, 252, 'HasGroup'], [257, 271, 'HasGroup']]"
"Dass die jetzigen Zusagen an die Banken halten, ist  angesichts vieler früherer Willkürentscheidungen zudem keineswegs gesagt.",2550863,2015.0,"[[29, 39, 'HasGroup']]"
"Ursprünglich wollte München das auch einmal schaffen, doch unterwegs verloren die Bayern den Mut und kippten die Bewerbung bei einer Bürgerbefragung.",2567171,2015.0,"[[78, 88, 'HasGroup'], [133, 139, 'HasGroup']]"
"Die  von Russland unterstützten Separatisten gaben bekannt, die strategisch wichtige Stadt Debalzewe ""zu achtzig Prozent"" eingenommen zu haben.",2533128,2015.0,"[[0, 44, 'HasGroup']]"
"Die dortigen Universitäten, Literaturhäuser und Buchhandlungen  veranstalten die Lesungen.",2570615,2015.0,"[[48, 62, 'HasGroup']]"
"Tausende Tunesier haben sich dem ""Islamischen Staat"" in Syrien und im Irak angeschlossen.",2569979,2015.0,"[[0, 17, 'HasGroup'], [29, 52, 'HasGroup']]"
"Die Reiseveranstalter sichern zudem zu, ihren Kunden bei Problemen zu helfen - das kann bis zur Organisation vorzeitiger Rückreisen gehen.",2573426,2015.0,"[[0, 21, 'HasGroup'], [40, 52, 'HasGroup']]"
"Viel sicherer ist in seinen Augen das Chip-Tan-Verfahren, bei dem der  Kunde über ein eigenes Gerät in Verbindung mit seiner EC-Karte für jede Online-Transaktion eine eigene Tan-Nummer generiert.",2538872,2015.0,"[[66, 76, 'HasGroup']]"
"Soll sie ein bedeutungsloser Debattierclub  bleiben, zu dem die Vertreter aller 35 Länder des amerikanischen Kontinents periodisch zum ""Meinungsaustausch"" in Gremien und auf Gipfeln zusammenkommen?",2563181,2015.0,"[[60, 119, 'HasGroup']]"
"---Sowohl in Deutschland als auch in Österreich gilt politisch der OECD-Wille, die Abiturienten- und Maturantenzahlen nach oben zu treiben.",2306037,2016.0,"[[83, 95, 'HasGroup'], [101, 111, 'HasGroup']]"
Beides soll angeblich dem Schüler den Zugang zur  Mathematik erleichtern und den Unterricht vom langweiligen und wenig lehrreichen Abspulen von Rechenrezepten befreien.,2306037,2016.0,"[[22, 33, 'HasGroup']]"
Ganz offen wurde heuer der Maturant mit Fragen zur österreichischen Einkommensteuer konfrontiert als  Verpackung für banale Prozentrechnung.,2306037,2016.0,"[[23, 35, 'HasGroup']]"
"Das Mathematikabitur 2016 in Niedersachsen, das nun nach massiven Beschwerden weniger streng bewertet wird, muss für viele Betroffene, schwache wie starke Schüler, das Grauen gewesen sein.",2306037,2016.0,"[[118, 163, 'HasGroup']]"
Er hat seine 18 Profikämpfe allesamt durch K. o. gewonnen.,2307038,2016.0,"[[16, 21, 'HasGroup']]"
"Und die verhindert, dass  sich ein handverlesener Kreis von ""Experten"" ins stille Kämmerlein einschließt und seine ganz eigenen Vorstellungen davon entwickelt, welche mathematischen ""Kompetenzen"" ein Studienanfänger wohl  gerade gebrauchen könnte.",2306037,2016.0,"[[60, 70, 'HasGroup'], [196, 215, 'HasGroup']]"
---Investoren stellt sich vor allem die Frage nach dem richtigen Standort.,2299592,2016.0,"[[3, 13, 'HasGroup']]"
Stipendiaten der Jürgen Ponto-Stiftung (8.,2381550,2017.0,"[[0, 38, 'HasGroup']]"
"Übertrieben wirken die Sorgen, die ein  italienischer Arzt in seinem Buch zur Erhaltung der Gesundheit auf Reisen formulierte: Wer all seine Empfehlungen ""für Erholung, Schlaf und geruhsames Speisen einhielt, dem blieb kaum Zeit zum  (gemächlichen!)",2386618,2017.0,"[[127, 207, 'HasGroup']]"
"Lopez wurde, wie  viele reiche Philippinos, von den Eltern auf ein Internat nach Amerika geschickt, ließ sich später in Indien zur Yogalehrerin ausbilden, beschäftigte sich mit Spiritualität und unterrichtete  Kinder in den Armenvierteln der Städte Afrikas.",2387235,2017.0,"[[18, 42, 'HasGroup'], [210, 216, 'HasGroup']]"
"Auch viele Versicherungen fragten zunehmend bei ihm an, erzählt Sittek, ebenso wie andere Unternehmen, deren  Geschäft sich immer stärker im Internet abspielt.",2387115,2017.0,"[[5, 25, 'HasGroup'], [83, 158, 'HasGroup']]"
"Die große Koalition zeigt sich nun aber zuversichtlich, dass sich daran bald etwas ändert:  Kurz vor Ende der Legislaturperiode haben sich CDU, CSU und SPD doch noch über ihre Pläne für einen Ausbau der betrieblichen Altersversorgung verständigt, mit denen künftig auch die neue  Spielart einer Zielrente ohne feste Leistungsgarantie möglich werden soll.",2364451,2017.0,"[[139, 142, 'HasGroup'], [144, 147, 'HasGroup'], [152, 155, 'HasGroup']]"
"Die SÖP versucht das auch damit zu erklären, dass die Schlichtung zwischen Passagieren und Gesellschaften bekannter werde.",2352242,2017.0,"[[75, 86, 'HasGroup'], [91, 105, 'HasGroup']]"
"An der jüngsten Reglementanpassung haben die Skirennfahrer allerdings kaum etwas auszusetzen, wenngleich noch nicht  ganz feststeht, ob sie tatsächlich die Sicherheit erhöht.",2370987,2017.0,"[[41, 58, 'HasGroup']]"
"Das  liegt erstens daran, dass viel zu viele Parteien mitmischen, die auch anderswo politisch und/oder militärisch aktiv sind.",2382776,2017.0,"[[31, 53, 'HasGroup']]"
"Das  Ergebnis in Deutschland ist dennoch das gewichtigste, weil in keinem Land außerhalb der Türkei so viele türkische Staatsbürger leben.",2349544,2017.0,"[[100, 131, 'HasGroup']]"
"Zu Beginn des Jahrtausends machten es sich die Rechtsextremen mehr oder weniger ungestört bequem, die Szene wuchs.",2376435,2017.0,"[[43, 61, 'HasGroup'], [98, 107, 'HasGroup']]"
"Frankreich will osteuropäische Billigarbeiter fernhalten, trifft mit einer schikanösen Bürokratie jedoch auch die Grenzregion in Deutschland.",2404508,2018.0,"[[17, 46, 'HasGroup']]"
"---""Japan fühlt sich unwohl mit der Idee von hochbezahlten Wirtschaftsführern"", sagt Nicholas Smith, ein Analyst von CLSA Securities in Tokio.",2432294,2018.0,"[[45, 77, 'HasGroup']]"
"In dieser Ausschreibung werden Vertreter der  Weltraumindustrie aufgerufen, bis zum 15.",2413886,2018.0,"[[31, 63, 'HasGroup']]"
"---Ein Jahr nach der Bundestagswahl beteuern die Koalitionsparteien, sich künftig weniger mit sich selbst, sondern mehr mit der ""Sacharbeit"" beschäftigen zu wollen.",2444445,2018.0,"[[45, 67, 'HasGroup']]"
"Als der neugewählte Präsident Chirac mit seinem Premierminister Alain Juppé 1995 markante Wirtschaftsreformen einleitete, erhob sich die gleiche Protestbewegung mit Straßenblockaden, Lähmung der Wirtschaft, Geiselhaft für die Bevölkerung.",2443488,2018.0,"[[133, 160, 'HasGroup']]"
"Diese Schlachten besiegelten jedoch das Schicksal des Kaisers, das in Frankreich ein Teil der Bevölkerung nicht wahrhaben will: Napoleon I.  hat den Eroberungskrieg, der von Frankreich angezettelt worden ist, verloren.",2442679,2018.0,"[[81, 105, 'HasGroup']]"
"Dojo, die Agentur von Dominic Czaja und Joachim Bosse, hat es damit zu einiger Berühmtheit geschafft, etwa mit Werbeslogans wie ""Inländer raus"" für Easyjet oder mit ihrem Label Muschi Kreuzberg.---Als Mustafa's zum ersten Mal bei Trip Advisor auftauchte, gab es also schon einen Kino-Werbespot für seine Bude.",2408962,2018.0,"[[129, 137, 'HasGroup']]"
Die hitzigen Debatten über geplante Enteignungen weißer Farmer in Südafrika und Namibia erhalten größere Aufmerksamkeit.,2421971,2018.0,"[[49, 62, 'HasGroup']]"
"Viele Jahre hat Clever sich da bereits mit der Frage befasst, wie man das Internet, diese  alles umwälzende Technik, für die ambulante Versorgung der Patienten im Südwesten nutzen kann.",2416550,2018.0,"[[146, 159, 'HasGroup']]"
"Das klingt, als seien die nicht subventionierten regulären Arbeitsplätze von mehr als 45 Millionen Erwerbstätigen nicht sozial.---Dass mit dem hohen und überproportional steigenden Aufwand für die soziale Sicherung sowie den messbaren Erfolgen der Umverteilung eine entsprechende Wertschätzung einherginge, zeigt sich in Umfragen nicht.",2426079,2018.0,"[[77, 113, 'HasGroup']]"
"Die meisten Posten sind stattdessen mit Chinesen besetzt, die weniger kosten.",2439828,2018.0,"[[40, 48, 'HasGroup']]"
"Es koste Fluggesellschaften mehr Geld, weil der  Kerosinverbrauch steige.",2431604,2018.0,"[[9, 27, 'HasGroup']]"
"Anfang September hat die Brexit-Arbeitsgruppe im EU-Ministerrat, der Vertretung der Mitgliedstaaten, nach Informationen dieser  Zeitung erstmals eine ganze Sitzung ausschließlich diesem Thema gewidmet.",2439629,2018.0,"[[21, 63, 'HasGroup']]"
"Rebellengruppen bezeichneten die Anschuldigungen als ""Lüge"".",2417355,2018.0,"[[0, 15, 'HasGroup']]"
Kritiker fürchten um die Unabhängigkeit der Wettbewerbskontrolle.,2510425,2019.0,"[[0, 8, 'HasGroup']]"
In vielen Fällen hingen diese Geistlichen auch am Gängelband der Staatssicherheit.,2506982,2019.0,"[[24, 41, 'HasGroup']]"
"Der Regierung gelang es am Ende, das Gerät ohne Apple zu knacken.---Die Ende-zu-Ende-Verschlüsselung, wie sie Facebook heute bei Whatsapp anbietet, sorgt dafür, dass nur der Absender und der Empfänger Nachrichten lesen können, nicht einmal das Unternehmen selbst.",2519412,2019.0,"[[170, 182, 'HasGroup'], [187, 200, 'HasGroup']]"
"Populisten dagegen beanspruchen, die Interessen des Volkes zu vertreten.",2509738,2019.0,"[[0, 10, 'HasGroup']]"
"Im alten Sport-Palast mitten im Zentrum der Stadt sahen so beispielsweise 1000 begeisterte Zuschauer die Ausscheidungen im Sambo, einer im Westen nahezu unbekannten russisch-sowjetischen Kampfsportart.",2494924,2019.0,"[[74, 100, 'HasGroup']]"
"Ihr Einfluss zeigte sich besonders bei der Revolution in Nicaragua 1979, die weltweit auf Interesse stieß.---Derzeit richten wir unsere Aufmerksamkeit auf Flüchtlinge, die über das Mittelmeer nach Europa kommen.",2528165,2019.0,"[[155, 210, 'HasGroup']]"
Die neue Regelung - seit der laufenden Saison können Schiedsrichter auch Trainern Gelbe und Rote Karten zeigen - ist für Dutt ein Unding.,2505890,2019.0,"[[53, 67, 'HasGroup'], [73, 81, 'HasGroup']]"
"Grünen-Politiker Kai Gehring sagte, die ""mutlose Novelle"" reiche nicht aus.",2499857,2019.0,"[[0, 6, 'HasGroup']]"
"Indem er aber vor allem das Spannungsfeld ausleuchtete, in dem sich Politik, menschliches Handeln überhaupt, immer vollzieht:---Verantwortungsethiker schauen auf die Folgen ihres Handelns.",2498428,2019.0,"[[128, 149, 'HasGroup']]"
"Der Euro Stoxx 50, der die Kursentwicklung 50 wichtiger Unternehmen der Eurozone abbildet, notierte 0,3 Prozent im Minus auf 3438 Punkten.",2493052,2019.0,"[[43, 80, 'HasGroup']]"
"Und niemand garantiert den Landwirten, dass die neuesten Regelungen, in die sie sich gerade einarbeiten müssen, im übernächsten Jahr nicht noch einmal überarbeitet werden.",2469714,2020.0,"[[23, 37, 'HasGroup']]"
"Daher ist für die gesamte Branche das Wichtigste, dass der Neustart der Kinos abgestimmt erfolgt.",2424700,2020.0,"[[14, 33, 'HasGroup'], [68, 77, 'HasGroup']]"
"""Ich hoffe, dass die Vermieter von Ferienwohnungen das Pfingstgeschäft Ende Mai schon mitnehmen können"", sagt Willingmann.---Es ist nicht so, dass Michael Raffelt vom Hotelverband Usedom das Verständnis für all die Schutzmaßnahmen fehlt.",2456994,2020.0,"[[17, 50, 'HasGroup'], [163, 186, 'HasGroup']]"
Beantwortet wird sie nicht.---Lieber geht Wolff hart mit der ökologischen Verantwortung der Silicon-Valley-Welt ins Gericht.,2445036,2020.0,"[[88, 111, 'HasGroup']]"
"Autofahrer müssen sich 2021 auf höhere Kraftstoffpreise einstellen, Haushalte auf steigende Heizkosten, Unternehmen auf wachsende Aufwendungen für Prozesswärme.",2405169,2020.0,"[[0, 10, 'HasGroup'], [68, 77, 'HasGroup'], [104, 115, 'HasGroup']]"
"Vor einem halben Jahrhundert habe die Luft geflimmert von Tausenden von Schwebfliegen (Syrphidae), dieses Phänomen lasse sich heute nicht mehr beobachten.---Minutenzählungen der Insekten machten die Forscher zwischen 1970 und 1974 sowie zwischen 2014 und 2019.",2421167,2020.0,"[[195, 207, 'HasGroup']]"
"Angaben dazu, wie viele Männer von solchen Verfahren und anderen dienstlichen Maßnahmen betroffen waren, konnte das Ministerium am Sonntag auf Nachfrage zunächst nicht machen.",2420594,2020.0,"[[18, 30, 'HasGroup']]"
---Trotz der Förderung droht der Stahlindustrie eine Kostenlawine.,2467688,2020.0,"[[29, 47, 'HasGroup']]"
"Wegen ihrer einfühlsamen Darstellung von Andersartigkeit und Individualität sind J. K. Rowlings Harry-Potter-Romane als Werke empfohlen worden, die Kindern beibringen können, Diskriminierung entgegenzuwirken.",2450140,2020.0,"[[148, 155, 'HasGroup']]"
Seine Jusos zogen mit.,2476524,2020.0,"[[0, 11, 'HasGroup']]"
"Zwei Jahre später erfuhren das die Zeitungsleser in den Vereinigten Staaten aus erster Hand beziehungsweise aus erstem Mund - dem von Lenin, der einem amerikanischen Journalisten sein Konzept einer Revolution zum Mitschreiben durch den Klassenfeind in die Feder diktierte.",2450742,2020.0,"[[31, 75, 'HasGroup']]"
Von Christian Kamp---Unter die Schnäppchenjäger sind die Bayern gewiss nicht gegangen.,2406889,2020.0,"[[27, 47, 'HasGroup'], [53, 63, 'HasGroup']]"
"Der betroffene Betrieb in der 3340 Einwohner zählenden Gemeinde Mamming im Landkreis Dingolfing-Landau wurde vom Kreis unter Quarantäne gestellt, keiner der 480 Mitarbeiter darf derzeit das mit einem Bauzaun eingehegte und von Sicherheitsleuten bewachte Gelände verlassen.",2478578,2020.0,"[[30, 44, 'HasGroup'], [153, 172, 'HasGroup'], [227, 244, 'HasGroup']]"
---Die Kommission mahnt zudem zu Fortschritten bei der Umverteilung der Flüchtlinge aus Italien und Griechenland in andere Mitgliedstaaten.,2311050,2021.0,"[[68, 83, 'HasGroup']]"
"Allerdings ist die Zahl der Rückkehrer, insgesamt gesehen, sehr gering.",2304550,2021.0,"[[24, 38, 'HasGroup']]"
"Schießen oder legen - Dass Franzosen leicht erregbar sind, kann man gerade wieder beobachten.",2304235,2021.0,"[[28, 37, 'HasGroup']]"
"Nach  deutschen Brauereien gegriffen haben inzwischen auch Heineken aus Holland (Kulmbacher, Paulaner mit je knapp 50 Prozent) oder der dänische Carlsberg-Konzern (Holsten, Hannen Alt, Astra).",2332158,2021.0,"[[6, 26, 'HasGroup']]"
---MARIETTA PIEKENBROCK: Wir haben uns zu Beginn in den Gesprächen mit den Künstlern die Frage gestellt: Gibt es in zwanzig Jahren überhaupt noch diese Art der Spartenhäuser?,2334121,2021.0,"[[71, 84, 'HasGroup']]"
"Die Hersteller, unter ihnen mit ITC India eine Beteiligung von  British American Tobacco und Godfrey Phillips India, Partner von Philip Morris, unterbrachen die Fertigung mit der Begründung, die Regeln seien nicht eindeutig.",2299033,2021.0,"[[0, 14, 'HasGroup']]"
"- hatte  Fujifilm eine simple Art, dem Benutzer einer Digitalkamera dieser Marke zu zeigen, wie er Akku und Speicherkarte einzulegen habe.",2312108,2021.0,"[[35, 80, 'HasGroup']]"
"Noch gut in Erinnerung sind die Streitereien, die der Fraktionsvorsitzende, der Unternehmer Michael Roolf, und der  Parteivorsitzende, der damalige Bundestagsabgeordnete Christian Ahrens, der inzwischen Vizepräsident des Bundesrechnungshofes ist, miteinander austrugen, gern auf offener Bühne bei Parteitagen.",2333785,2021.0,"[[116, 122, 'HasGroup']]"
"Kontrolleure durchkämmen die betroffenen Stadtviertel auf der Suche nach Brutstätten, etwa auf Baustellen.",2327722,2021.0,"[[0, 12, 'HasGroup']]"
Für den Zinskupon von 2 Prozent bei einer Laufzeit von fünf Jahren können sich auch private Anleger erwärmen.,2312279,2021.0,"[[84, 99, 'HasGroup']]"
Zum einen hat die Zahl der  Aussteller deutlich abgenommen: 2016 zählt die Messegesellschaft am Main 200 Unternehmen weniger in ihren Messehallen als 2015.,2325283,2021.0,"[[23, 38, 'HasGroup'], [101, 116, 'HasGroup']]"
---Das Konsulat in Mazar-i-Sharif stellt das sichtbarste Zeichen der deutschen zivilen Präsenz im Norden Afghanistans dar.,2299803,2021.0,"[[65, 117, 'HasGroup']]"
"Allerdings müssen Sparer heute dafür ihr Geld oft  von einer Bank zur nächsten bringen, weil viele Banken halbwegs erträgliche Zinsen wenn überhaupt nur für Neukunden anbieten.",2310131,2021.0,"[[18, 24, 'HasGroup'], [55, 65, 'HasGroup'], [66, 78, 'HasGroup'], [93, 105, 'HasGroup'], [157, 166, 'HasGroup']]"
Mit Moral begründen auch Venezuelas Despoten den Eingriff in die Märkte.,2314558,2021.0,"[[25, 44, 'HasGroup']]"
"Energie-, Raum- und Personalkosten zwingen zur Modernisierung von Großküchen.",2314081,2021.0,"[[20, 28, 'HasGroup']]"
"In rund einem Drittel aller sächsischen Betriebe waren Ende 2014, also vor Einführung des Mindestlohns, Menschen beschäftigt, die weniger als 8,50 Euro brutto  je Stunde verdienten.",2324249,2021.0,"[[22, 48, 'HasGroup'], [126, 180, 'HasGroup']]"
"Wer je im Novembernebel durch Prag ging, kann sich vorstellen, wie die Spuk-Vision weiterlebte.",2291145,2021.0,"[[0, 39, 'HasGroup']]"
Nach dem Roboterhersteller Kuka weckt nun der nächste deutsche Maschinenbauer das Interesse von Investoren aus China.,2315151,2021.0,"[[96, 116, 'HasGroup']]"
"Beide untersuchen den Konsum sogenannter Baobab-Früchte, auch Affenbrotbaumfrucht genannt, von Kindern.",2412134,2018.0,"[[95, 102, 'HasGroup']]"
"""Ich sehe nicht, dass das  Finanz-Biotop London in naher Zukunft irgendwo in Europa nachgebildet werden könnte"", sagte Jonathan Cunliffe, einer der Stellvertretenden Gouverneure der Notenbank, im britischen Parlament.",2328835,2021.0,"[[144, 191, 'HasGroup']]"
"Im Jahr 1805 in Genf gegründet, verwaltet die Gruppe für überwiegend sehr reiche Kunden ein Vermögen von rund 500 Milliarden Franken.",2509099,2019.0,"[[57, 87, 'HasGroup']]"
"Dort findet  sich im Abschnitt über die geplante strengere Regulierung der Zeitarbeit auch das Stichwort ""Kein Einsatz von Leiharbeitnehmerinnen und Leiharbeitnehmern als Streikbrecher"".",2554442,2015.0,"[[123, 144, 'HasGroup'], [149, 166, 'HasGroup']]"
"Doch die CDU hat bereits mehr oeffentliche Gelder gefordert, die von den Zuschuessen fuer das Aktionsbuendnis abgezweigt werden sollen.",7098396,2000.0,"[[5, 12, 'HasGroup']]"
Die Richter in Berlin glaubten ihm.,7099605,2000.0,"[[0, 21, 'HasGroup']]"
"Typisch links eben.--- Wie immer, wenn ""Bild"" und Co. fuer eine scheinbar gerechte Sache trommeln, schlaegt die Stunde der Opposition.",7099790,2000.0,"[[39, 53, 'HasGroup'], [119, 133, 'HasGroup']]"
"Juli 1956 seien die einzusetzenden Einheiten auf ""volle Gefechtsstaerke"" zu bringen.",7101728,2000.0,"[[16, 44, 'HasGroup']]"
"Im Gegenteil: Den äußerst mobilen Terroristen gelang es immer wieder, im dichten Dschungel unterzutauchen.",7093382,2001.0,"[[14, 45, 'HasGroup']]"
Nicht dass die Feuerwehrleute keine gehabt hätten.,7093395,2001.0,"[[11, 29, 'HasGroup']]"
Die Macher in Salzburg haben so viel Ärger untereinander.,7092709,2001.0,"[[0, 22, 'HasGroup']]"
"Wir bauen das beste Auto, wer will uns was?--- 6500 Entwickler sollen die Modelle von Mercedes staendig neu erfinden.",7095489,2001.0,"[[47, 62, 'HasGroup']]"
"Der Verband gilt als ""Black Box"", die Kaserne in Calw im Schwarzwald ist mit Doppelzaun und Stacheldraht gesichert.---Die rund 250 Männer, die zwischen 25 und 40 Jahre alt sind und aus allen Teilstreitkräften stammen, eint der Glaube, dass sie die besten Soldaten Deutschlands sind: ""Solche Leute wie hier triffst du sonst nirgendwo"", sagt Hauptfeldwebel Fritz, 33, Fallschirmjäger aus Bayreuth.---Dazu verfügt das KSK über modernstes Fernmelde- und Navigationsgerät, auch über teuerste Waffensysteme, etwa das Scharfschützengewehr G 22, das pro Stück rund 13 000 Dollar kostet.---In zahlreichen Manövern haben die Soldaten gelernt, flexibel auf unvorhergesehene Situationen zu reagieren.",7092082,2001.0,"[[118, 137, 'HasGroup'], [244, 276, 'HasGroup'], [284, 305, 'HasGroup'], [611, 623, 'HasGroup']]"
"Ein Offizier der ""Arbeitsgruppe Ausländer"" (AG A) notierte: ""Durch PLO, für die er am bewaffneten Kampf teilnahm, zum Pharmaziestudium in die DDR delegiert.""",7087762,2002.0,"[[13, 49, 'HasGroup']]"
"Nun wurde er zu einer universalen Macht.---Fast alle Bibelkundler hegen den Verdacht, dass das 5.",7086653,2002.0,"[[43, 65, 'HasGroup']]"
"In der Ausstellung wird daher jeder einzelne Cent in Szene gesetzt und darauf spekuliert, dass sich die neuen Shopping-Asketen rückbesinnen auf Jahre, in denen Titel wie Yuppie und Fashion Victim als Auszeichnung galten.",7087743,2002.0,"[[100, 126, 'HasGroup']]"
"""Wenn sie als Säuglinge am liebsten mit den Händen spielen, überhäufen wir sie schon mit allem möglichen Spielzeug.""",7083262,2003.0,"[[14, 23, 'HasGroup']]"
Die Verwandten haben eine zweite Obduktion beantragt.---Die BFIG hatte sich im Benzingeschäft breit gemacht und war dabei unter anderem dem lokalen Branchenführer PTK ins Visier geraten.,7084890,2003.0,"[[148, 156, 'HasGroup']]"
Welche Schlussfolgerung können die Russen aus dieser Affäre ziehen?,7148058,2003.0,"[[31, 41, 'HasGroup']]"
"---Man habe bei den Kindern eine große Angst verbreitet, die ""ihre Seele und ihren kleinen Körper und ihr junges Leben"" beherrschte.",7085005,2003.0,"[[16, 27, 'HasGroup']]"
"Ein Hoch namens ""Michaela"" bescherte den Deutschen den Supersommer - und die meisten genossen ihn: im Freibad, im Biergarten oder am Ostseestrand; statt nach Teneriffa, Antalya oder Mallorca zog es viele Urlauber diesmal in nördliche Gefilde.",7082512,2003.0,"[[37, 50, 'HasGroup'], [198, 212, 'HasGroup']]"
"Ihr gehören Türken, Pakistaner, Iraker und Bürger arabischer Nationen an.",7149940,2003.0,"[[12, 18, 'HasGroup'], [20, 30, 'HasGroup'], [32, 38, 'HasGroup'], [43, 69, 'HasGroup']]"
"Ich würde mir wünschen, dass sich noch viel mehr Menschen Wohneigentum leisten könnten, deshalb fördern wir das - mit Hilfe der Eigenheimzulage.---SPIEGEL: In Nordrhein-Westfalen wird man genauso pathetisch die Steinkohle-Förderung verteidigen.",7084296,2003.0,"[[39, 57, 'HasGroup']]"
"Seit 1998 regelt das DNA-Identitätsfeststellungsgesetz, dass die Polizei die genetischen Daten von einschlägig Verurteilten und Verdächtigen erfassen und an das BKA melden darf, und zwar auch rückwirkend.",7078650,2004.0,"[[99, 123, 'HasGroup'], [128, 140, 'HasGroup']]"
"Und mittendrin Neverland, das Nimmerland, das Kinderparadies von Peter Pan, die Kathedrale dieser Träume, ein privates Disneyland, die Ranch von Michael Jackson, dem größten aller amerikanischen Träumer, der nicht Mann sein will, nicht Frau, nicht schwarz, nicht weiß, ein selbsterschaffener Märchenheld, der den Kindern dieser Welt erklärt, dass es keinen Grund gibt, nicht für ewig Kind zu sein.---Seit zwei Monaten geht es in Santa Maria darum, was aus den großen Träumen dieses Landes geworden ist, um Geld, Ruhm, Sex, um Amerikas Obsessionen.",7077154,2005.0,"[[46, 52, 'HasGroup'], [174, 202, 'HasGroup'], [309, 332, 'HasGroup']]"
"Wenn die Angriffe auf Deeyah nur ein Reklametrick gewesen wären, ""dann hätte sie nicht ihre Wohnung wechseln und Bodyguards anstellen müssen"".",7144624,2005.0,"[[113, 123, 'HasGroup']]"
"Sergej Jastrschembski, Bevollmächtigter des russischen Präsidenten Wladimir Putin für die Beziehungen zur EU, wirft den Europäern jetzt vor, sie griffen zu ""Methoden aus dem Arsenal des Kalten Krieges"".",7075216,2005.0,"[[116, 129, 'HasGroup']]"
"PISA-Chef Günter Haider sieht noch ein Problem: ""Österreichs Kinder sind leider nicht gerade Weltmeister im Lesen.""",7140230,2006.0,"[[49, 67, 'HasGroup']]"
"Der Staat hat eine Fürsorgepflicht gegenüber seinen Bürgern, die ergibt sich aus dem Grundgesetz und gilt völlig unabhängig davon, wie fahrlässig sich jemand in Gefahr begibt.",7073209,2006.0,"[[45, 59, 'HasGroup']]"
"Die Fernsehübertragung aller Spiele ist nicht gesichert, und von den 13 Unternehmen, die der Handballweltverband (IHF) seit Monaten als offizielle Sponsoren verpflichtet haben will, hat neben drei langjährigen Partnern bislang nur die Lufthansa einen Vertrag unterzeichnet.---Schon die Gruppenauslosung im Juli in Berlin, bei den Fußballern eine global inszenierte Zeremonie, geriet zur Posse.",7070653,2006.0,"[[65, 180, 'HasGroup'], [326, 340, 'HasGroup']]"
"Mit dem Holocaust-Leugnen hält es der höfliche Angelsachse wie seine Landsleute mit dem Rugby: ein Sport für Hooligans, der von Gentlemen gespielt wird.---Der selbstbewusste Autodidakt hat den Wirbel immer genossen, den er seit den sechziger Jahren mit Dokumentenfunden aus dem Umkreis Hitlers auch in der etablierten Geschichtswissenschaft verursachte.",7074120,2006.0,"[[63, 79, 'HasGroup'], [109, 118, 'HasGroup'], [128, 137, 'HasGroup'], [274, 293, 'HasGroup']]"
Der Fußballverband und die Ausrichterstätten streiten sich über die Hoheit über die Flächen rund um die Stadien und über Parallelveranstaltungen mit Großbildleinwänden.,7074232,2006.0,"[[0, 18, 'HasGroup']]"
"Die Kinder des Hasses wissen ja, womit sie Papa glücklich machen können.---Diese Metamorphose der Qaida macht sie zur ersten globalen terroristischen Organisation.",7071830,2006.0,"[[0, 21, 'HasGroup'], [94, 103, 'HasGroup']]"
"Wer Peking besucht, muss erkennen, dass solche Träume längst überholt sind.",7074273,2006.0,"[[0, 18, 'HasGroup']]"
"Die Parlamentarischen Geschäftsführer der Koalitionsfraktionen,",7066703,2007.0,"[[0, 62, 'HasGroup']]"
Für ihre Studie untersuchte Rhee 872 Kinder zwischen viereinhalb und sieben Jahren.,7139477,2007.0,"[[33, 82, 'HasGroup']]"
"Weil die öffentlich-rechtlichen Subventionssender den Markt überfluten und die Privaten somit wahlweise in seichte Gewässer oder an den Rand der Rentabilität (N-tv, N24) drängen.",7067830,2007.0,"[[75, 87, 'HasGroup']]"
"Schlöndorff nimmt die Leser mit in seine französischen Lehrjahre, als ihn Regisseure wie Louis Malle und Jean-Pierre Melville mit ihrer Leidenschaft für das Kino infizierten, in die Aufbruchsstimmung des Neuen Deutschen Films in den Sechzigern und in die Ernüchterung nach den Selbstmorden der RAF-Terroristen im Herbst 1977.",7063432,2008.0,"[[18, 27, 'HasGroup'], [74, 125, 'HasGroup'], [290, 309, 'HasGroup']]"
"Im Gefolge geringer Lohnsteigerungen haben viele Beschäftigte ebenfalls Realeinkommenseinbußen hinnehmen müssen.---SPIEGEL: Fürchten Sie, dass die Regierung mit ihrer Entscheidung die Rentenfinanzen in Gefahr bringt?---Rürup: Diese Operation allein gibt zu solchen Befürchtungen noch keinen Anlass.",7065158,2008.0,"[[43, 61, 'HasGroup']]"
"""Haben Sie vielleicht ein Problem mit lesbischen Frauen?",7065198,2008.0,"[[38, 55, 'HasGroup']]"
"Die brisanten Protokolle wurden nun von der israelischen Zeitung ""Haaretz"" veröffentlicht, sie bieten einen erschreckenden Einblick in das Verhalten der Bodentruppen während des Gaza-Kriegs zum Jahreswechsel.",7061120,2009.0,"[[149, 165, 'HasGroup']]"
"Er hat bereits eingeräumt, dass er die Telefondaten von Aufsichtsräten und Journalisten abgleichen ließ.",7059266,2009.0,"[[56, 70, 'HasGroup'], [75, 87, 'HasGroup']]"
"SPIEGEL: Herr Koch, sind Sie eigentlich Opel-Fahrer?---Koch: Ich habe jedenfalls seit langem eine große emotionale Nähe zu dieser Marke.",7061196,2009.0,"[[40, 51, 'HasGroup']]"
"SPIEGEL: Sind alle afghanischen Drogenhändler zugleich Terrorunterstützer, wie es Nato-Oberbefehlshaber General Bantz John Craddock unterstellt?---Spanta: Dass es eine enge Verbindung zwischen der Drogenmafia und dem Terrorismus gibt, ist eine Tatsache.",7061563,2009.0,"[[14, 45, 'HasGroup'], [55, 73, 'HasGroup'], [193, 208, 'HasGroup']]"
"S. 37 Sonst würden sie die Pädagogik kaputtmachen.---SPIEGEL: Wie gerecht ist denn das Urteil des einzelnen Lehrers?---Klieme: Die meisten Lehrer schaffen es recht gut, so etwas wie eine Rangliste aufzustellen: Wer ist der Beste, wer ist der Nächstbeste?",7059506,2009.0,"[[127, 145, 'HasGroup']]"
"Die chinesische Obrigkeit hält ihn an einem unbekannten Ort fest.---Der Gründer von Gome, Chinas größter Kette von Elektronik-Supermärkten, soll angeblich in Korruption und Aktienmanipulationen verwickelt sein und in Hongkong sowie im Spielerparadies Macau illegale Gelder gewaschen haben.---Zwar ist es im ""Sozialismus mit chinesischen Merkmalen"" nicht ungewöhnlich, dass Karrieren neureicher Bosse abrupt enden.",7060280,2009.0,"[[383, 399, 'HasGroup']]"
"Matthias Platzeck hat ihre Nähe gesucht und mit ihr das Projekt ""Versöhnung"" zwischen SPD und Linken gestartet, und wieder ging es während der Koalitionsverhandlungen um ihre Biografie und um die Frage, ob eine, die vor 30 Jahren IM gewesen ist, am Kabinettstisch sitzen darf.---Kerstin Kaiser ist eine von denen, die regieren wollen, unbedingt regieren, anders als viele Westlinke, die unter dieser Haltung Ausverkauf verstehen.",7057394,2010.0,"[[86, 89, 'HasGroup'], [94, 100, 'HasGroup'], [307, 353, 'HasGroup'], [366, 381, 'HasGroup']]"
"Der Grünen-Abgeordnete Helge Limburg hatte sich für den Schluss seiner Plenumsrede in der vorvergangenen Woche ein paar türkische Worte zurechtgelegt, um sich bei der Ministerin für ihren umstrittenen Beitrag zur Kreuz-Debatte zu bedanken: ""Sehr geehrte Frau Özkan, ich gratuliere Ihnen.",7130925,2010.0,"[[4, 10, 'HasGroup']]"
"Die Ermittler gehen davon aus, dass es sich bei der Währung um Euro handelt.",7057052,2010.0,"[[0, 13, 'HasGroup']]"
"), <BR/>Gernot Förster Demonstranten, die sich gegen Zumutungen und Ungerechtigkeiten staatlicher Autoritäten wehren, tun dies also aus Gewohnheit, Egoismus, lediglich um des Protestes willen?",7055658,2010.0,"[[23, 116, 'HasGroup']]"
"""Wir können die Afghanen nicht im Stich lassen, sonst war alles umsonst.""",7055312,2010.0,"[[12, 24, 'HasGroup']]"
"Auf den Bildern sind afghanische Dörfler zu sehen, die nagelneue Entwicklungsprojekte prüfen: Sie finden Schulgebäude mit Türen, die lose in den Angeln hängen, oder stehen fassungslos in Waschräumen, in denen die Toilettenschüsseln vergessen wurden.---""15 Dollar pro Monat bekommen unsere Mitarbeiter in den Provinzen"", sagt Delesgues, ""dazu eine Videokamera und einen Fotoapparat.",7055489,2010.0,"[[21, 40, 'HasGroup']]"
"""Kinder machen nicht glücklich.",7051697,2011.0,"[[1, 7, 'HasGroup']]"
Der stets sanft lächelnde Agent provocateur Panahi hat das Regime in Nöte gebracht.---Für seine Landsleute ist er ein Idol.,7054016,2011.0,"[[90, 106, 'HasGroup']]"
Ich bekomme viele Anfragen von verunsicherten Eltern.,7054003,2011.0,"[[31, 52, 'HasGroup']]"
"Das wird sich als einer der Fehler der Operation ""Plasma Screen"" herausstellen.---Denn weil die meisten der 27 Mitglieder des Kommandos mit der in Dubai relativ seltenen Payoneer-Karte zahlen, werden die Ermittler relativ schnell den Kreis der Verdächtigen einengen können.",7054222,2011.0,"[[92, 135, 'HasGroup'], [200, 213, 'HasGroup'], [240, 256, 'HasGroup']]"
"Tags zuvor hatte der spanische Fußballverband mitgeteilt, dass Mourinho für seine Attacke gegen Barças Co-Trainer 600 Euro Strafe zahlen muss und für zwei Spiele beim nächsten Supercup gesperrt wird.",7051469,2011.0,"[[17, 45, 'HasGroup']]"
"Manchmal schlingt Xin, 29 Jahre alt, den Reis hinunter, nur damit er den Klagen entkommt.---""Wie gelingt es, dass die übrig gebliebenen Jungs und Mädchen nicht länger übrig bleiben?""",7051213,2011.0,"[[114, 153, 'HasGroup']]"
"Hintergrund: Das DGB Bildungswerk beabsichtigt, die Häuser am Starnberger See und in Hamburg-Sasel dichtzumachen.",7053174,2011.0,"[[13, 33, 'HasGroup']]"
"Es arbeiten mehr Menschen lieber in einem Beet, als in einem Theater oder Konzertsaal zu sitzen.",7052821,2011.0,"[[12, 25, 'HasGroup']]"
Der Preis fördert europäische Nachwuchsautoren und ist mit 5000 Euro dotiert.,7050834,2011.0,"[[18, 46, 'HasGroup']]"
Für die Besitzer von Smartphones macht sie die Callcenter der Taxigemeinschaften überflüssig.,7050403,2012.0,"[[4, 32, 'HasGroup'], [58, 80, 'HasGroup']]"
"Die Sowjets fürchteten damals Attentatspläne der Nazis gegen den britischen Premierminister Winston Churchill, US-Präsident Franklin D. Roosevelt und Stalin.",7126709,2012.0,"[[0, 11, 'HasGroup'], [45, 54, 'HasGroup']]"
"Eine ebensolche Frist stellten Franzosen und Briten dem ägyptischen Präsidenten Gamal Abd al-Nasser 1956, um den verstaatlichten Suezkanal von Truppen zu räumen und Israel wieder die Durchfahrt zu gestatten.",7050083,2012.0,"[[31, 40, 'HasGroup'], [45, 51, 'HasGroup'], [143, 150, 'HasGroup']]"
"Inzwischen verzichtet ein Großteil der Bürgerschaft auf die Minimalpartizipation des Wahlakts.---Gleichzeitig bezweifeln immer größere Teile der Bevölkerung, dass bereits gefällte politische Entscheidungen sachgerecht und vernünftig sind.",7048748,2012.0,"[[22, 51, 'HasGroup'], [121, 156, 'HasGroup']]"
"""Die Symptome der Patienten kannte ich von vorherigen Angriffen"", berichtet Abu Akram vom Nothospital in Irbin, ""Menschen sind äußerlich unversehrt, aber haben Schaum vor dem Mund und zittern, ihr Herzschlag wird immer schwächer.",7043171,2013.0,"[[14, 27, 'HasGroup']]"
"Die Konkurrenz aus Frankfurt am Main bietet Rundfahrten zu Kitas plus abendliche Feier im ""Japan Center"", einer angesagten Hochhaus-Location.---München lockt Fachkräfte mit günstigen Mietwohnungen aus dem Fundus städtischer Wohnbaugesellschaften, einer ""München-Zulage"" sowie einem Zuschuss für den Nahverkehr.",7044064,2013.0,"[[158, 168, 'HasGroup']]"
"Das Auswärtige Amt hatte Mitte September beschlossen, ein solches Spezialflugzeug (Projektname: Apollo 13) bereitzustellen, da es für den Transport von mit dem Ebola-Virus Infizierten weltweit nur zwei Jets einer amerikanischen Firma gibt.",7037455,2014.0,"[[152, 183, 'HasGroup']]"
"Der Fonds muss natürlich unabhängig von der Politik verwaltet werden und zum langfristigen Nutzen seiner Anteilseigner investieren.---Bofinger: Jeder Bank steht es frei, einen solchen Fonds anzubieten.",7038428,2014.0,"[[144, 154, 'HasGroup']]"
"Der Grund: Ghazalis Widerstand gegen die schiitischen Milizen, mit denen er jede Kooperation verweigerte.",7034151,2015.0,"[[37, 61, 'HasGroup']]"
"Semiya  im ek, großartig gespielt von der Berlinerin Almila Bagriacik, wehrte sich von Anfang an gegen diese Unterstellung, sie wurde zur Sprecherin aller Hinterbliebenen der Mordserie.",7032421,2016.0,"[[149, 184, 'HasGroup']]"
"Damit fehlt eine elementare Voraussetzung dafür, dass die für einen historischen Augenblick zum Volk konstituierten Bürger auch mit dem erforderlichen ""heiligen Ernst"" an die Entscheidung herangehen.",7031267,2016.0,"[[92, 122, 'HasGroup']]"
"Auf dem 148er-Bus hatte Chalghoumi eine Zivilbewegung Grands Frères gestartet: ""Wir trommelten die älteren Brüder zusammen und sagten den Jugendlichen, sie sollten die Füße vom Sitz nehmen und sich um ihre Ausbildung kümmern.",7032790,2016.0,"[[35, 67, 'HasGroup'], [95, 113, 'HasGroup'], [134, 150, 'HasGroup']]"
15 000 Firmen sind hier registriert.,7031637,2016.0,"[[0, 13, 'HasGroup']]"
"Es geht schon um ein bitteres Drama.---SPIEGEL: Sie haben zweimal versucht, sich umzubringen.---Melle: Wenn eines sicher ist im Leben eines Manikers, dann die Depression, die der Manie folgt.",7030746,2016.0,"[[134, 148, 'HasGroup']]"
"Jahrhundert auseinander.---Der Fortschritt ist damit, je nach Rechnung, an einem Drittel bis zur Hälfte der Menschen vorbeigegangen.",7028140,2017.0,"[[75, 116, 'HasGroup']]"
Alle Gläubiger sollen aus dem haftenden Vermögen befriedigt worden sein.,7029338,2017.0,"[[0, 14, 'HasGroup']]"
"Es ist schon erstaunlich, dass sie sich so feindlich gegen Flüchtlinge äußern kann und tagelang niemand widerspricht.",7029253,2017.0,"[[59, 70, 'HasGroup']]"
"Wer in Syrien zum Wehrdienst eingezogen werden soll, hat in Baden-Württemberg und Bayern Glück und gilt als verfolgt, in Nordrhein-Westfalen und Rheinland-Pfalz aber nicht.---SPIEGEL: Warum ist das so?---Bergmann: Um Asylverfahren zu beschleunigen, hat die Politik den Verfahrensweg gekürzt, damit die Flüchtlinge sich nicht langwierig durch mehrere Instanzen klagen können.",7024068,2018.0,"[[0, 51, 'HasGroup'], [298, 313, 'HasGroup']]"
"Wer ihn sieht, wie er in Mussolinis Modellstadt Latina südlich von Rom auftritt, wie ihm die zu Tausenden versammelten Anhänger zujubeln, der begreift, welche Sehnsüchte Salvini bedient.---Der Minister trägt an diesem Abend ein Uniformshirt der italienischen Polizei und verspricht: »Wenn wir zusammenstehen, können wir Großes schaffen.« Und: »Nichts und niemand wird uns stoppen können.«---Später, hinter sich ein Kriegerdenkmal aus Mussolinis Zeit mit dem faschistischen Adler, fügt Salvini noch hinzu: »Man sollte den Mut haben zu sagen, dass Mussolini nicht nur falsche Dinge wie die Rassegesetze auf den Weg gebracht hat.«---Haben jene recht, die wie der jüdische Autor und TV-Moderator Gad Lerner davon sprechen, Italien gerate derzeit in »einen faschistoiden Sog«?",7022860,2018.0,"[[89, 127, 'HasGroup'], [648, 770, 'HasGroup']]"
"Ende Oktober marschierten rund 700 000 Menschen aus dem ganzen Land durch London, um nach einer neuen Abstimmung zu rufen.",7022463,2018.0,"[[26, 67, 'HasGroup']]"
"Bis 2020 wollen Bund und Länder ihre Daten in einem »Polizeilichen Informations- und Analyseverbund« kompatibel machen.---Nur wenn die Polizei von einem Verdächtigen Fingerabdrücke nimmt, was sie etwa wegen Einbrüchen oder Sexualdelikten tut, kann sie ihn im bundeseigenen System mit dem Namen Inpol abfragen.",7022479,2018.0,"[[147, 165, 'HasGroup']]"
"Wer Wasser entnimmt, soll bis zu 50 000 Euro Bußgeld zahlen.---In Gotteszell in Niederbayern muss eine Regionalbahnstrecke gesperrt werden, weil sich die Gleise in der Hitze verzogen haben.---Aus Bochum appelliert der Brauer Moritz Fiege an seine Kunden, das Leergut zurückzubringen.",7023670,2018.0,"[[0, 19, 'HasGroup']]"
"Von den deutschen Auswanderern wissen wir, dass es oft anders war.",7023124,2018.0,"[[4, 30, 'HasGroup']]"
"Bei einem Tempo von 200 km/h liegt ein Verstoß vor, wenn das Auto weniger als 50 km/h fährt , erklärt eine Polizeisprecherin.«---Aus einem Tweet von »Bild«: »Sie sprachen einen Polizisten an   Betrüger geben sich als Taubstumme aus.«",7107649,2019.0,"[[193, 201, 'HasGroup'], [217, 227, 'HasGroup']]"
"Erzählt den Menschen, die sich aus der größten Armut befreit haben: »Ihr dürft euch keine Autos, Tiefkühltruhen oder Klimaanlagen kaufen, weil das schlecht fürs Klima ist.« Und dann achtet auf die Reaktionen der Menschen auf die tollen Ideen verwöhnter Europäer.",7020000,2019.0,"[[8, 66, 'HasGroup'], [242, 261, 'HasGroup']]"
"Es gehört zur Schülerfolklore, auf die Schule zu schimpfen   aber das darf nicht darüber hinwegtäuschen, dass der Schulbesuch ein schwer erkämpftes Privileg der Kinder und Jugendlichen ist.",7021288,2019.0,"[[14, 21, 'HasGroup'], [157, 167, 'HasGroup'], [172, 184, 'HasGroup']]"
"Doch um Salvini zu verhindern, meldete sich jetzt sogar der Komiker Beppe Grillo zurück, der die Fünf-Sterne-Bewegung einst gegründet hat.",7019955,2019.0,"[[93, 117, 'HasGroup']]"
"Zugleich erholte er sich, wie viele seiner männlichen Helden, niemals von den Grausamkeiten, die man den Kämpfenden abverlangte und die sie erdulden mussten.",7019987,2019.0,"[[101, 115, 'HasGroup']]"
Weit über 80 Prozent der Opfer sexuellen Missbrauchs Jugendlicher bis zu 18 Jahren waren junge Männer im pubertären und nachpubertären Alter.,7021682,2019.0,"[[21, 82, 'HasGroup'], [89, 140, 'HasGroup']]"
"Der familiäre Hintergrund der Kinder, so erzählt die Schulleiterin, sei sehr verschieden.",7017418,2020.0,"[[26, 36, 'HasGroup']]"
"Sfikas wäre Reiseleiter, Kindermädchen und soziokultureller Berater für die jungen Amerikaner, nebenbei gäbe es Unterricht in Philosophie von zwei mitreisenden Professoren.",7017293,2020.0,"[[25, 31, 'HasGroup'], [72, 93, 'HasGroup']]"
Forscher arbeiten hektisch an einem Impfstoff   aber der ist wohl erst in Monaten verfügbar.,7107094,2020.0,"[[0, 8, 'HasGroup']]"
"Der CSU-Chef und Laschet sind zu Antipoden geworden, Söder stichelt mehr oder weniger offen: »Bayerische Vorsicht« sei »besser als überstolpertes Vorgehen«.---Und die Kanzlerkandidatur?",7017248,2020.0,"[[4, 7, 'HasGroup']]"
"Der deutsche Mittelstand schafft es seit Jahrzehnten, aus unmotivierten Pubertierenden innerhalb von drei Jahren Maurergesellen, Tischler oder Krankenschwestern zu machen, sie alle werden händeringend gesucht.",7010665,2021.0,"[[0, 24, 'HasGroup'], [58, 86, 'HasGroup'], [113, 127, 'HasGroup'], [129, 137, 'HasGroup'], [143, 160, 'HasGroup']]"
"Seine Leute, sagt der Chef der Lokomotivführergewerkschaft GDL, seien »wütend« auf ihren Arbeitgeber.",7012147,2021.0,"[[0, 11, 'HasGroup'], [27, 62, 'HasGroup']]"
"Kurzfristige Abbestellungen, die dazu führten, dass Landwirte unvermittelt auf ihrer Ware sitzen bleiben, gebe es nicht.",7014543,2021.0,"[[52, 61, 'HasGroup']]"
"Etwa zur selben Zeit trat er in die »Junge Alternative« (JA) ein, die Jugendorganisation der AfD.---Bei einem Spaziergang durch die Heidelberger Altstadt zeigt er Orte, wo Normannen randaliert hätten.",7014068,2021.0,"[[32, 60, 'HasGroup'], [66, 96, 'HasGroup'], [172, 181, 'HasGroup']]"
"»Für die CDU wäre das die ungünstigste Regierungskoalition.«---Gegen Rot-Grün ließ sich gut opponieren   doch wie sollte die Union überzeugend eine Regierung angreifen, in der als Stimme der wirtschaftlichen Vernunft die FDP sitzt?",7012043,2021.0,"[[5, 12, 'HasGroup'], [121, 130, 'HasGroup'], [217, 224, 'HasGroup']]"
"Schon heute ist eines von 53 Kindern Ergebnis einer künstlichen Befruchtung, ein Milliardengeschäft, das von Hoffnungen und Träumen lebt   und vom Vertrauen in die Zuverlässigkeit der Labore.---Im Sommer 2018 begannen die Cardinales in einem Fruchtbarkeitszentrum in West Hollywood mit der Behandlung.",7010807,2021.0,"[[29, 36, 'HasGroup']]"
März standen knapp 4000 Einwohner am Treffpunkt an der Energetykiw-Straße.,7009461,2022.0,"[[13, 33, 'HasGroup']]"
Sie sitzt in Danzig als Beraterin im Flüchtlingsrat.,7006526,2022.0,"[[37, 48, 'HasGroup']]"
"Rund 29 Prozent glauben nicht, dass die Erde in 100 Jahren noch bewohnbar sein wird, und etwa 62 Prozent meinen, dass sie die erste Generation seien, der es finanziell schlechter gehen wird als den Eltern.",7007780,2022.0,"[[122, 142, 'HasGroup']]"
"Der ­Berliner Künstler Manuel Rossner, der die hiesige ­Digitalszene entscheidend ­mit­gestaltet, hat inzwischen sein eigenes Ausstellungs- haus ­eröffnet   wenn man es denn Haus nennen will.",7004833,2023.0,"[[43, 68, 'HasGroup']]"
"Bevor sie ins Ausland gehen, werden neue Leiterinnen und Leiter zwei Tage lang auf ihre öffentliche Rolle vorbereitet.---Abteilungsleiter Beste und der Beauftragte für Strategische Kommunikation des Auswärtigen Amts, Peter Ptassek, haben sich in anderen Ländern über deren diplomatische Öffentlichkeitsarbeit informiert.",7003678,2023.0,"[[36, 63, 'HasGroup']]"
Nach 13 Jahren »intensivster gemeinsamer Ermittlungsarbeit« habe kein Täter ermittelt werden können.,7003660,2023.0,"[[65, 75, 'HasGroup']]"
"In Pottenstein erkundigt sie sich nach Kindergartenplätzen für Sophie und Jan.---Wieder zu Hause, gerät die junge Frau in einen unauflösbaren Zwiespalt.",7087945,2002.0,"[[39, 45, 'HasGroup']]"
"Für eine Partei, die, bundesweit gerechnet, gerade mal 6,5 Prozent der Stimmen hat, sind Schlagzeilen fester Bestandteil im täglichen Kampf um Wahrnehmung.",7052241,2011.0,"[[4, 15, 'HasGroup']]"
"Zu einer ""AG Desinformation"" wollten die Beamten lieber nicht einladen.---Das Bundesamt für Sicherheit in der Informationstechnik (BSI) hat den Kandidaten für den Bundestag schon vor Wochen Tipps gegeben, wie sie sich besser gegen Cyberangriffe schützen können.",7026977,2017.0,"[[37, 48, 'HasGroup'], [140, 172, 'HasGroup']]"
Der Börsenverein vertritt die Interessen von Verlagen und Buchhändlern.,7037671,2014.0,"[[0, 16, 'HasGroup'], [45, 53, 'HasGroup'], [58, 70, 'HasGroup']]"
"""Mehr Promi-News gibt's auf BILD Facebook - jetzt folgen!",28479,,"[[6, 11, 'HasGroup']]"
"Aber was passiert mit den Hunderttausenden Daten, die bei diesen Tests anfallen - landen alle Getesteten nun in einer riesigen Datenbank?",28481,,"[[89, 104, 'HasGroup']]"
"""Für Juni, Juli und August haben die Grundversorger bereits 150 Preiserhöhungen angekündigt - um durchschnittlich 35 Prozent.""",28485,,"[[33, 51, 'HasGroup']]"
"Hocharabisch, angeboten) auch für die Stellvertreter zu hoch: Sie rasselten durch die theoretische Prüfung.",28487,,"[[34, 52, 'HasGroup']]"
Verkauft man Kane für eine Ablöse oder riskiert man einen ablösefreien Verlust des England-Kapitäns?---Die Münchner könnten diese Situation ausnutzen und Kane für eine vergleichsweise preiswerte Ablöse nach München holen.,28501,,"[[103, 115, 'HasGroup']]"
Bei der Präsidentschaftswahl 2016 lag Clinton mit 54 Prozent aller Frauen vor Trump.,28502,,"[[61, 73, 'HasGroup']]"
"SpötteleienWer von seinem Partner niedergemacht wird mit fiesen Kommentaren oder Beleidigungen, sollte möglichst schnell die Notbremse ziehen.",28509,,"[[11, 94, 'HasGroup']]"
Kein Wunder - bei der Hundesteuer kocht jede Kommune ihr eigenes Süppchen.Und die schmeckt vielen Fifi-Freunden seit dem Jahreswechsel besonders bitter.,28511,,"[[91, 111, 'HasGroup']]"
Dann haben wir die Verantwortung mit anderen Führungsspielern zusammen übernommen und auf mehrere Schultern verteilt.,28513,,"[[37, 61, 'HasGroup']]"
"Sätze wie ""Wenn du die Zähne nicht putzt, musst du zum Zahnarzt, und das tut dann richtig weh"", sollten Eltern allerdings vermeiden, um nicht unnötig Angst vor dem Zahnarztbesuch aufzubauen.",28515,,"[[104, 110, 'HasGroup']]"
Das Casting zeigt: Bei diesem Fernsehgericht gibt's viele Staatsanwälte und nur einen Angeklagten.,28518,,"[[52, 71, 'HasGroup']]"
Stuttgart - Pilzesammler sollten sich aus Sicht von Forstminister Peter Hauk beim Bestimmen ihrer Fundstücke aus dem Waldboden nicht zu stark auf Apps und das Internet verlassen.,28522,,"[[12, 24, 'HasGroup']]"
"Das wird auch alle neuen Bewohner wahnsinnig machen  "" Legendär etwa, wie Zlatko über Shakespeare philosophierte: ""   muss man den kennen?""",28535,,"[[14, 33, 'HasGroup']]"
"Burkandt:  ""Ich finde es toll, dass Frauen mehr Chancen bekommen zur Selbstverwirklichung als zuvor.",28536,,"[[36, 42, 'HasGroup']]"
"70 Straftaten (Raubüberfälle, Einbrüche, Drogendelikte) zur höchstmöglichen Jugendstrafe von zehn Jahren Haft verurteilt.",28538,,"[[76, 82, 'HasGroup']]"
"Was die Nazis ihrer Familie angetan haben, ist für Ruth Westheimer bis heute allgegenwärtig.",28542,,"[[4, 13, 'HasGroup']]"
"""Ich habe die Schreie der Kinder noch immer in den Ohren"", sagt eine Nachbarin zu BILD.",28545,,"[[22, 32, 'HasGroup']]"
"Sollte dann Onana-Kohle in die HSV-Kasse fließen, dürfte auch ein Wechsel von Rechtsverteidiger Josha Vagnoman (20) vom Tisch sein.Flucht-Wahrscheinlichkeit: 95 Prozent   Aaron Opoku (22):  Seine Künste am Ball würden allemal ausreichen, um die Fans bei einer WM-Eröffnungsfeier zu begeistern.",28554,,"[[241, 249, 'HasGroup']]"
"Junge Menschen im ""Endlich kein Corona mehr""-Glück.---Ein Tanz auf dem Vulkan, der weiter brodelt.",28557,,"[[0, 14, 'HasGroup']]"
Die Münchner werden um vieles beneidet - die Stimmung im Stadion gehört erst ab dem Champions-League-Halbfinale und anderen Super-Duellen dazu.,28560,,"[[0, 12, 'HasGroup']]"
Hamburg - Was geht nur in diesen Kindern und Jugendlichen vor?,28561,,"[[26, 40, 'HasGroup'], [45, 57, 'HasGroup']]"
Danach möchte er in Kochel am See mit Forst- und Einsatzexperten über die Zukunft des Waldes informieren.,28563,,"[[38, 44, 'HasGroup'], [49, 64, 'HasGroup']]"
"Was ist dieses Ding, dass ich mich wie eine Frau anziehe und mehr Aufmerksamkeit bekomme und mehr Einfluss habe?",28581,,"[[39, 48, 'HasGroup']]"
"Ein ADAC-Sprecher: ""Die Unfallzahlen junger Fahrer sind in den vergangenen Jahren zurückgegangen.",28585,,"[[37, 50, 'HasGroup']]"
"Die Tücken des AlltagsHeimarbeitsprofis raten dringend dazu, klar zwischen Home und Home-Office zu trennen.",28586,,"[[11, 39, 'HasGroup']]"
"Die Payback-Prämien sind oft rechnerisch zu teuer im Vergleich mit Internet-Preisen.---Aufwand: Gering, die App lässt sich leicht bedienen.---Tipp 4: DeutschlandCard---DeutschlandCard (circa 20 Millionen Teilnehmer): Ist der größte Konkurrent von Payback.---Sparfochs-Urteil: Nutzer sollten unbedingt auch hier die Coupons in der App aktivieren (zum Beispiel siebenfach Punkte bei Netto Markendiscount oder Esso).",28591,,"[[276, 282, 'HasGroup']]"
"""Beispiele der Offerten anonymer Männer: ""Hi, suchen eine Hobbystripperin"" oder ""Hättest du auch Interesse an 150 Euro für ein niveauvolles privates Treffen?""",28598,,"[[24, 39, 'HasGroup']]"
"Nur so etwas sollte gepfiffen werden, oder wenn ein Verteidiger bewusst für seinen Keeper den Ball hält.",28615,,"[[48, 63, 'HasGroup'], [76, 89, 'HasGroup']]"
"Wir können heute auf der schwäbischen Alb mit jemandem aus der Ukraine Sex haben, in VR-Welten mit interaktiven Sextoys in 3-D oder 4-D, mit intelligenten Sex-Robotern oder auf unsere Bedürfnisse designten Avataren in Interaktion treten.",28616,,"[[46, 70, 'HasGroup']]"
"Die genauen Umstände werden von den Kollegen der Landespolizei ermittelt.""",28620,,"[[32, 62, 'HasGroup']]"
"Hunderttausende Flüchtlinge, fast ausschließlich Frauen und Kinder, kommen hier unter und machen sich dann weiter auf den Weg in die Sicherheit.Ein Messdiener schwenkt Weihrauch, viele singen die Kirchenmelodien des Chors mit, es ist sehr voll.",28624,,"[[0, 66, 'HasGroup']]"
Alle Fußball-Fans sollen kommen.,28625,,"[[0, 17, 'HasGroup']]"
"""Als Fußballer kommst du ja gar nicht hinterher, was alles so in deiner Karriere passiert.",28631,,"[[5, 14, 'HasGroup']]"
"Obwohl es als wahrscheinlich gilt, dass Nancy Pelosi vor ihrem Antrag sicher gestellt hat, dass sie auch eine Mehrheit dafür bekommt.",28638,,"[[105, 118, 'HasGroup']]"
"In der brutalen Berliner-Gang-Serie ""Four Blocks"" fahren die Clan-Chefs S-Klasse AMG.",28641,,"[[57, 71, 'HasGroup']]"
"Tipp:  Etwas günstiger könnte es bei privaten Anbietern, in einigen Corona-Testzentren oder auch in Apotheken werden.",28648,,"[[37, 55, 'HasGroup']]"
"In seiner Neujahrsansprache wartete Diktator Kim Jong-un (33) mit einer Überraschung auf: Während er gegen die USA wetterte, bot er gleichzeitig die Teilnahme nordkoreanischer Sportler bei den Olympischen Spielen in Südkorea an.",28649,,"[[159, 184, 'HasGroup']]"
"Stundenpläne bleiben bestehen, Lehrer sind für die Kinder erreichbar.""",28652,,"[[31, 37, 'HasGroup'], [47, 57, 'HasGroup']]"
Damals waren die Ziele einer Frau anders.,28656,,"[[23, 33, 'HasGroup']]"
"Ich habe großen Respekt vor Peter Altmaier und Annegret Kramp-Karrenbauer, die ihre Bundestagsmandate für jüngere Politiker zur Verfügung stellen.",28658,,"[[106, 123, 'HasGroup']]"
"Wenn da früher auf Mannschaftsabenden ein paar Mädels standen, setzte sofort der Wettbewerb ein.",28663,,"[[38, 53, 'HasGroup']]"
"DAS SAGEN DIE WOHNMOBIL-DEMONSTRANTEN:""Wir können komplett autark sein""Phuong Vo: ""Wir machen gerne verlängerte Wochenenden mit dem Wohnwagen bei uns im Schwarzwald, am Titisee, Schluchsee, fahren auch mal in den Süden runter.""",28664,,"[[10, 37, 'HasGroup']]"
"So geschehen bei acht mitAstraZeneca in Deutschland geimpften Personen, drei davon starben an einer Hirn-Venen-Thrombose.Doch dieser Prozess, der im Verborgenen abläuft, lässt sich offenbar identifizieren.",28667,,"[[22, 70, 'HasGroup']]"
Menschen in Deutschland.,28670,,"[[0, 23, 'HasGroup']]"
"Kunden sollten also prüfen, ob das Roaming nur bei Sprachanrufen, SMS-Versand oder Datennutzung möglich ist und auf welche Länder es eventuell begrenzt ist.Nicht alle Länder sind im neuen Roaming-EuropaDie neuen Roaming-Regeln gelten für die 28 EU-Länder (Großbritannien und Nordirland gehören noch dazu) sowie Norwegen, Island und Liechtenstein.",28674,,"[[0, 6, 'HasGroup']]"
"Den Wunsch, bald zu heiraten, hegen vor allem Paare, die schon länger zusammen sind und bereits zusammen wohnen.",28675,,"[[46, 111, 'HasGroup']]"
"Und: ""Es ist eine lebensgefährliche Situation für ein Kind, wenn die Mutter misshandelt wird.""",28679,,"[[50, 58, 'HasGroup'], [65, 75, 'HasGroup']]"
"Hesse konkret: ""In Deutschland gibt es laut World Wealth Report derzeit 1,5 Millionen Millionäre.",28682,,"[[72, 96, 'HasGroup']]"
Jetzt sind die Forscher zurückgekehrt.,28696,,"[[11, 23, 'HasGroup']]"
wollen 15 000 bis 20 000 Fans mit.,28719,,"[[7, 29, 'HasGroup']]"
"Eine entscheidende, tragende Figur in einem Team zu spielen, ist für einen Spieler immer wichtig.",28722,,"[[69, 82, 'HasGroup']]"
"""Doch stattdessen hat Russland Geld von seinen Bürgern gestohlen, ihre Zukunft zerstört, ihre Soldaten in den Tod geschickt.",28737,,"[[40, 54, 'HasGroup'], [89, 102, 'HasGroup']]"
Mündlicher Einsatz: Viele Frauen kommen leichter durch Oralsex als durch den eigentlichen Akt.,28738,,"[[20, 32, 'HasGroup']]"
Paderborn:  Das Liga-Schlusslicht will seine 9000 Dauerkarten-Inhaber Anfang Mai kontaktieren.,28759,,"[[39, 69, 'HasGroup']]"
"Linke (8,5 Prozent) und die Grünen (18,5 Prozent) gewinnen je einen halben Punkt hinzu.",28763,,"[[0, 5, 'HasGroup'], [24, 34, 'HasGroup']]"
Als Präsident dieses Künstlerverbandes fungierte lange Jahre der Maler Willi Sitte,26374,,"[[14, 38, 'HasGroup']]"
"Für Eltern wird der ""Einbruch"" der neuen Medien in den Familienalltag oft zum Problem, vor allem, wenn sie sich eher ablehnend verhalten, weil sie unsicher im Umgang mit der Technik sind",26375,,"[[4, 10, 'HasGroup']]"
"Inzwischen sind Untersuchungsberichte in etlichen Diözesen vorgelegt worden, die gezeigt haben: Ich lag damals leider genau richtig."" Kirche und CDU ""Die Kirche hat uns immer erklärt, was wir zu tun haben",26382,,"[[145, 148, 'HasGroup']]"
"Wo sie auftauchten, verbreiteten diese schwer bewaffneten Krieger verwandter Nomadenstämme ihren Schrecken",26391,,"[[33, 90, 'HasGroup']]"
"So betont Gesamtmetall-Chef Martin Kannegiesser gern, dass 24 Prozent der Betriebe rote Zahlen schrieben",26393,,"[[70, 82, 'HasGroup']]"
September ruft Jean-Luc Mélenchons linksradikale Partei Unbeugsames Frankreich zu einer Demonstration in Paris auf,26397,,"[[15, 78, 'HasGroup']]"
"Der Fall der Mauer war die Gelegenheit für Wessis, die bis dato verpasste Strukturanpassung auf einen Schlag nachzuholen, und für Ossis, sich den verdienten Wohlstand selbst zu erarbeiten",26398,,"[[43, 49, 'HasGroup'], [130, 135, 'HasGroup']]"
"Wenn es über Jahrzehnte hinweg eine politische Gewissheit gab, dann die Angst der Deutschen vor Schulden",26401,,"[[78, 91, 'HasGroup']]"
"Statt der teuren Schoten kauften immer mehr Hausfrauen das billige ""Vanillin""",26405,,"[[44, 54, 'HasGroup']]"
Dort wurden zum letzten Freitagsgebet des Ramadan nur muslimische Männer über 45 und Frauen zugelassen,26408,,"[[54, 80, 'HasGroup'], [85, 91, 'HasGroup']]"
"""Außerdem führt die CDU in allen wichtigen Kompetenzwerten klar."" Allerdings sei man erst am Wahlabend sicher, ""und deswegen muss weitergekämpft werden"", sagte Rüttgers",26419,,"[[16, 23, 'HasGroup']]"
"Da Katalysatoren bei Industrietests kaum Platin freisetzen, wollten die Kat-Hersteller den Wissenschaftlern ihre Ergebnisse zunächst nicht glauben",26427,,"[[87, 107, 'HasGroup'], [68, 86, 'HasGroup']]"
"Kunst war ihr Brotberuf, und so leicht die Zeichnungen daherkamen, mit diesem fedrigen, immer erkennbaren Strich, so leicht war das Leben nicht immer, die tägliche Plackerei, das fruchtlose Anrennen gegen Mächte, die so oft stärker sind als der Wille der Bürger",26430,,"[[251, 261, 'HasGroup']]"
"Seit der Wahlniederlage 2005 führt Kraft die Landtagsfraktion der SPD, seit Anfang dieses Jahres auch die Partei",26437,,"[[102, 112, 'HasGroup'], [62, 69, 'HasGroup']]"
"Wie realistisch aber ist die Erwartung, dass ein mögliches Ende des Krieges dem von 1945 gleichen wird, wenn wir bedenken, dass Putins Russland im Unterschied zu Nazi-Deutschland eine Großmacht ist, die mit Atomwaffen droht? Auch wenn wir nur darüber spekulieren können, unter welchen Bedingungen der Kreml bereit wäre, sein Nukleararsenal einzusetzen, nimmt sich die Vorstellung einer Siegesparade ausländischer Truppen in Moskau wie eine Science-Fiction-Fantasie aus",26438,,"[[399, 420, 'HasGroup']]"
"Und so wuchtig grüngelb wollten Helmut Federles Bilder sein, dass uns noch heute vor ihnen ganz grün und gelb wird wie den Griechen, als ihnen Apoll die Pest ins Lager vor Troja schoss",26442,,"[[119, 131, 'HasGroup']]"
"Schließlich hat er die Zeit der hohen Schutzzölle noch selbst miterlebt und wusste, dass sie vor allem die Industriellen im Land schützen",26457,,"[[103, 120, 'HasGroup']]"
"Natürlich wird auch der jetzt wieder ausgerufene Erneuerungsprozess superernsthaft von den Verantwortlichen in der Parteispitze zur einzigen Methode für die Rettung der Partei ausfindig gemacht, er findet nun vor allem in Hashtags auf Twitter und in unendlich langen Rundmails statt",26460,,"[[87, 127, 'HasGroup'], [165, 175, 'HasGroup']]"
"In Mexiko-Stadt fand vergangene Woche ein Kongress über die geopolitische Zukunft Lateinamerikas statt, im Programm stand viel Ernstes über die ""Bildung eines souveränen Machtblocks"" und eine ""neue Ordnung für die Zeit nach der Marktwirtschaft"", aber die Brasilianer wollten die Sache offenbar mit betonter Fröhlichkeit angehen",26461,,"[[251, 266, 'HasGroup']]"
"Der Plan platzte, doch es blieb die Befürchtung, dass die Deutsche Bank mit den Kleinkunden nichts zu tun haben wollte",26474,,"[[76, 91, 'HasGroup']]"
"Herr Meisel, wie viele Sprachen kann ein Kind erlernen? JürgenMeisel: Das hat niemand wissenschaftlich getestet",26475,,"[[37, 45, 'HasGroup']]"
"Ob es reiner Fernunterricht ist, bei dem die Schüler den Lernstoff mit Arbeitsblättern und Audio-CDs erarbeiten, oder ob es zusätzlich Präsenzphasen gibt, ist von Institut zu Institut verschieden",26477,,"[[41, 52, 'HasGroup']]"
"Es sei genau dieses emotionalisierte, aber am Ende völlig ""entmenschlichte Islambild"", das so viele Muslime ins Abseits dränge, sagt Göle",26483,,"[[91, 107, 'HasGroup']]"
Es geht um eine prinzipielle Frage: Soll sich der Saal der Musik anpassen oder die Musiker dem Saal? Im Fall der Elbphilharmonie ist der federführende Akustiker der Japaner Yasuhisa Toyota,26484,,"[[79, 90, 'HasGroup']]"
"Die durchschnittliche Lebenserwartung eines Senegalesen betrug im Jahr 1980 48,9 Jahre, inzwischen sind es 66,4 Jahre",26487,,"[[38, 55, 'HasGroup']]"
"Und warum können die Bewohner des Pflegeheims nicht einfach in der Praxis nebenan geröntgt werden, statt jedes Mal in die Notaufnahme zu fahren? Wie wäre es, wenn das Bezirksamt seine Müttersprechstunde auch im Kiosk anbietet?",26491,,"[[17, 45, 'HasGroup']]"
"Nun, ob, an welchen Orten und in welcher Dimension sie diese Menschen ehren wollen, das müssen die Deutschen letztlich unter sich ausmachen",26493,,"[[95, 108, 'HasGroup']]"
Niedliche Kinder begrüßen Gäste aus dem Ausland mit einem fröhlichen Lied: Nichts könnte typischer sein für Nordkorea,26501,,"[[26, 47, 'HasGroup']]"
"Väter zücken ihre Videokameras, Omas kramen nach Taschentüchern, irgendwo kreischt ein Kleinkind",26503,,"[[0, 5, 'HasGroup'], [32, 36, 'HasGroup']]"
"In der Politik ist die Nutzung der Karte bis heute umstritten: Die FDP beispielsweise fordert, Kosten und Nutzen vor dem Start der Karte genauer zu analysieren",26504,,"[[63, 70, 'HasGroup']]"
"Vor zwei Jahren foppte Jan Böhmermann seine Zuschauer mit einer Fake-Dokumentation: Angeblich wollten chinesische Investoren in der ostdeutschen Provinz die NS-Erlebniswelt ""Reichspark"" errichten",26507,,"[[102, 124, 'HasGroup']]"
"Natürlich kritisieren ""wir"" Israel und haben dafür sogar die ""Israelkritik"" erfunden, aber das, liebe Bundesbürger, ist echt was anderes, schließlich können wir als stabile Deutsche überhaupt keine Antisemiten sein",26508,,"[[96, 114, 'HasGroup'], [165, 181, 'HasGroup']]"
"Seit 2008 wächst Spreadshirt unaufhörlich: 1000 Mitarbeiter hat das unternehmen heute, macht 131 Millionen Euro Umsatz",26516,,"[[43, 59, 'HasGroup']]"
"Scheuch begrüßt alle Mitglieder des FPÖ-Vorstands mit Handschlag, zuletzt den Abgeordneten Peter Fichtenbauer, der links vorne sitzt",26526,,"[[16, 49, 'HasGroup']]"
"Mögen die USA bis 2000 auch Despoten gestützt (Ägypten) und Tyrannen bombardiert haben (Libyen) - sie waren Vermittler, wenn es in Palästina drauf ankam",26528,,"[[28, 36, 'HasGroup'], [60, 68, 'HasGroup']]"
"Einer seiner Vorgänger als CDU-Vorsitzender in Hamburg ist Dirk Fischer, 78 Jahre alt, davon 37 Jahre Bundestagsabgeordneter",26529,,"[[27, 30, 'HasGroup']]"
Die ersten zehn Petarde-Lohnempfängerinnen und -Empfänger sind bereits erkoren,26533,,"[[0, 57, 'HasGroup']]"
"Claudio Abbado: Das Adjektiv ""groß"" würde ich nur in Ausnahmefällen auf Dirigenten anwenden, auf Wilhelm Furtwängler vielleicht oder auf Arturo Toscanini",26534,,"[[72, 82, 'HasGroup']]"
"Mit einer billigen Gitarre um den Hals stellt er sich einer völlig verrohten Bagage, in der Frauen Männer zusammenschlagen und der Lieblingssport ultimate fighting heißt, Faustkämpfe auf Leben und Tod",26536,,"[[92, 98, 'HasGroup'], [99, 105, 'HasGroup']]"
"Befragt wurden nämlich ausschließlich Kunden, die ihren Wagen im Jahr 1998 gekauft hatten",26540,,"[[38, 89, 'HasGroup']]"
"Denn: ""Um ungerechte, rassistische Strukturen aufzulösen, müssen wir Hautfarbe sehen."" Übertragen auf deutsche Verhältnisse – in Deutschland besteht zum Beispiel weiterhin ein starker Zusammenhang zwischen sozialer Herkunft und Bildungserfolg, wobei davon Menschen mit Migrationshintergrund besonders betroffen sind –, übertragen auf deutsche Verhältnisse also legt man da als weißer Teilnehmer der Leistungsgesellschaft natürlich erst mal die Stirn in Falten, denn Diskriminierung ist ja eigentlich von Gesetzes wegen verboten, und dann hat man ja von seinen Eltern und in der Schule tatsächlich gelernt, dass man so tun soll, als wäre nichts, als machten Aussehen und Herkunft keinen Unterschied, und dieser Ansatz wiederum kann dazu führen, dass man sich mit der Existenz von strukturellem Rassismus nicht weiter glaubt befassen zu müssen, denn: Rechtsextremisten sind natürlich böse, und das unterschreiben wir auch alle sofort, aber abgesehen davon ist ja nichts, gibt es ja keine Unterschiede",26543,,"[[256, 290, 'HasGroup'], [377, 420, 'HasGroup'], [553, 566, 'HasGroup'], [849, 866, 'HasGroup']]"
"Rapoports Konzept sieht sogar vor, dass auch die Zielländer ihrerseits Wünsche angeben könnten – also etwa die bevorzugte Aufnahme von Flüchtlingen mit Kindern oder mit einer bestimmten Nationalität",26546,,"[[135, 198, 'HasGroup']]"
"Union und SPD bremsen ihre jeweiligen Juniorpartner bei der Neufassung der Kraftfahrzeugsteuer aus: Sie wollen diese Steuer nicht mehr auf die Mineralölsteuer umlegen - ein Vorhaben, das FDP und Bündnis 90/Die Grünen sehr am Herzen liegt",26552,,"[[0, 5, 'HasGroup'], [10, 13, 'HasGroup'], [187, 190, 'HasGroup'], [195, 216, 'HasGroup']]"
"Das klingt nach einem patriarchalen Traum, ähnlich wie die ""stay at home girlfriends"" – ungetraute Hausfrauen der Generation Z, die ebenfalls auf TikTok für Erregung sorgen",26553,,"[[88, 126, 'HasGroup']]"
"Folgen die unteren Gerichte, die jeden Einzelfall entscheiden müssen, dem Diktum der BGH-Richter, wären die Darlehensverträge zwar nichtig",26555,,"[[81, 96, 'HasGroup']]"
"Passionierte Sammler sind bereit, dafür auch sehr viel Geld zu zahlen",26570,,"[[0, 20, 'HasGroup']]"
"Reichweite: 6,93 Millionen Leser, Auflage: 1,1 Millionen Exemplare",26574,,"[[12, 32, 'HasGroup']]"
Dann wieder beobachteten die Finanzauguren vor allem die Handelsbilanzen oder die Arbeitsmarktdaten,26583,,"[[25, 42, 'HasGroup']]"
"Es ist eine Frage für Leute, die nicht auf irgendwelche handwerklichen Erfolge aus sind, sondern auf Erkenntnis",26585,,"[[22, 111, 'HasGroup']]"
"Daß die Gräfin Geschwitz aller lesbischen Neigungen überdrüssig geworden ist, war neu - Marjana Lipovsek macht aber glaubhaft, daß sie eine gute Juristin bei den Frauenrechtlerinnen werden wird",26586,,"[[158, 181, 'HasGroup']]"
"Nach dem Willen des britischen Premiers soll sich der Ex-Diktator vor einem irakischen Gericht ""für seine Verbrechen gegen das irakische Volk"" verantworten",26589,,"[[123, 141, 'HasGroup']]"
Das macht ihn aus Sicht vieler Frankfurter erst einmal sympathisch,26594,,"[[24, 42, 'HasGroup']]"
Wir werden am Ende des Jahres erneut eine solche Infografik-Seite präsentieren – dann mit Ihren 100 Jahre alten Heldinnen und Helden,26600,,"[[96, 132, 'HasGroup']]"
"Wie man hilfreiche Kritik gibt, lernten die Jugendlichen deshalb in einem Workshop vor dem ersten Einsatz des Fragebogens",26601,,"[[40, 56, 'HasGroup']]"
"Doch es gibt auch viele Dystopien, die vor den Folgen einer solchen Entwicklung warnen, vor Überbevölkerung oder einer Diktatur der Alten",26605,,"[[128, 137, 'HasGroup']]"
"Auch warum die Berater damit so erfolgreich waren, wusste er zu erklären: weil sie den Kunden ""aggressiv erzählt haben, dass sie sich schnell bewegen müssen""",26607,,"[[83, 93, 'HasGroup']]"
"Wenn die Hochschulen das schon nicht für ihre Studenten hinbekommen, dann ja vielleicht für einen besseren Kontostand",26612,,"[[41, 55, 'HasGroup']]"
"Menschen ohne Punkrock-Jugend tun gut daran, ihren Lebenslauf entsprechend zu schönen, um sich für Jobs als kreative Quertreiber im Stadtmarketing zu qualifizieren",26617,,"[[0, 29, 'HasGroup'], [108, 146, 'HasGroup']]"
"Seit er 1999 mit seiner Familie in einen ehemaligen Gutshof nach Tröglitz gezogen ist, arbeitet er mit Neonazis und Arbeitslosen, er hat versucht, ihnen liebevoll zu begegnen",26618,,"[[103, 111, 'HasGroup'], [116, 128, 'HasGroup']]"
"In einem Rundschreiben mahnten sie alle Lebensversicherer, ihre Kapitalanlagen einem ""Stresstest"" zu unterziehen",26622,,"[[35, 57, 'HasGroup']]"
"Kein Dogma sagt, dass nur Priester und Bischöfe Kardinal werden können",26623,,"[[26, 34, 'HasGroup'], [39, 47, 'HasGroup']]"
Die in der Föderation registrierten Einwohner wählen das Föderationsparlament und die politische Führung ihrer zehn Kantone,26624,,"[[0, 45, 'HasGroup']]"
"Nicht nur sechzehn Ministerpräsidenten nebst Kanzlerin, auch sechzehn deutsche Agrarminister können Mammutkonferenzen",26625,,"[[10, 38, 'HasGroup'], [61, 92, 'HasGroup']]"
"Vor zwei Wochen gingen alle Experten noch von Obama-Festspielen aus, doch nun stehen die USA vor einer extrem knappen Wahl",26632,,"[[23, 36, 'HasGroup']]"
Die katholische Kirche ist geprägt von ihrer Krise – und ihr schmerzhaftester Teil ist die sexualisierte Gewalt von Priestern gegen Kinder und Jugendliche,26635,,"[[132, 138, 'HasGroup'], [143, 154, 'HasGroup'], [116, 125, 'HasGroup']]"
"""Wir können unseren Lehrern einen Persilschein ausstellen"", betont ein Sprecher im bayerischen Kultusministerium",26636,,"[[12, 27, 'HasGroup']]"
"Aber der FN ist eine ultrarechte Partei, die ins Zentrum der Gesellschaft vorstößt",26637,,"[[5, 11, 'HasGroup']]"
Für die Palästinenser wiederum ist die Geduld schon längst erschöpft,26644,,"[[4, 21, 'HasGroup']]"
"Wer mit dem Gedanken spielt, FDP, Piraten oder AfD zu wählen, sollte bedenken, dass seine Stimme verloren gehen und so dem politischen Gegner nützen kann",26651,,"[[29, 32, 'HasGroup'], [34, 41, 'HasGroup'], [47, 50, 'HasGroup']]"
"Es entsteht wohl daraus, dass wir Deutschen auf dem Papier super Spieler haben und inzwischen auf jeder Position doppelt besetzt sind",26653,,"[[65, 72, 'HasGroup'], [34, 43, 'HasGroup']]"
"Aber wenn ich jetzt sehe, wie respektlos sich jüngere Schüler mir gegenüber auf dem Schulhof verhalten, habe ich doch nicht mehr so große Lust auf den Lehrerberuf",26654,,"[[46, 61, 'HasGroup']]"
"Die Selbstverständlichkeit, mit der Union und SPD über Jahre die juristischen Staatsexamina von der Studienreform ausnahmen, hat viele geärgert",26665,,"[[46, 49, 'HasGroup'], [36, 41, 'HasGroup']]"
"Les plans de sauvetage élaborés pour la Grèce, l'Irlande et le Portugal, avec la complicité du FMI, visent à gagner du temps, le temps que les banques européennes les plus exposées, allemandes et françaises notamment, liquident des positions qui leur imposeraient de lourdes pertes si on procédait à une restructuration des dettes souveraines de ces pays.",23169,,"[[139, 180, 'HasGroup']]"
"Et sur les accidents du travail, on n’a pas un groupe identifié, mobilisé, comme cela a pu se voir autour du phénomène de l’amiante où des associations se sont créées.",23171,,"[[135, 151, 'HasGroup']]"
"Actuellement, à quoi ressemble la relation entre Iraniens et Américains dans le pays ?",23173,,"[[49, 57, 'HasGroup'], [61, 71, 'HasGroup']]"
"En matière d’activisme, Ordre nouveau est un succès indiscutable.",23176,,"[[24, 37, 'HasGroup']]"
"On sait que l'ISF est déjà un impôt bancal, auquel échappent les plus grandes fortunes, du fait de l'exonération des biens professionnels voulue par les socialistes.",23177,,"[[61, 86, 'HasGroup'], [149, 164, 'HasGroup']]"
"Ce fut d’abord les humiliations répétées infligées dans le processus d'adhésion à l'Union européenne, quand les négociateurs européens refusaient de débloquer les chapitres 23 et 24 permettant aux négociations de progresser.",23178,,"[[108, 134, 'HasGroup']]"
"Pour le syndicat, il n’était plus possible de lutter.",23180,,"[[5, 16, 'HasGroup']]"
"Alors que le groupe compte plus de 190 000 salariés, l’actionnariat salarié du groupe représente moins de 0,5 % du capital de LVMH.",23183,,"[[27, 51, 'HasGroup'], [53, 85, 'HasGroup']]"
"Or, c’est une évidence : une motion portée par l’extrême droite a très peu de chance de rassembler une majorité de voix.",23185,,"[[47, 63, 'HasGroup']]"
"En se parant des atours grandiloquents de l’universalisme, bien des responsables politiques promeuvent en réalité un communautarisme national aveugle à lui-même.",23190,,"[[59, 91, 'HasGroup']]"
"B erlin Berlin (Allemagne), de notre correspondant.- Participer de nouveau à une « grande coalition » avec les conservateurs ou choisir l’opposition et faire face à de nouvelles élections ?",23196,,"[[107, 124, 'HasGroup'], [136, 148, 'HasGroup']]"
"Jérôme Guedj, député socialiste de l’Essonne, a rappelé que si nombre de collectivités locales ont mis la main à la poche, les entreprises n’ont pas vu leur « versement mobilité » augmenter.",23200,,"[[123, 138, 'HasGroup']]"
Et les fonctionnaires ne savent plus à quel saint se vouer.,23202,,"[[3, 21, 'HasGroup']]"
"« Il y a une souffrance au travail quasi généralisée », regrette Roland Glandor de l’Utas-UGTG, syndicat particulièrement en froid avec la direction depuis l’épisode de l’obligation vaccinale dans les établissements de santé français.",23203,,"[[83, 94, 'HasGroup']]"
Les gens dans nos quartiers souffrent vraiment.,23204,,"[[0, 27, 'HasGroup']]"
La majorité actuelle en fait la démonstration quotidienne.,23206,,"[[0, 20, 'HasGroup']]"
"Troisième constat, une forte concentration des vendeurs en ligne.",23207,,"[[43, 64, 'HasGroup']]"
"» Sciences-Po est « une interaction très bizarre », une école « mêlée aux entreprises, aux médias, à toutes sortes d'intérêts, ce qui fait son avantage par rapport à l'université », décrit Bruno Latour.",23209,,"[[70, 85, 'HasGroup']]"
"» Car depuis six ans, les bailleurs sociaux ont subi une amère purge financière : la réduction du loyer de solidarité (RLS) pour compenser la baisse des aides personnelles au logement (APL) les prive de près d’1,5 milliard d’euros par an.",23211,,"[[22, 43, 'HasGroup']]"
"S’il existe en Israël une jurisprudence de ministres qui rendent leur tablier en cas d’inculpation, le cas ne s’est jamais présenté pour un chef de gouvernement – même si tous, depuis vingt ans, ont été poursuivis à un moment ou à un autre, et l’un d’entre eux, Ehud Olmert, emprisonné, mais après avoir perdu son poste.",23213,,"[[40, 98, 'HasGroup']]"
"Plus de 95 000 migrants sont arrivés depuis le début de l’année sur les côtes italiennes, selon Rome, plus du double par rapport à la même période de 2022, en provenance de Tunisie et de Libye.",23214,,"[[0, 23, 'HasGroup']]"
"Puis quand il a connu une scission avec ceux qui voulaient rejoindre le Pasok au gouvernement… » Enfin, il a ciblé les sociaux-démocrates qui rallient la victoire de la gauche de gauche hellène : « Puisque Syriza serait une variable de la social-démocratie, faites le gel de la dette, faites la réforme fiscale, faites la gratuité de la santé et de l'électricité, comme dans leur programme !",23217,,"[[69, 77, 'HasGroup'], [115, 137, 'HasGroup'], [166, 193, 'HasGroup'], [206, 212, 'HasGroup']]"
"« Le GUD est devenu un supplétif du régime syrien, les intérêts financiers de Frédéric Chatillon rejoignant ses intérêts politiques », estime l'ancien militant, qui apporte une autre illustration : « À cette époque, Chatillon rencontre Roger Garaudy, et achète les droits de son livre révisionniste Les Mythes fondateurs de l’État d'Israël pour l’Égypte.",23223,,"[[2, 8, 'HasGroup']]"
La mobilisation féminine jouera un rôle essentiel.,23224,,"[[16, 24, 'HasGroup']]"
"Nous accompagnons aussi un public auparavant invisible, des allocataires des minima sociaux qui n’étaient pris en charge par aucune structure.",23226,,"[[56, 141, 'HasGroup']]"
Le texte ne laisse pas le choix aux autorités françaises : elles doivent récupérer leurs ressortissant·e·s lorsque la Turquie l’exige.,23232,,"[[83, 106, 'HasGroup']]"
"La plupart de ses recours visaient à annuler l’extinction du titre foncier autochtone des peuples Wangan et Jagalingou sur plus de 1 385 hectares, prononcée par le gouvernement du Queensland en août 2019, pour permettre la construction de la mine d’Adani.",23233,,"[[86, 118, 'HasGroup']]"
"Aucun couloir humanitaire n’a pu être mis en place lundi pour l’évacuation des civils des zones de combats en Ukraine, notamment Marioupol, ont annoncé les autorités ukrainiennes pour la deuxième journée consécutive, accusant la Russie de « blocage ».",23234,,"[[75, 85, 'HasGroup']]"
"Les entreprises high-tech américaines sont en train de perdre leur crédibilité, et donc des clients à l’international », nous explique au téléphone Brough Turner, fondateur de plusieurs start-up, qui s’est associé à d’autres entreprises du Web venues faire du lobbying à Washington en début de semaine, afin de convaincre des élus de soutenir le USA Freedom Act.",23235,,"[[0, 37, 'HasGroup'], [88, 117, 'HasGroup'], [216, 301, 'HasGroup']]"
"« J'ai discuté avec pas mal de salariés des Républicains que je connais depuis longtemps, certains m'ont dit qu'ils avaient eu une prime directement sur leur fiche de paie, et d'autres effectivement dans des enveloppes […] D’après ce que j'ai compris, absolument tout le personnel de l’UMP de l'époque a été récompensé après la victoire », a expliqué un ancien comptable du parti.",23242,,"[[20, 56, 'HasGroup'], [268, 289, 'HasGroup']]"
Ils sont pris en otage par le Hamas.,23244,,"[[27, 35, 'HasGroup']]"
« Ces délinquants seront-ils susceptibles d’être poursuivis si nous adoptons cet article ?,23250,,"[[2, 17, 'HasGroup']]"
Ce qui grève lourdement les finances des entreprises endettées en devises.,23252,,"[[37, 73, 'HasGroup']]"
Car le collectif proche du maire Bertrand Kern donne satisfaction en haut lieu.,23255,,"[[4, 46, 'HasGroup']]"
"Ce qui amène cette réflexion de Jerome Roos : « Les libéraux des années 1930 étaient alors plus soucieux des conditions des pays débiteurs que les néolibéraux de la fin des années 1990, préoccupés du seul sort des créanciers.",23260,,"[[48, 76, 'HasGroup'], [143, 184, 'HasGroup'], [210, 224, 'HasGroup']]"
"» Les membres de la revue aiment à se définir comme les nouveaux « non-conformistes », groupe des années 1930 mêlant les personnalistes chrétiens, dont Ellul et Charbonneau, et les membres de la « Jeune Droite », dissidents de l’Action française.",23261,,"[[2, 25, 'HasGroup'], [52, 172, 'HasGroup'], [177, 245, 'HasGroup']]"
« Je tiens à rendre hommage aux organisations professionnelles de salariés et d’employeurs qui ont rendu possible ce résultat.,23262,,"[[28, 90, 'HasGroup']]"
"Les baromètres, qui dénotaient jusqu’ici un soutien sans faille à l’action des policiers, se sont montrés plus contrastés.",23266,,"[[75, 88, 'HasGroup']]"
"Voilà qui pourrait expliquer les protrusions linguales de Michael Jordan, celles des enfants qui apprennent à écrire et celles des souris qui tentent d’attraper leurs croquettes.",23269,,"[[81, 116, 'HasGroup']]"
C’est l’une des rares avancées pour les chauffeurs permises par cette loi.,23271,,"[[36, 50, 'HasGroup']]"
Le PS a toutefois fait adopter un amendement pour limiter à cinq ans le projet de terminal méthanier – via lequel pourrait transiter du gaz de schiste importé des États-Unis.,23277,,"[[0, 5, 'HasGroup']]"
"Mardi 30 juin, devant les grilles, au moins 400 salariés de l’équipementier télécom sont rassemblés à l’appel de l’intersyndicale, pour dénoncer le plan social annoncé une semaine plus tôt par la direction.",23281,,"[[35, 83, 'HasGroup'], [113, 129, 'HasGroup']]"
"Sur un coin de la place, des militants de la Fédération anarchiste vendent leur dernier ouvrage, tout fraîchement édité, Les Gilets jaunes : points de vue anarchistes.",23283,,"[[25, 66, 'HasGroup'], [121, 138, 'HasGroup']]"
"Quelque chose de direct… Les réalisateurs ne pipeautent pas, on les voit essayer de creuser leur rapport aux acteurs.",23285,,"[[25, 41, 'HasGroup'], [105, 116, 'HasGroup']]"
"Intitulée « La culture scientifique est à reconquérir », elle a été signée par Gérald Bronner et des scientifiques de renom, dont plusieurs prix Nobel de physique et chimie, et dénonce « le populisme précautionniste omniprésent ».",23288,,"[[97, 172, 'HasGroup']]"
Ce sont donc les zones rurales qui sont les premières victimes de la pollution.,23289,,"[[40, 78, 'HasGroup']]"
"Évoquant des débats annulés dans certaines facs, des enseignants menacés, il s’inscrit aussi explicitement dans le sillage de l’émotion née de l’attentat contre Samuel Paty, assassiné par un islamiste pour avoir montré à ses élèves des caricatures du Prophète.",23296,,"[[49, 72, 'HasGroup']]"
"« Avec l’arrivée d’Anne Maréchal, De Gaulle Fleurance a pour ambition de renforcer la pratique boursière et d’être la référence en matière d’actifs numériques et de blockchain (Cryptomonnaies, jetons, security Token, stable coins, Métavers, NFT…), en accompagnant les entreprises et les États dans leurs projets de plus en plus nombreux sur ce marché en développement.",23305,,"[[264, 279, 'HasGroup']]"
"« Avant la crise sanitaire, en Italie, nos politiques migratoires étaient centrées sur la sécurité et l’ordre public, les gouverneurs mettaient l’accent sur leurs pouvoirs d’ordre et de sécurité, les législateurs prévoyaient des restrictions à la circulation pour des catégories réputées “dangereuses”.",23307,,"[[118, 133, 'HasGroup'], [196, 212, 'HasGroup']]"
"Jusqu’à ce que ses habitants envisagent dès 2006 un projet radicalement nouveau : déplacer le village d’une bonne dizaine de kilomètres, le reconstruire près d’une large rivière et créer de nouvelles activités agricoles.",23318,,"[[15, 28, 'HasGroup']]"
"« Les sociaux-démocrates perdent encore plus que nous dans les urnes, mais cela ne nous rassure pas, c’est clair.",23324,,"[[2, 24, 'HasGroup']]"
"J’ai toujours voulu agir pour que ça s’arrête, car la majorité des employés sont jeunes et vivent leur première expérience professionnelle.",23325,,"[[51, 75, 'HasGroup']]"
"Si l'idée est séduisante, ce dispositif est quasiment impossible à mettre en place, estiment les experts.",23328,,"[[93, 104, 'HasGroup']]"
"Les critiques sont d'autant plus nombreuses que, dans le même temps, Caroline Collomb, l'épouse du maire de Lyon et référente de LREM du Rhône, est accusée par certains militants de diriger le mouvement de manière autocratique.",23336,,"[[129, 142, 'HasGroup']]"
Il est réservé aux plus précaires.,23337,,"[[15, 33, 'HasGroup']]"
"La question est alors : pourquoi de simples dégradations, sans risque pour les agriculteurs ni les riverains, peuvent-elles susciter une telle réaction de l’État ?",23341,,"[[75, 91, 'HasGroup'], [95, 108, 'HasGroup']]"
Un pilier du parti.,23342,,"[[10, 18, 'HasGroup']]"
C'est un mal dont la gauche a payé le plus lourd tribut.,23344,,"[[18, 27, 'HasGroup']]"
"Plus loin Jaqueline Canabale, entrepreneuse, dit ne pas croire au processus : « Ces personnes ont tué beaucoup de Colombiens et on va les laisser retrouver une vie normale, ici ?",23345,,"[[102, 124, 'HasGroup']]"
"Quant au groupe Liot, la quasi-totalité a voté pour le rejet de la réforme.",23347,,"[[6, 20, 'HasGroup']]"
"Le discours de Grenoble, le 30 juillet 2010, a achevé le travail, en ouvrant la voie à une extrême droitisation d’une partie de l’UMP et en divisant la majorité de l’époque.",23348,,"[[114, 133, 'HasGroup'], [149, 172, 'HasGroup']]"
"En l’occurrence, la phase paroxystique du génocide des Arméniens, entre 1915-1917, n’a pas été empêchée et elle s’est même prolongée.",23355,,"[[51, 64, 'HasGroup']]"
"Ce qui compte, pour Beauvau, c’est de doubler la présence des policiers sur la voie publique.",23356,,"[[58, 71, 'HasGroup']]"
"Un déluge de bombes touche, depuis, l’enclave palestinienne, fermée aux journalistes.",23360,,"[[68, 84, 'HasGroup']]"
"Il s’agit majoritairement, toujours selon l’inspection académique, de jeunes peu ou pas scolarisés dans leur pays d’origine, affectés dans des lycées professionnels avec des cours de remise à niveau.",23362,,"[[67, 198, 'HasGroup']]"
"Au lendemain de celles-ci, alors que sera levée l’inconnue de l’ampleur de la défaite socialiste annoncée, il restera onze jours pour déposer les motions, ces textes sur lesquels voteront les militants.",23364,,"[[188, 201, 'HasGroup']]"
"A uxerre Auxerre (Yonne).– Chassez les journalistes par la porte, ils reviendront par la fenêtre.",23365,,"[[35, 51, 'HasGroup']]"
"« Il y a des électorats ultramobilisés en ligne, comme l’est celui de François Asselineau, par exemple.",23367,,"[[9, 47, 'HasGroup']]"
"À Bruxelles début mars, il s’en est donné à cœur joie contre Bart de Wever, le patron des indépendantistes flamands de la N-VA, premier parti du royaume.",23368,,"[[86, 126, 'HasGroup']]"
"La gauche s’est avérée un chantier impossible, comme en témoignent l’échec, puis la disparition, du Szdsz, petite chapelle d’intellectuels désillusionnés, jamais en rupture avec le marxisme, qu’ils entendaient régénérer, à l’instar de Janos Kis, qui faisait partie de “la crèche Lukács”.",23372,,"[[0, 9, 'HasGroup'], [97, 105, 'HasGroup'], [123, 153, 'HasGroup']]"
"Mardi 10 juillet, elle réunissait une quarantaine d'experts et de chercheurs au Palais du Luxembourg sur le sujet.",23377,,"[[34, 76, 'HasGroup']]"
Un contrat de sécurisation des systèmes informatiques et de transmissions prévoyait de former en France du personnel libyen avec des rotations tous les mois.,23378,,"[[104, 123, 'HasGroup']]"
Les cuisines collectives ont un rôle important puisqu’elles produisent des repas à moindre coût pour les résidents.,23379,,"[[101, 114, 'HasGroup']]"
"Il est petit-fils de réfugiés économiques et politiques espagnols, élevé à Pantin, issu de la classe ouvrière et ancien du PCF.",23389,,"[[18, 65, 'HasGroup'], [91, 109, 'HasGroup'], [120, 126, 'HasGroup']]"
"« Les enseignants ne sont pas plus absents que les autres agents de la fonction publique d’État, et le sont moins que les agents des fonctions publiques territoriale et hospitalière », relève le rapport.",23391,,"[[2, 17, 'HasGroup'], [47, 95, 'HasGroup'], [118, 181, 'HasGroup']]"
Mais la pression est telle que les garde-frontières doivent être prévenus avant chaque sortie de l’hôpital lorsqu’il s’agit d’un migrant.,23400,,"[[31, 51, 'HasGroup'], [126, 136, 'HasGroup']]"
"Le 3 juillet, dans un message adressé aux 18 000 salariés du groupe, le fondateur a annoncé que deux vice-présidents du « pôle éditorial » d’Ubisoft, au cœur de la création des jeux, étaient sanctionnés.",23402,,"[[38, 67, 'HasGroup']]"
"Dès lors, il est difficile pour Noah Scheer, président de l’Union des étudiants juifs d’Autriche, de croiser cette statue en plein centre de la capitale : « Je sais que mes arrière-grands-parents ont grandi à Vienne à l’époque de Lueger et qu’ils ont souffert de l’antisémitisme grandissant.",23403,,"[[58, 96, 'HasGroup']]"
"Si de très nombreux jeunes ont fui, c'est que leur État était au départ l'un des plus pauvres de l'Inde.",23407,,"[[3, 26, 'HasGroup']]"
"Ce qui était faux, même s'ils n'avaient pas été aussi actifs que les Juifs d'Europe de l'Est.",23409,,"[[65, 92, 'HasGroup']]"
"Nommé ministre de l’intérieur en avril 2016, Mohamed Bazoum, un ancien syndicaliste passé par les mouvements d’extrême gauche durant sa jeunesse, n’a eu de cesse d’embastiller ceux qu’il qualifie d’« opposants déguisés en militants de la société civile ».",23411,,"[[94, 125, 'HasGroup'], [196, 252, 'HasGroup']]"
"À LIRE AUSSI  Au même moment, des milliers de migrants meurent chaque année en Méditerranée, piégés par leur rêve européen.",23413,,"[[30, 54, 'HasGroup']]"
"Z. vivait en Allemagne, où il était un cadre de la Ligue démocratique du Kosovo (LDK), la formation de feu Ibrahim Rugova, dont les militants étaient considérés par l’UÇK comme des rivaux à abattre.",23415,,"[[48, 85, 'HasGroup'], [128, 141, 'HasGroup'], [165, 170, 'HasGroup']]"
"(DR/ ©Sarah Faraud) Un festival de musique électronique (Seconde Nature) annulé au dernier moment à Aix-en-Provence, un célèbre festival de danse contemporaine (le Festival de Marseille) délogé du port marseillais par la CGT à un mois de son édition et un autre (Marsatac) de musiques nouvelles qui, sans lieu pérenne, songe à quitter sa ville d’origine.",23416,,"[[218, 224, 'HasGroup']]"
"Car les règles légales rappelées par la DGFIP, au terme desquelles il doit y avoir au sein du fonds de dotation une barrière strictement étanche entre la partie du fonds qui sanctuarise une société à but lucratif et l’autre partie qui finance des missions d’intérêt général, ont un prolongement nécessaire dans la gouvernance du fonds : les administrateurs et dirigeants du fonds de dotation doivent être indépendants.",23417,,"[[337, 391, 'HasGroup']]"
"Au même moment, dans sa fonction de gouverneur de la Banque centrale, il tentait d’attirer les fonds des Libanais à l’étranger en octroyant des taux d’intérêt dépassant parfois les 10 %.",23418,,"[[101, 126, 'HasGroup']]"
"Quant à la montée au Mur des fédérés de samedi dernier, elle a rassemblé pêle-mêle des membres de la CNT anarchiste et des socialistes bon teint.",23425,,"[[83, 115, 'HasGroup'], [119, 134, 'HasGroup']]"
Les cyberpatrouilleurs des divers services de renseignement français sont alors chargés de signaler toute nouvelle menace ciblant l’univers carcéral.,23426,,"[[0, 68, 'HasGroup']]"
L’enquête rapporte que la caméra-piéton de l’un des agents de la Suge a enregistré la scène pendant presque une heure.,23432,,"[[48, 69, 'HasGroup']]"
"Il est à la croisée des chemins, il ne peut pas rester quatre ans avec une majorité scotchée à 28 points de popularité.",23433,,"[[71, 118, 'HasGroup']]"
"C’est une guerre contre les Palestiniens, contre l’humanité, contre les droits de l’homme et contre le droit international », a-t-il conclu.",23434,,"[[24, 40, 'HasGroup']]"
"Comme tous les autres bénéficiaires, elle est agacée de l’image qui colle à la peau des bénéficiaires du RSA, et choquée « qu’on flique les personnes qui ont les minima sociaux pour vivre et qu’on entretienne l’idée que les personnes qui en bénéficient sont des flemmards.",23437,,"[[6, 35, 'HasGroup'], [84, 108, 'HasGroup'], [136, 187, 'HasGroup'], [220, 252, 'HasGroup']]"
"Cette année, le fleuron français de l’or gris employait plus de 65 000 « collaborateurs » – collaboratrices surtout (plus de 80 %), dont presque la moitié se trouvait dans l’Hexagone.",23444,,"[[56, 130, 'HasGroup']]"
"Sous la bannière « Plus jamais ça », elle regroupe entre autres Attac, la Fondation Copernic, des ONG comme Greenpeace ou Oxfam, et des syndicats comme la CGT et la FSU (voir leur texte ici).",23447,,"[[132, 145, 'HasGroup'], [152, 158, 'HasGroup'], [162, 168, 'HasGroup']]"
"Vendredi 13 mai, lors de la réunion en visioconférence des cadres socialistes opposés à l’accord, « Carole a été claire sur le fait qu’elle n’organisait pas la fronde ou la fuite vers un autre parti mais un espace de parole, assure une membre de son entourage.",23449,,"[[55, 96, 'HasGroup']]"
"» Il regrette que, pour ses autres plaintes, « les procureurs locaux traînent les pieds ».",23452,,"[[47, 68, 'HasGroup']]"
"Les questions relatives au désir d’expatriation n’ont été posées qu’aux jeunes diplômés en recherche d’emploi, soit 49 % de l’échantillon.",23458,,"[[68, 109, 'HasGroup']]"
"Le gouvernement grec paie aux industriels le transport par bateau de pétrole et de gasoil du continent aux îles, afin de fournir de l’électricité tout au long de la haute saison touristique.",23468,,"[[26, 41, 'HasGroup']]"
Son domicile a été perquisitionné samedi et il a été suspendu mardi du PS belge comme du groupe des sociaux-démocrates (S&D) au Parlement européen.,23469,,"[[68, 79, 'HasGroup'], [86, 146, 'HasGroup']]"
"L'UMP exsangue, Nicolas Sarkozy va donc devoir puiser dans d’autres ressources que celles du parti.",23470,,"[[0, 5, 'HasGroup'], [90, 98, 'HasGroup']]"
"Le Liban compte 30 % de réfugiés dans sa population, dont 17 % de Syriens !",23471,,"[[21, 32, 'HasGroup'], [63, 73, 'HasGroup']]"
"Du côté de l’Assemblée nationale, le constat est tout aussi amer : « Je vous mentirais si je vous disais que les parlementaires sont associés aux décisions », affirme un député La République en marche (LREM).",23473,,"[[109, 127, 'HasGroup'], [177, 207, 'HasGroup']]"
"» Le syndicaliste prend pour exemple la contestation de prés de cinq cents policiers qui, suite à l’agression de quatre agents à Viry-Chatillon (Essonne), avaient, le 18 octobre 2016, défilé en nocturne sur les Champs-Élysées.",23474,,"[[56, 84, 'HasGroup']]"
"Elle renonce uniquement aux financements des « pure players », les entreprises majoritairement spécialisées dans l’extraction, et non des grands groupes miniers diversifiées.",23479,,"[[41, 125, 'HasGroup'], [134, 173, 'HasGroup']]"
"A Sevran, il a ainsi dénoncé clairement son «incompatibilité» avec le pouvoir en place, sans toutefois accorder de «blanc-seing» à la gauche.",23481,,"[[131, 140, 'HasGroup']]"
Ses “ ministres ” sont tous soumis.,23482,,"[[0, 17, 'HasGroup']]"
"Un noyau de notre police qui déconnait... » Lorsqu’on évoque le binôme de policiers proche de René, Danet répond qu’il ne « confirme rien ».",23484,,"[[0, 24, 'HasGroup']]"
"Il ne l’a pas explicitement désigné mais il vise bien le drapeau berbère, présent dans les défilés à travers le pays depuis le début du mouvement en février.",23492,,"[[133, 145, 'HasGroup']]"
"« Au départ, les gilets jaunes ne voulaient pas de syndicats et pas de politiques, il faut donc savoir rester chacun dans son camp.",23501,,"[[13, 30, 'HasGroup'], [48, 60, 'HasGroup']]"
"Depuis les années 2000, l’entreprise recrute fortement dans les quartiers populaires, où vivent les populations issues de l’immigration.",23502,,"[[96, 135, 'HasGroup']]"
"Herschmann a posé une question directe : si les États veulent recertifier leurs électeurs, pourquoi ne le font-ils pas eux-mêmes ?",23506,,"[[74, 89, 'HasGroup']]"
"Car malgré la décision du ministère de l’intérieur de prolonger de trois mois la durée de validité des documents de séjour pour les étrangers en situation régulière, beaucoup voient leur droit de travailler ou leurs droits sociaux remis en doute.",23507,,"[[128, 164, 'HasGroup']]"
"Alors que le fameux Saccone, un bon soldat conservateur, a été devancé dans une élection imperdable en Pennsylvanie (nord-ouest des États-Unis), les spin doctors du Parti républicain sortent les rames.",23509,,"[[145, 182, 'HasGroup']]"
"Toutefois, le président du groupe socialiste préfère s'en tenir à la demande d'une commission d'enquête parlementaire.",23510,,"[[24, 44, 'HasGroup']]"
"On aura rencontré ici tellement de gens « surpris » par la victoire du RN qu’il faudrait penser à créer dans le canton de Bourbonne une réserve naturelle de « gens surpris », comme il y a des réserves de gibier d’eau.",23514,,"[[68, 73, 'HasGroup']]"
"Un épisode historique devrait faire réfléchir les Chinois, premiers créanciers des Etats-Unis: la Banque de France, qui avait conservé 300 millions de livres dans ses comptes (sans en demander la conversion en or), en a perdu plus du tiers quand la Grande-Bretagne a finalement abandonné l'étalon-or et dévalué massivement.",23516,,"[[46, 57, 'HasGroup']]"
"» Un ancien militant du Parti de gauche, un temps proche de Muriel Ressiguier, notamment pendant la campagne des municipales de 2014, se souvient de rapports complexes, parfois conflictuels.",23519,,"[[21, 39, 'HasGroup']]"
"D'habitude, les militants suivent davantage la consigne.",23523,,"[[12, 25, 'HasGroup']]"
"Médecin de formation, membre du conseil d'administration de l'association Assedea qui regroupe des familles d'enfants nés avec agénésie, il lui a été proposé de rejoindre le futur comité d'orientation.",23524,,"[[95, 135, 'HasGroup']]"
"À LIRE AUSSI  Lorsque Laurent Wauquiez s’est rendu en Irak en juin 2018 pour apporter son soutien aux « chrétiens d’Orient », il a rencontré des membres d’associations de défense des chrétiens d’Orient.",23526,,"[[98, 124, 'HasGroup'], [179, 201, 'HasGroup']]"
"La direction de LFI a senti qu’il fallait répondre à cette pression d’en bas, mais elle y voit aussi son intérêt.",23530,,"[[0, 19, 'HasGroup']]"
Je ne crois pas que les autres forces politiques vont accepter la proposition du leader de LFI.,23532,,"[[20, 48, 'HasGroup'], [88, 94, 'HasGroup']]"
Ce modèle semble à des années-lumière du projet démocratique des révolutionnaires de 2011.,23534,,"[[61, 89, 'HasGroup']]"
"Quoi qu’en dise le patronat, la France est un des pays où il est possible de très bien gagner sa vie pour les grands groupes.",23536,,"[[16, 27, 'HasGroup'], [106, 124, 'HasGroup']]"
"Mais pour le collectif d’associations qui a travaillé sur le projet de réglementation, le texte est une grande déception.",23539,,"[[10, 37, 'HasGroup']]"
« Cette loi risque de réactiver les réseaux des administratifs qui travaillaient pour le compte des clans d'affaires proches de Ben Ali et de sa femme.,23542,,"[[96, 150, 'HasGroup']]"
"Loin du « carton » annoncé, aujourd’hui les écolos seraient tout heureux de flirter avec la barre des 10 % dimanche.",23544,,"[[40, 50, 'HasGroup']]"
"Des barbares sont en train de perpétrer les pires crimes contre l’humanité et menacent actuellement les populations mais aussi la stabilité et la paix entre les peuples de toute la région », poursuivent les signataires qui « dénoncent sans ambiguïté les actes terroristes qui constituent des crimes contre l’humanité et déclarent solennellement que ces groupes, leurs soutiens et leurs recrues ne peuvent se prévaloir de l’Islam ».",23553,,"[[0, 12, 'HasGroup'], [157, 187, 'HasGroup']]"
"Concrètement, cela se traduit par une détérioration des remboursements de soins ou par des politiques plus dures pour les chômeurs.",23556,,"[[118, 130, 'HasGroup']]"
"« Il y a un consensus au niveau international pour reconnaître que ce texte est très avancé par rapport au droit constitutionnel international, que ce soit sur la question paritaire, les droits des femmes, les droits des peuples autochtones et l’urgence écologique », souligne Emmanuelle Barozet, chercheuse au sein du Centre d’études du conflit et de la cohésion sociale (COES) de l’université du Chili.",23557,,"[[194, 204, 'HasGroup'], [217, 240, 'HasGroup']]"
"Vieil habitué de la politique ukrainienne, le romancier Kourkov nous décrit dans Laitier de nuit quelques spécimens de parlementaires.",23564,,"[[116, 133, 'HasGroup']]"
"La solution pour aider le continent à combler ses besoins financiers, c’est moins de demander aux pays occidentaux d’augmenter leur aide que de leur demander de discipliner leurs entreprises en les obligeant à payer leurs taxes dans les pays où elles opèrent.",23565,,"[[173, 190, 'HasGroup']]"
"A partir de 2006, les Trans décident de ne plus inviter que des jeunes pousses.",23570,,"[[60, 78, 'HasGroup']]"
"Un tel projet, conçu au détriment des salariés et à l’avantage des banques, des administrateurs judiciaires et mandataires de justice, aurait donc justifié une étude d’impact sérieuse et une concertation avec les partenaires sociaux – pas seulement le patronat, qui gère, seul, ce régime de garantie des salaires, et qu’il est aussi le seul à financer, mais aussi les confédérations syndicales, qui y sont très attachées.",23571,,"[[34, 46, 'HasGroup'], [63, 74, 'HasGroup'], [76, 107, 'HasGroup'], [111, 133, 'HasGroup'], [209, 232, 'HasGroup'], [249, 260, 'HasGroup'], [364, 393, 'HasGroup']]"
"Je pense plus que jamais que le traitement de cet événement, tant par les médias dominants que par les intellectuels néo-conservateurs, est très proche de celui des émeutes de 2005.",23573,,"[[99, 134, 'HasGroup']]"
"De quoi réjouir ses soutiens, de plus en plus nombreux à LFI.",23577,,"[[57, 60, 'HasGroup']]"
"Ces système est qualifié d'« instrument hybride » et hautement critiqué par l’OCDE, qui a mis sur pied un plan mondial visant à calmer les ardeurs des rois de l’optimisation fiscale.",23578,,"[[147, 181, 'HasGroup']]"
"Depuis, les frontières redessinées de ces confins européens ont remis chacun chez soi : Polonais et Polonaises d’un côté, Ukrainiennes et Ukrainiens de l’autre.",23581,,"[[88, 110, 'HasGroup'], [122, 148, 'HasGroup']]"
"Dans le cadre de l’opération, des soldats de l’armée ont identifié des cellules terroristes tentant de lancer des missiles antichars et des obus de mortiers, et les ont touchées.",23582,,"[[30, 52, 'HasGroup'], [67, 91, 'HasGroup']]"
"Comme ailleurs dans le monde, les New-Yorkais ont adopté ce rituel pour remercier le personnel médical.",23583,,"[[30, 45, 'HasGroup'], [82, 102, 'HasGroup']]"
"Comme sa venue, en 2014, aux frais des Russes, au Forum parlementaire international de Moscou, un événement conçu comme le point de ralliement des forces conservatrices russes et européennes.",23585,,"[[35, 45, 'HasGroup'], [143, 190, 'HasGroup']]"
"Chaque fois que je préparais une opération, les trafiquants étaient prévenus un jour avant », explique l’ancien policier, qui a finalement obtenu l'asile en Suisse.",23600,,"[[44, 59, 'HasGroup']]"
"Ce que David Grossman ne précise pas, c'est qu'il avait protesté avec d'autres, demandé le retrait des troupes israéliennes, tenu conférence de presse, des années après avoir été accusé de «trahison» par Itshak Shamir pour avoir, dès son premier livre, dénoncé les souffrances imposées aux Palestiniens par l'occupation.",23601,,"[[99, 123, 'HasGroup'], [286, 302, 'HasGroup'], [307, 319, 'HasGroup']]"
"A u Au Cameroun aussi, du matériel militaire français est utilisé contre des populations civiles.",23606,,"[[73, 96, 'HasGroup']]"
"Or, ce que nous nous efforçons de montrer, c'est que la rationalité de la politique d'immigration menée par Nicolas Sarkozy ne relève pas de la poursuite du profit – les expulsés sont largement les travailleurs surexploités dont le patronat raffole, au point que l'on voit depuis peu des employeurs se coaliser pour demander la régularisation de leurs employés – mais plutôt de la recherche du crédit – accréditer l'efficience de la volonté du chef.",23610,,"[[166, 178, 'HasGroup'], [194, 223, 'HasGroup'], [229, 240, 'HasGroup'], [284, 298, 'HasGroup'], [346, 360, 'HasGroup']]"
"Il a jeté une lumière crue sur les divisions au sein de la filière nucléaire, sur le flou de la politique énergétique française, sur l'impossibilité de tenir un discours clair sur les rémunérations patronales.",23615,,"[[56, 76, 'HasGroup'], [198, 208, 'HasGroup']]"
"En conséquence, les salariés ressentent très majoritairement une insécurité pour leur emploi et un climat de peur (avec sentiment de ne pas avoir le droit à l’erreur, que tout le monde peut être le prochain licencié, etc.).",23618,,"[[16, 28, 'HasGroup']]"
"« Il avait un grand souci de pragmatisme, il ne jouait ni les vieux sages ni les grands chefs à expérience », confirme aussi Ludivine Bantigny, qui l’a connu au NPA.",23623,,"[[158, 164, 'HasGroup']]"
"Il aurait, avec d’autres organisations syndicales, réussi à allonger le temps de consultation avec le ministère du travail, permis dans la mouture actuelle que la négociation sociale ne soit pas uniquement ramenée à l’entreprise mais encore réservée à la branche professionnelle sur de nombreux sujets (qualifications, rémunérations minimales, formation, prévoyance…), poussé le gouvernement à s’engager sur une augmentation des indemnités légales de licenciement.",23627,,"[[16, 49, 'HasGroup'], [216, 228, 'HasGroup'], [252, 278, 'HasGroup']]"
"C’est le « parti des escrocs et des voleurs », Russie unie, le parti présidentiel, qui ruine le pays et bloque l’avenir de la jeunesse.",23628,,"[[6, 81, 'HasGroup'], [123, 134, 'HasGroup']]"
"Pas un électeur pour estimer que ses sanglots ont pu donner l'impression que, décidément, les femmes ne supportent pas la pression, qu'elles ne sont pas taillées pour de telles responsabilités: «Au contraire, ça l'a humanisée.",23629,,"[[90, 100, 'HasGroup']]"
On était vraiment entre cinéphiles.,23632,,"[[24, 34, 'HasGroup']]"
"Dans l’enclave palestinienne, les frappes sont incessantes et des dizaines de milliers de personnes ont fui leur domicile.",23633,,"[[62, 99, 'HasGroup']]"
"Raisonner en termes de valeur et de morale de classe donne à voir comment des groupes stigmatisés vivent et font avec des stéréotypes (le genre, l’appartenance territoriale, migratoire ou ethnique, générationnelle) qui se combinent, se superposent et s’articulent avec la dimension hiérarchisée des rapports de classe, y compris lorsque cette dernière est largement euphémisée, voire déniée dans la compréhension qu’en ont les agents sociaux.",23634,,"[[74, 97, 'HasGroup'], [423, 441, 'HasGroup']]"
"Le 12 octobre, après un nouveau message menaçant du Hamas contre la diaspora juive, le Service de protection de la communauté juive (SPCJ) a publié un communiqué pour rappeler « aux structures juives » - synagogue, écoles, lieux communautaires – de respecter strictement certaines consignes de sécurité.",23640,,"[[49, 57, 'HasGroup'], [65, 82, 'HasGroup']]"
"Ils ont travaillé avec l’Association des professionnels soudanais (SPA), regroupement d’organisations professionnelles clandestines créé sous Omar al-Bachir pour faire pièce aux syndicats officiels.",23648,,"[[174, 197, 'HasGroup']]"
"Certes, l’attaque de Jean-Pierre Jouyet contre les « baronnies » de la Caisse des dépôts suggère que les jours d’André Yché sont probablement comptés.",23651,,"[[47, 88, 'HasGroup']]"
"« En toile de fond, il y avait aussi une crainte liée à l’arrivée des Chinois et leur influence grandissante au Kazakhstan.",23654,,"[[66, 77, 'HasGroup']]"
M ettre Mettre la pédale douce sur la culture aura été l’une des stratégies de la prétendue « dédiabolisation » de l’extrême droite menée par Marine Le Pen.,23662,,"[[115, 131, 'HasGroup']]"
"Comme l’a récemment écrit la romancière et dramaturge argentine Claudia Piñeiro, « l’intensité et l’agressivité des antiavortements ces dernières semaines masque quelque chose de plus profond.",23668,,"[[112, 131, 'HasGroup']]"
Ils appartiennent à l’« aristocratie rouge ».,23669,,"[[20, 44, 'HasGroup']]"
L’État hébreu a indiqué lundi matin évacuer les résidents de vingt-huit localités du nord du pays.,23670,,"[[44, 97, 'HasGroup']]"
"» Et prédisent que « contrairement » à ce qu’a pu indiquer le ministère de l’écologie, « cette décision n’est favorable à personne et il sera contraint de l’admettre lorsque l’État devra indemniser les victimes de la pollution de l’air, en raison de sa carence fautive ».",23671,,"[[198, 235, 'HasGroup']]"
Vous insistez sur le professionnalisme de nombreux adhérents de la CGT.,23672,,"[[39, 70, 'HasGroup']]"
"Mais elles participent d’une logique nauséabonde qui n’est pas nouvelle », déplore la CGT qui considère « ce harcèlement administratif » comme illégal.",23674,,"[[83, 89, 'HasGroup']]"
"Peut-être que les générations futures pourront l’entendre sereinement, mais ce n’est pas mon cas.",23675,,"[[14, 37, 'HasGroup']]"
"Dans la foulée, Total, L’Oréal, Bouygues et d'autres géant du capitalisme français ont annoncé des dons, ne voulant pas être en reste… En une journée, les milliardaires ont déjà promis 600 millions d'euros pour reconstruire Notre-Dame.",23676,,"[[44, 82, 'HasGroup'], [151, 168, 'HasGroup']]"
"Dans le Khouzistan (sud du pays), ce sont d’épaisses tempêtes de poussière et dans les grandes villes, comme Téhéran, des nuages de pollution qui accablent les populations.",23678,,"[[156, 171, 'HasGroup']]"
"Des pays comme la Hongrie proposaient d’externaliser l’accueil et même l’enfermement de ces survivants en dehors de l’UE, dans des camps en Albanie, au Kosovo, voire de les refouler sur les rives sud de la Méditerranée – quitte à balancer le droit international par-dessus bord.",23683,,"[[88, 102, 'HasGroup']]"
"D e De nouvelles données confirment la découverte du boson de Higgs, annoncée le 4 juillet 2012 par les physiciens du Cern, l’organisation européenne pour la recherche nucléaire (voir notre article ici).",23685,,"[[100, 122, 'HasGroup']]"
"Car toute formation politique qui entre au gouvernement en ce moment devient mécaniquement fragile, du simple fait qu'elle applique cette politique.» Tandis que le Pasok souhaitait un gouvernement avec des marges de manœuvre importantes, Nouvelle Démocratie souhaitait un aréopage de technocrates et de seconds couteaux pour gérer les affaires courantes d'ici aux élections.",23698,,"[[281, 296, 'HasGroup']]"
"Ce mardi soir, les syndiqués en ont fait des dizaines de photocopies, en prenant soin de cacher les informations personnelles, et les distribuent à qui veut bien voir « comment ils se gavent ».",23712,,"[[15, 28, 'HasGroup']]"
"Porte-parole d’Ensemble !,  la composante écolo-anticapitaliste du Front de gauche, elle a aussi dénoncé certaines « facilités » de langage : « Discutez avec les nouvelles générations de militants et de cadres communistes, ce n’est pas aussi caricatural que ce que vous croyez.",23714,,"[[13, 82, 'HasGroup'], [158, 221, 'HasGroup']]"
"Surtout, et c’était l’élément fort de l’étude de l’OFCE que les ministres évitent d’aborder, les mesures du gouvernement favorisent le creusement des inégalités.",23717,,"[[60, 73, 'HasGroup']]"
"« Le seul obstacle empêchant d’atteindre cet objectif d’un régime dictatorial intitulé système présidentiel est le HDP », concluent les accusés.",23719,,"[[112, 118, 'HasGroup']]"
"Malgré la répression inédite en France, les violences policières inédites, Emmanuel Macron est populaire aux États-Unis.",23721,,"[[54, 64, 'HasGroup']]"
"On est en train de leur dire : “Vous n’êtes pas de chez nous.” Être né ici, avoir ses parents qui sont nés ici, ça ne fait pas de nous des “Blancs”... C’est où, le curseur du Blanc ?",23729,,"[[135, 147, 'HasGroup'], [172, 180, 'HasGroup']]"
Le Front national est notamment renvoyé en correctionnelle dans l'affaire de son financement des campagnes de 2012.,23732,,"[[0, 17, 'HasGroup']]"
"Cela rejoindrait les conclusions des chercheurs de l’université américaine Yale qui ont détecté la présence du virus dans la salive de sujets atteints du Covid-19, alors qu’il était passé inaperçu avec le test de dépistage habituel, comme le rapporte la revue scientifique Nature.",23735,,"[[33, 79, 'HasGroup']]"
"Une cohabitation avec l’armée s’est installée une année durant, avant que des luttes de pouvoir ne s’intensifient, menant à un coup d’État militaire du général Sissi (appuyé par les Émirats arabes unis et l’Arabie saoudite) qui a sifflé ainsi la fin de la transition politique en juillet 2013 (que le Qatar et la Turquie soutenaient par proximité avec les Frères).",23742,,"[[352, 362, 'HasGroup']]"
"Sans argent ni logement, ces Gazaouis ont été accueillis par la population palestinienne.",23747,,"[[25, 37, 'HasGroup'], [61, 88, 'HasGroup']]"
"Depuis sa prise de pouvoir fin juillet, le successeur de Theresa May, qui ne dispose que d’une voix de majorité à Westminster et dont le parti a été humilié lors des élections européennes de mai, a en effet lancé une campagne électorale qui ne dit pas son nom.",23754,,"[[134, 142, 'HasGroup']]"
"Cette réorganisation inquiète les personnels (une pétition recueille les signatures de soutien), mais aussi les scientifiques, particulièrement attachés à ce lieu de promotion de la recherche fondamentale, unique en France (voir la réaction de notre blogueur Thomas Heams).",23764,,"[[30, 44, 'HasGroup'], [108, 125, 'HasGroup']]"
"Pour veiller à la qualité de « son » eau et montrer qu’il est aux côtés de la société civile pour protéger l’environnement, le minéralier suisse mène également des projets avec plusieurs associations vosgiennes de promotion du « jardinage zéro pesticides ».",23766,,"[[177, 256, 'HasGroup']]"
"Idéologiquement, le Fidesz en est très proche.",23777,,"[[17, 26, 'HasGroup']]"
"Adoptée en 2012 pour sanctionner des Russes accusés d’avoir été derrière la mort sous la torture de Sergeï Magnitski, un avocat russe qui avait dénoncé l’un des plus grands réseaux de corruption d’État sous Poutine, la loi Magnitski a été élargie à tous les suspects de violation des droits humains ou de grande corruption.",23792,,"[[249, 322, 'HasGroup']]"
"» Selon le maire d’Arlit, Abdourahamane Mawli, ce sont au moins 7 000 personnes qui seront directement touchées par cette fermeture.",23793,,"[[64, 79, 'HasGroup']]"
"En Tchéquie, à trois mois des élections législatives, les Pirates sont aux portes du gouvernement, avec 34 % des intentions de vote.",23794,,"[[54, 65, 'HasGroup']]"
"Misère de la condition ouvrière, encore et toujours, encore pire, semble suggérer Manuela Frésil, dont le précédent film documentait le quotidien d'éleveurs de porcs (Si loin des bêtes, 2003).",23797,,"[[23, 31, 'HasGroup'], [146, 165, 'HasGroup']]"
"Dans une lettre adressée aux officiers du rabbinat militaire en octobre 2008, Avichai Rontsky assurait qu’il « existait un besoin crucial de rattacher les soldats à leurs racines et aux valeurs juives » et qu’il revenait aux rabbins militaires d’inculquer ces valeurs aux recrues.",23804,,"[[25, 60, 'HasGroup'], [151, 162, 'HasGroup'], [221, 243, 'HasGroup'], [268, 279, 'HasGroup']]"
"À soixante-dix ans passés, cette veuve continue de servir les clients.",23808,,"[[58, 69, 'HasGroup']]"
"En effet, lors des confrontations, les garagistes, terrorisés, ne reconnaissent plus personne.",23809,,"[[35, 49, 'HasGroup']]"
On estime à environ un million le nombre d’acteurs.,23815,,"[[41, 50, 'HasGroup']]"
"Surtout, cette politique est tout à fait efficace pour réduire les inégalités et elle n’incite pas particulièrement ceux qui en bénéficient à profiter douillettement de la situation.",23816,,"[[116, 139, 'HasGroup']]"
"Les femmes ont su s’emparer des réseaux sociaux, ce qui fait que cela a atteint des millions de femmes.",23822,,"[[0, 10, 'HasGroup'], [80, 102, 'HasGroup']]"
"Plus de 1 162 personnes, pour la plupart syriennes, ont ainsi tenté la traversée maritime avec des passeurs entre janvier 2020 et fin mai 2021, dont plus de 414 au cours des cinq premiers mois de 2021, selon les statistiques du UNHCR communiquées à la presse locale.",23824,,"[[0, 50, 'HasGroup'], [95, 107, 'HasGroup']]"
"C’est aussi vrai à l’échelle européenne : en octobre 2019, un rapport confidentiel d’Europol révélait que l’ultradroite européenne tentait « de recruter des membres des services militaires et de sécurité », « dans l’objectif de renforcer leurs capacités physiques et leur aptitude au combat ».",23827,,"[[106, 130, 'HasGroup'], [153, 203, 'HasGroup']]"
"Le ministre, « un homme de droite à la fibre sociale indéniable », dit un proche, a dû se rendre compte, contrairement à ce qu’il croyait, que tous les enfants et adolescents ne sont pas équipés d’un ordinateur, d’un téléphone ou encore d’une connexion Internet.",23828,,"[[143, 174, 'HasGroup']]"
"» Dans une étude datée de juin dernier, le général de réserve Michael Herzog, officier de renseignement pendant vingt ans, puis chef du département de la planification stratégique et conseiller de quatre ministres de la défense, étudie en détail la stratégie de modernisation de l’armement du Hezbollah, lancée par son protecteur iranien en 2016, dans le cadre de sa transformation de la Syrie en front renforcé face à Israël.",23831,,"[[290, 302, 'HasGroup']]"
"Il précise que des initiatives ont été empêchées lorsque certains acteurs ont tenté, par exemple, de faire sortir l’autisme de la psychiatrisation, de fermer les établissements ou services d’aide par le travail (ESAT), car le droit du travail ne s’y applique toujours pas, ou de fermer les instituts médico-éducatifs (IME), considérés comme inadaptés aux besoins des enfants.",23838,,"[[363, 374, 'HasGroup']]"
"Le problème, c'est que la situation des travailleurs n'a fait qu'empirer ces dernières années.",23839,,"[[36, 52, 'HasGroup']]"
"V alence Valence (Drôme).– Soudain, il pleut dru sur les Amfis d’été de La France insoumise (LFI).",23844,,"[[72, 97, 'HasGroup']]"
"La jeune femme se souvient de la fumée noire s’élevant dans le ciel, puis de l’armée bouclant les quartiers alévis dans la crainte de violences – quinze ans plus tôt, un pogrom anti-alévi avait fait une dizaine de morts.",23845,,"[[182, 187, 'HasGroup']]"
"L’opération Déluge d’al-Aqsa est entièrement palestinienne, pour la Palestine, sa cause, son peuple, et n’est liée à aucun dossier régional ou international », a déclaré Hassan Nasrallah, qui ne s’était pas exprimé depuis le 7 octobre.",23846,,"[[89, 99, 'HasGroup']]"
"« L’objectif, ce jour-là, écrivent les chercheurs, n’est à l’évidence pas de “maintenir l’ordre” en permettant aux manifestants présents de se déployer en sécurité, mais plutôt de punir les personnes présentes.",23858,,"[[35, 49, 'HasGroup'], [111, 136, 'HasGroup'], [186, 209, 'HasGroup']]"
"Dans la campagne présidentielle, « je n’avais qu’un rôle de support », déclare Éric Cesari, comme s’il avait été un petit chef des services généraux du parti.",23859,,"[[149, 157, 'HasGroup']]"
"Élu pour toujours par le général mais jamais par la nation, il fallait qu'il trouvât quelque raison d'être aux yeux des députés godillots de l'UNR puis de l'UDR, le parti gaulliste.",23863,,"[[116, 180, 'HasGroup']]"
"Elle y parvient en partie : depuis sa première candidature, l’écart entre le vote RN des hommes et des femmes s’est réduit.",23869,,"[[82, 84, 'HasGroup'], [85, 95, 'HasGroup'], [99, 109, 'HasGroup']]"
La direction du parti leur propose deux choix : une primaire ouverte aux sympathisants et un vote en congrès qui leur serait réservé.,23875,,"[[0, 21, 'HasGroup'], [69, 86, 'HasGroup']]"
"Heureusement, par rapport au printemps, les médecins traitants y entrent encore ».",23876,,"[[40, 62, 'HasGroup']]"
"Vue de Bruxelles, l’Italie est, dans les rangs des droites les plus dures, un laboratoire à suivre pour trouver la coalition qui dirigera le Parlement européen après les élections de 2024.",23882,,"[[47, 73, 'HasGroup']]"
"Le problème, c’est que l’on nous a expliqué depuis des années que le développement du secteur privé allait profiter à la santé des Espagnols, alors qu’en réalité, tout un réseau de garanties sociales a disparu, et la capacité de réponse s’est amoindrie.",23885,,"[[127, 140, 'HasGroup']]"
"Et de dénoncer : « Depuis 1967, les Israéliens n’ont cessé d’amplifier leur expansion et leur système d’oppression.",23887,,"[[32, 46, 'HasGroup']]"
"Ajoutée aux dividendes exceptionnels, aux actions gratuites, le groupe a reversé une bonne dizaine de milliards à ses actionnaires depuis 2003.",23892,,"[[114, 130, 'HasGroup']]"
"Elles demandent qu’on incarcère moins de personnes en détention provisoire ou pour de courtes peines, et que l’on libère plus rapidement les détenus condamnés en fin de peine.",23893,,"[[38, 100, 'HasGroup'], [137, 174, 'HasGroup']]"
"Les professeur·es voient arriver, désarmé·es, des enfants qu’ils reconnaissent ne pas savoir prendre en charge.",23894,,"[[0, 17, 'HasGroup'], [46, 57, 'HasGroup']]"
"Comme le rappelle Têtu, Marine Le Pen a d’ailleurs diffusé une vidéo de soutien du président hongrois à l’un de ses meeting à Reims en février, dans laquelle ce dernier déclare : « Nous voulons protéger les familles et nous ne voulons pas laisser entrer les militants LGBT dans nos écoles.",23898,,"[[203, 215, 'HasGroup'], [254, 272, 'HasGroup']]"
Lire aussi notre enquête parue le 14 septembre : « Arnaques à la formation : les influenceurs en roue libre ».,23905,,"[[77, 93, 'HasGroup']]"
"Les troupes israéliennes, après avoir encerclé la ville, ont commencé à y lancer des incursions.",23915,,"[[0, 24, 'HasGroup']]"
"Du reste, compte tenu du maintien de la désindexation des prestations sociales, le nombre de perdants de l’ensemble des mesures fiscales du gouvernement reste beaucoup plus important parmi les 25 % les plus pauvres des ménages.",23917,,"[[90, 152, 'HasGroup'], [198, 226, 'HasGroup']]"
"Cependant, cet endroit n’est pas fait pour abriter des milliers de personnes et ne pourra jamais se transformer en camp offrant des conditions de vie acceptables.",23919,,"[[51, 76, 'HasGroup']]"
"Par ailleurs, ils ont noué des relations avec des supporters italiens, ce qui fait qu’ils ont pu être sensibilisés à l’avancée du virus en Italie, à ce qui nous attendait en France, et aux initiatives mises en place par les ultras transalpins.",23922,,"[[46, 69, 'HasGroup'], [220, 242, 'HasGroup']]"
"D’ailleurs, selon lui, « les femmes politiques, de stature nationale, qui ne [sont] pas passées dans les bras de l’un des trois monarques français de ces trente dernières années (Giscard, Mitterrand, Chirac) » se comptent « sur les doigts d’une main ».",23931,,"[[25, 207, 'HasGroup']]"
"« C’est difficile de s’occuper des pensionnaires…, juge Frédéric Mitterrand, qui régna à Rome de 2008 à 2009.",23933,,"[[31, 48, 'HasGroup']]"
"Ce qui désarçonne les adhérents européens, dont une partie quitte à ce moment-là les fédérations.",23934,,"[[18, 41, 'HasGroup']]"
"L’annonce, le 3 août, de la victoire du candidat du Zanu-PF Emmerson Mnangagwa (avec 50,8 % des voix contre 44,3 % pour son principal opposant) a également donné lieu à des contestations, que l’appareil sécuritaire zimbabwéen, étroitement lié au parti majoritaire, a tôt fait de réprimer.",23935,,"[[49, 59, 'HasGroup'], [243, 263, 'HasGroup']]"
"« C’est un budget pour tous les Français », insiste ainsi dans Le Monde Bruno Le Maire, qui décline les baisses d’impôts pour « les travailleurs » (la suppression des cotisations salariales santé et chômage), pour « les ménages » (suppression progressive de la taxe d’habitation), pour les « entreprises » (baisse du taux de l’impôt sur les sociétés) et pour les « entrepreneurs » (pour la réforme de l’ISF).",23939,,"[[23, 40, 'HasGroup'], [128, 144, 'HasGroup'], [216, 227, 'HasGroup'], [286, 305, 'HasGroup'], [359, 380, 'HasGroup']]"
"Pour les plus grandes fortunes, la loi qui encadre la TNT est donc une bénédiction : elle autorise toutes les spéculations possibles et imaginables.",23940,,"[[5, 30, 'HasGroup']]"
"Dès la deuxième saison, nous avons donc décidé que les réalisateurs ne monteraient plus.",23942,,"[[51, 67, 'HasGroup']]"
"Pour leur santé psychique, les enfants ne peuvent donc, pour l’instant, compter que sur l’hôpital public.",23943,,"[[27, 38, 'HasGroup']]"
"» Selon les cadres, une partie significative des avances reçues de la monarchie n’était pas affectée aux chantiers.",23959,,"[[8, 18, 'HasGroup']]"
"Caroline Criado Perez, journaliste britannique et militante féministe, démontre par le menu combien le monde, de par ses normes techniques, est façonné pour les hommes.",23964,,"[[157, 167, 'HasGroup']]"
"» Quant aux commentaires des ministres sur le timing de la grève, jour des vacances, ils sont balayés par Bertrand Hammache, de la CGT.",23966,,"[[25, 38, 'HasGroup'], [128, 134, 'HasGroup']]"
"Ce n’est qu’une disposition de plus qui permet aux détenteurs du monopole de la violence de tuer presque en impunité : des hommes qui ont des armes, des chasseurs, des policiers, des vigiles.",23967,,"[[47, 88, 'HasGroup'], [119, 147, 'HasGroup'], [149, 162, 'HasGroup'], [164, 177, 'HasGroup'], [179, 190, 'HasGroup']]"
"Le réseau des réseaux, la Toile libertaire à l’origine du Mai-68 numérique des années 90, est rongé de l’intérieur par le capitalisme qui a réussi à transformer en multinationales avides de données sur les personnes les start-up fondées par des hippies.",23969,,"[[164, 215, 'HasGroup'], [216, 252, 'HasGroup']]"
"Combien de jeunes Français migrent à Londres chaque année, convaincus qu’ils deviendront millionnaires à la City, alors que beaucoup seront serveurs dans un restaurant ?",23973,,"[[8, 26, 'HasGroup']]"
"Pourtant, « c’est un petit Élysée : ils ont des locaux, du personnel, la cuisine, des collaborateurs de cabinet !",23975,,"[[82, 111, 'HasGroup']]"
"Une gauche française, en lambeaux, croit sauver les meubles en parant le disparu de toutes les qualités propres à la droite dominante.",23979,,"[[0, 20, 'HasGroup'], [114, 133, 'HasGroup']]"
"« Par rapport aux dernières primaires, nous avons considérablement élargi l'électorat en défendant des politiques courageuses qui parlent aux gens les plus révoltés et les plus désenchantés », dit-elle ce jour-là aux volontaires, tous vêtus de tee-shirts violets et jaunes, les couleurs de sa campagne.",23991,,"[[138, 189, 'HasGroup'], [213, 228, 'HasGroup']]"
"Ce week-end, le nettoyage concernera un centre de triage de courrier qui servait de base aux Russes.",23992,,"[[89, 99, 'HasGroup']]"
"Les islamistes le savent et opèrent à l’extérieur, en privé, sur internet.",23993,,"[[0, 14, 'HasGroup']]"
"« C’était le plus grand prédateur de son pays, bienfaiteur des banques suisses et de l’immobilier de luxe à Paris !",24002,,"[[59, 78, 'HasGroup']]"
"Onze Français ont ainsi été condamnés à mort en neuf jours fin mai, indépendamment de leurs rôles respectifs joués dans les rangs de l’État islamique.",24006,,"[[133, 149, 'HasGroup']]"
"En fait, un document interne a été donné aux responsables de la société des journalistes et personnels de Libération (SJPL), et il détaille cet argument de la direction.",24010,,"[[41, 123, 'HasGroup']]"
En cause : une vidéo tournée auprès des milices kurdes syriennes des Unités de protection du peuple (YPG) diffusée sur la chaîne TV5 Monde en 2013.,24011,,"[[36, 105, 'HasGroup']]"
"« Sitôt élu, Robert Ménard a fait comme à la Ville : c’est avec lui, ou contre lui », souffle Nicolas Cossange, élu PCF de Béziers et conseiller communautaire.",24012,,"[[116, 119, 'HasGroup']]"
1- L’énigme des gilets jaunes actifs : l’improbable défaite de l’extrême droite Toutes les études convergent vers l’idée selon laquelle l’entrée dans le mouvement des gilets jaunes se fait à partir de positions politiques très polarisées.,24013,,"[[12, 36, 'HasGroup'], [63, 79, 'HasGroup'], [150, 180, 'HasGroup']]"
Y compris au sein de La France insoumise (LFI) où s’affrontent plusieurs lignes en interne sur le rapport à l’électorat « fâché pas facho ».,24016,,"[[21, 46, 'HasGroup'], [108, 139, 'HasGroup']]"
Ils mettaient en cause la génération de nos grands-parents.,24018,,"[[23, 58, 'HasGroup']]"
"« Vous n’avez pas besoin de prévenir votre employeur avant de faire grève, il n’a pas le droit de vous sanctionner, même si vous n’êtes pas syndiqué », résume Al, de Queers parlons travail.",24019,,"[[37, 52, 'HasGroup']]"
"Jusqu’en 2016, indique le rapport, la plupart des migrants étaient conduits de Koufra à Ajdabiya, non loin de la côte, entre Benghazi et Syrte, où ils étaient placés sous l’autorité du commandant des forces de surveillance des champs pétrolifères, Ibrahim Jadhram.",24024,,"[[35, 58, 'HasGroup']]"
Une partie des analystes pensent en effet que l'interdiction de cette pratique spéculative n'a que des effets limités.,24026,,"[[0, 24, 'HasGroup']]"
"I l Il y a dix ans, les logements éco-construits, les parcs éoliens participatifs, les jardins partagés, l’accueil autogéré de personnes migrantes, les groupes féministes et les listes citoyennes ressemblaient à des tentatives marginales d’inventer un autre monde.",24027,,"[[124, 146, 'HasGroup'], [148, 170, 'HasGroup']]"
"« C’est une immigration maîtrisée, par des voies sûres et légales, qui nous permet de faire des offres généreuses d'asile tout en gérant les pressions inévitables sur nos services publics de manière à donner à tous ceux qui viennent ici le soutien dont ils ont besoin pour reconstruire leur vie, s’intégrer et de prospérer, a justifié de son côté le premier ministre britannique, Boris Johnson, dans un discours jeudi 14 avril.",24030,,"[[210, 236, 'HasGroup']]"
"On comprend la volonté de la direction de Vivendi d'éliminer les actionnaires français de la procédure, cela aurait considérablement diminué le montant des dédommagements, si le groupe est condamné.",24032,,"[[61, 86, 'HasGroup']]"
Les ouvriers qui ont osé envisager la création d’un syndicat ont été immédiatement licenciés.,24035,,"[[0, 60, 'HasGroup']]"
"Mais en de brefs instants, comme s’il avait d’ultimes remords à conduire une politique encore plus réactionnaire que celle de Nicolas Sarkozy, il s’applique à faire des efforts de communication, pour habiller sa politique avec des mots qui ne sont pas ceux de la droite.",24037,,"[[260, 269, 'HasGroup']]"
"Trois jours plus tard, le conseil départemental de la Haute-Garonne et les deux chambres de commerce et des métiers annonçaient la mise en place d'un dispositif d'aide exceptionnelle de 300 000 euros pour les commerçants.",24040,,"[[205, 220, 'HasGroup']]"
C’est une affaire en or pour le FN.,24044,,"[[29, 34, 'HasGroup']]"
"Pas de quoi apaiser toutes les craintes, d’autant que les députés n’ont pu déposer leurs amendements qu’entre vendredi et lundi soir, alors que tous n’ont pas encore de bureaux ou de collaborateurs, et que la convocation du Congrès à Versailles a bousculé les agendas.",24047,,"[[54, 65, 'HasGroup']]"
"Elles posent des diagnostics, prescrivent, mais gagnent 2 000 euros net en début de carrière », rappelle Camille Dumortier, présidente du syndicat ONSSF.",24048,,"[[135, 152, 'HasGroup']]"
Les prémices de la relation entre les Frères et le royaume saoudien remontent aux années 1930.,24054,,"[[34, 44, 'HasGroup']]"
Cela signifie qu’il faut combattre les groupes terroristes internationaux (…).,24058,,"[[35, 73, 'HasGroup']]"
"Une communauté de femmes s’efforçant d’assurer la survie d’une ferme, tandis que les hommes sont au front, y succède aux moines confrontés au terrorisme du film de 2010.",24060,,"[[0, 24, 'HasGroup'], [81, 91, 'HasGroup']]"
"Les insurgés se sont engagés à ne pas attaquer les villes ni les grandes routes ni encore les principaux centres de sécurité et l’armée afghane et les troupes américaines, de leur côté, à ne pas lancer d’offensives.",24063,,"[[0, 12, 'HasGroup'], [147, 170, 'HasGroup']]"
"Victime de multiples offensives de l’extrême droite depuis cet été, l’homme avait appelé à un rassemblement dans sa commune, ce samedi 30 septembre, après l’agression subie le week-end précédent.",24065,,"[[35, 51, 'HasGroup']]"
"Début 2016, le parti crée les Horaces, un collectif de hauts fonctionnaires, chefs d’entreprise, magistrats, militaires, etc.",24069,,"[[12, 20, 'HasGroup'], [26, 125, 'HasGroup']]"
"Le roman met en scène des Arabes, des Berbères, des Juifs et des « Européens » qui, par leur geste, contreviennent à l’étanchéité coloniale.",24072,,"[[22, 32, 'HasGroup'], [34, 46, 'HasGroup'], [48, 57, 'HasGroup'], [61, 139, 'HasGroup']]"
"» Dans son édito du 23 mars, Holden Thorp, rédacteur en chef de la prestigieuse revue Science, exprime son inquiétude au sujet des faux espoirs que peuvent susciter les chercheurs, mais aussi certains médicaments, risquant la rupture de stock pour ceux qui en ont déjà besoin.",24074,,"[[165, 179, 'HasGroup']]"
"Alors qu’une tentative de médiation pour ramener le calme entre Israël et le Hamas est venue d’Égypte, des tirs de mortiers ont continué à viser le sud d’Israël.",24078,,"[[74, 82, 'HasGroup']]"
"Depuis la chute d’Al-Bachir, les milices arabes du Darfour, galvanisées par l’ascension fulgurante de l’un des leurs à la tête du pouvoir, avaient poursuivi leurs raids meurtriers sur les villages et les camps de déplacé·es non arabes du Darfour, dans le but de pérenniser l’occupation de la terre.",24080,,"[[29, 58, 'HasGroup'], [210, 245, 'HasGroup']]"
"Contacté par téléphone, Alain Vera, ancien officier de la GTA qui avait alors suivi les interrogatoires, n’a pas voulu s’exprimer sur le sujet, se limitant à dire que les magistrats italiens « ont fait un excellent travail ».",24082,,"[[167, 190, 'HasGroup']]"
"» Pour de nombreux bailleurs de fonds, le Rwanda est « le pays où l’on voit ses investissements porter leurs fruits », selon les termes d’un diplomate basé à Kigali.",24084,,"[[7, 37, 'HasGroup']]"
"Longtemps j'ai cru qu'un Algérien était d'abord un fils de héros, si ce n'est un héros lui-même.",24086,,"[[22, 33, 'HasGroup']]"
"Lui aussi issu de la grande bourgeoisie vénézuélienne, lui aussi co-fondateur de Primero Justicia, il a formé son propre parti, Voluntad Popular, en 2009.",24087,,"[[18, 53, 'HasGroup'], [128, 144, 'HasGroup']]"
Les malades sont mélangés aux personnes saines.,24100,,"[[0, 11, 'HasGroup'], [26, 46, 'HasGroup']]"
» Les salariées et le tueur ignorent que Patrice est un des deux hommes à avoir réussi à prendre la fuite.,24101,,"[[2, 15, 'HasGroup']]"
"Les trois couvre-feux de 36 heures imposés aux habitants depuis le 24 février ont permis de mener de grandes opérations dans la capitale, explique-t-il.",24106,,"[[43, 56, 'HasGroup']]"
"»  Le 28 avril, ce dernier a tweeté : « Aujourd’hui, un principe fondamental a été rétabli : il ne doit pas y avoir de zones franches pour les meurtriers.",24107,,"[[139, 153, 'HasGroup']]"
"Avec un président, Laurent Lafon (Union centriste), révérencieux envers les milliardaires entendus, comme s’il était leur obligé, et avec un rapporteur, David Assouline (PS), confus et brouillon, maîtrisant mal son sujet, les auditions ont toutes tourné à l’avantage des figures les plus connues des milieux d’affaires.",24108,,"[[34, 49, 'HasGroup'], [72, 98, 'HasGroup'], [170, 172, 'HasGroup'], [267, 318, 'HasGroup']]"
"À Sens (Yonne), cette double exigence est mise à mal par le choix de l’ancienne conseillère municipale Claude Vivier Le Got, membre du Mouvement radical, allié du parti fondé par Emmanuel Macron.",24116,,"[[132, 152, 'HasGroup'], [160, 168, 'HasGroup']]"
"Le parti dirigé par l’héritier Kyriakos Mitsotakis a voté « non » d’un seul bloc au gouvernement Tsipras, tout comme les socialistes du PASOK qui cherchent désespérément à exister.",24118,,"[[0, 50, 'HasGroup'], [117, 141, 'HasGroup']]"
"Dans ce contexte, la stratégie du repli défensif serait tout simplement suicidaire, condamnant pour le coup les classes moyennes européennes et leur «État social » à un déclin terminal.",24123,,"[[108, 140, 'HasGroup']]"
"Avec le numérique, c’est une évolution de ce type qui semble se constituer, où les Gafam prennent la place des États.",24126,,"[[79, 88, 'HasGroup']]"
"Un assassinat à forte portée symbolique, puisqu’il préside alors le Haut Conseil pour la paix, chargé des négociations avec les talibans.",24127,,"[[124, 136, 'HasGroup']]"
"« Je ne l’ai pas rédigé pour les gilets jaunes, qui n’y apprendront rien.",24130,,"[[29, 46, 'HasGroup']]"
"» Mais l’analyste estime que la voix du peuple est ignorée par ce parti, au pouvoir de façon quasi continue depuis l’après-guerre.",24134,,"[[63, 71, 'HasGroup']]"
Quelles seront les conditions de travail et de rémunération des salariés de la Villette sous le régime du nouvel EPIC ?,24135,,"[[60, 87, 'HasGroup']]"
"Alors que les tueries sont régulières dans le pays, la passivité de certains contingents dont le mandat reste de protéger les civils agace : « Les contingents de l'arrière-pays n'anticipent jamais, même quand ils ont l'information à temps », explique un ministre centrafricain.",24137,,"[[122, 132, 'HasGroup'], [143, 176, 'HasGroup']]"
"Reproduite aux États-Unis par Time Magazine et le Washington Post, la phrase y fait vite son petit effet : régulièrement citée dans les années qui suivent, généralement attribuée à « one of those witty Frenchmen » (« un de ces Français spirituels »), elle permet de se scandaliser du mépris d’un vieil allié – ou offre un aphorisme commode quand l’Amérique décide à l’inverse de donner dans l’autocritique.",24138,,"[[190, 211, 'HasGroup'], [223, 246, 'HasGroup']]"
"« Si on veut qu’une filière se transforme, ce n’est pas à la petite semaine, d’un an sur l’autre, qu’il faut si prendre, assure Sébastien Delpont, directeur d’EnergieSprong et directeur du développement conseil chez GreenFlex, qui conseille collectivités et entreprises sur la rénovation énergétique.",24141,,"[[241, 254, 'HasGroup'], [258, 269, 'HasGroup']]"
"Le groupe, après avoir été l’un des leaders technologiques dans ce domaine, s’est fait distancer tout au long des années 2000 et n’a rattrapé qu’une partie de son retard.",24145,,"[[32, 74, 'HasGroup']]"
"Ainsi que Mediapart l’a relaté, les CRS avaient refusé l’usage de lacrymogènes compte tenu des risques de chutes.",24148,,"[[32, 39, 'HasGroup']]"
Un état des lieux calibré pour parler à son camp mais surtout à la gauche que Marine Le Pen espère attirer dans un second tour qu’elle entend bien transformer en vote anti-Macron.,24150,,"[[64, 73, 'HasGroup']]"
"Le projet de s’instruire de l’expérience des militants est au cœur de sa démarche, même s’il connaît sa propre valeur d’artiste et peut-être, au besoin, de mauvaise foi.",24152,,"[[41, 54, 'HasGroup']]"
"Les élu·es auraient, en revanche, pu s’inspirer d’un rapport de la Dares sur le non-recours à l’assurance-chômage, révélant qu’entre 25 % et 42 % des salarié·es éligibles après une fin de contrat ne réclament pas leurs droits au chômage.",24153,,"[[0, 10, 'HasGroup'], [146, 195, 'HasGroup']]"
"Il a fustigé Castro aux quatre coins de l’État, même devant des auditoires blancs et ruraux indifférents à la question, dans le seul espoir de glaner quelques secondes d’antenne dans les journaux télévisés de la zone urbaine de Miami, où résident les deux tiers des 2 millions de Cubains américains.",24155,,"[[60, 118, 'HasGroup'], [247, 298, 'HasGroup']]"
"L’année dernière, McKinsey a ainsi payé 573 millions de dollars pour clore les procédures engagées par 49 États américains qui pointaient sa responsabilité dans le scandale des opioïdes, responsables de la mort de plusieurs centaines de milliers de personnes.",24156,,"[[214, 258, 'HasGroup']]"
"Une piste qui ne favorisera pas vraiment le « laxisme »… Pour sa part, la liste Génération Europe aimerait plutôt que « les décisions d’asile positives [soient] mutuellement reconnues par les différents pays européens, permettant aux réfugiés reconnus comme tels de se déplacer librement où ils ont des opportunités d’emploi, des liens familiaux, ou des facilités linguistiques ».",24157,,"[[71, 97, 'HasGroup'], [230, 262, 'HasGroup']]"
"Il va fonder un nouveau parti, d’abord nommé Alfa puis LKR (Les réformateurs conservateurs-libéraux).",24159,,"[[13, 29, 'HasGroup'], [45, 100, 'HasGroup']]"
"Ibtissame Betty Lachgar, cofondatrice du Mouvement alternatif pour les libertés individuelles (MALI) connu pour être à l’avant-garde des luttes pour des LGBT au Maroc, fustige cette démarche et se dit « sans voix », « choquée par cette campagne qui a fait un flop ».",24163,,"[[38, 100, 'HasGroup'], [149, 157, 'HasGroup']]"
"D’abord à Marseille puis à Roubaix, dans des classes pour élèves ne parlant pas le français, avant de redescendre dans le Sud et d’intégrer, fin septembre, le collège Chape.",24168,,"[[58, 91, 'HasGroup']]"
"Plus grand contributeur de troupes parmi les membres permanents et deuxième à financer l’ONU, la Chine participe aux opérations de maintien de la paix à hauteur de 35 000 soldats depuis 2015.",24170,,"[[164, 178, 'HasGroup']]"
"À Bobigny, en 2014, « c’est plus la gauche qui a perdu que nous qui avons gagné, poursuit-il.",24172,,"[[33, 42, 'HasGroup']]"
"À Jean Castex, qu’elle auditionnait avec ses collègues député·es début novembre, la socialiste Fatiha Keloua-Hachi résumait tout cela d’une formule : « Ce jeu de chaises musicales nuit au pacte républicain, cultivant dans l’esprit de nos concitoyens l’image d’un entre-soi.",24173,,"[[41, 64, 'HasGroup'], [234, 249, 'HasGroup']]"
"En 2006, un règlement européen sur les droits et obligations des voyageurs ferroviaires a obligé la SNCF et ses homologues à proposer un service d’assistance gratuit aux voyageurs et voyageuses en situation de handicap.",24174,,"[[61, 87, 'HasGroup'], [97, 122, 'HasGroup'], [166, 218, 'HasGroup']]"
"Même si l’ensemble des organisations politiques ont condamné la tentative d’assassinat, et si l’ancien archevêque de Buenos Aires, devenu le pape François, a dit prier pour que « l’harmonie sociale et le respect des valeurs démocratiques prévalent toujours », beaucoup lisent l’événement comme la conséquence de la polarisation politique autour de la figure de l’ancienne cheffe de l’État, dans un pays en proie à un contexte économique et social particulièrement tendu.",24176,,"[[8, 47, 'HasGroup']]"
Les ordonnances françaises sur le droit du travail font donc effectivement pencher un peu plus la balance du pouvoir dans l’entreprise en faveur des employeurs.,24181,,"[[145, 159, 'HasGroup']]"
"L’Élysée et Matignon vendent celui-ci aux Français comme « le contrat du siècle » alors que leurs négociateurs, l’ambassadeur de France à Delhi et l’équipe de la Direction générale de l’armement qui l’entoure là-bas, ont mangé leur chapeau.",24182,,"[[38, 50, 'HasGroup']]"
"Avec une expérience d'à peine vingt années de vie boursière, les régulateurs chinois ont moins de doigté que Joseph Yam, le brillant patron de la HKMA avant et après la rétrocession à la Chine de la colonie britannique.",24184,,"[[61, 84, 'HasGroup']]"
"Au deuxième trimestre 2016, la France comptait 616 000 intérimaires.",24185,,"[[47, 67, 'HasGroup']]"
Faire monter sur la scène le peuple insurgé contre les migrants.,24189,,"[[26, 43, 'HasGroup'], [51, 63, 'HasGroup']]"
Cette restructuration ferait peser un poids social lourd pour FTP avec un transfert de risque potentiel à FTV qui pourrait se voir imposer un plan de reclassement significatif.» Mais ce constat est à peine dressé que le même document assure sans sourciller que les repreneurs se sont engagés à ne pas procéder à un plan social d'ici à fin 2012.,24193,,"[[261, 275, 'HasGroup']]"
"Ce dispositif consiste à s’affranchir de l’hébergement d’urgence pour les personnes en difficulté, forcément précaire, pour les orienter plutôt vers des solutions pérennes : un accès direct au logement avec un accompagnement social adapté à leurs besoins.",24201,,"[[70, 97, 'HasGroup']]"
La victoire reviendra au camp qui parviendra à mobiliser le plus d’électeurs.,24202,,"[[65, 76, 'HasGroup']]"
« N os « Nos données montrent que Facebook est l’un des plus grands pourvoyeurs de désinformation climatique au monde.,24203,,"[[52, 117, 'HasGroup']]"
"Celle-ci est dès lors devenue la première femme à diriger le PD depuis sa fondation en 2007, ainsi que la plus jeune, battant d’une année le record détenu par Matteo Renzi, qui a rejoint entretemps les rivages ouvertement centristes du paysage politique italien.",24206,,"[[58, 63, 'HasGroup']]"
"Sous la houlette du très sarkozyste Ramon Fernandez, la nouvelle patronne du service du financement de l’économie, Delphine d’Amarzit, qui a servi dans quatre cabinets de ministres de droite (dont Nicolas S. soi-même, comme signalé ici), poursuit le travail de Hervé de Villeroché, parti à Washington, avec Corso Bavagnoli (ex du cabinet Fillon à Matignon) et Jérôme Reboul comme exécutants.",24208,,"[[168, 190, 'HasGroup']]"
"D’autres guerriers étaient dissimulés entre les bananiers, ils devaient être plusieurs dizaines.",24210,,"[[0, 18, 'HasGroup']]"
"Elle serait composée de citoyens tirés au sort, et d’autres sélectionnés aléatoirement au sein d’un panel très large proposé par les associations écologiques.",24212,,"[[129, 157, 'HasGroup']]"
"Des informations régulières étaient données lors des bureaux de pôle, auxquels participaient également les chefs de service et représentants des pharmaciens et assistants, et pour lesquels des comptes-rendus ont été diffusés à tous les pharmaciens », fait-elle savoir.",24220,,"[[103, 123, 'HasGroup'], [127, 170, 'HasGroup'], [227, 247, 'HasGroup']]"
"LFI a bien engagé un programme d’achat de locaux dans les départements où le RN est fort, mais la Haute-Marne n’arrive pas en haut de la liste.",24223,,"[[0, 3, 'HasGroup'], [74, 79, 'HasGroup']]"
"Dans la province de Grosseto, en Toscane, Santa Fiora, qui compte 2 500 habitants, veut devenir un « smart village ».",24226,,"[[66, 81, 'HasGroup']]"
"« Nous voyons à travers cette loi le séparatisme de classe et la volonté d’invisibiliser les polarités qui structurent notre rapport social aux énergies fossiles : ménages versus entreprises, individus versus capital, ou encore classes populaires versus les plus riches », résume Clément Sénéchal, de Greenpeace.",24230,,"[[164, 171, 'HasGroup'], [179, 190, 'HasGroup'], [228, 246, 'HasGroup'], [254, 269, 'HasGroup']]"
"Il présidait, avant-guerre, la Ligue des jeunes amis de l’Alsace-Lorraine.",24233,,"[[28, 73, 'HasGroup']]"
"M ercredi Mercredi dernier, nous avons reçu des gilets jaunes, écouté Aurélien Delpirou à propos des interprétations binaires du mouvement, interrogé le nouveau dirigeant du PCF Fabien Roussel, et parlé des lycées qui rejoignent le mouvement.",24234,,"[[44, 61, 'HasGroup'], [126, 138, 'HasGroup'], [171, 177, 'HasGroup'], [229, 241, 'HasGroup']]"
"Pendant tout ce temps, Elena Ferrante a nourri la curiosité des journalistes, critiques et lecteurs, d’abord avec des informations sporadiques puis avec un livre qui lui a été suggéré par son éditrice, Sandra Ozzola.",24237,,"[[60, 76, 'HasGroup'], [78, 87, 'HasGroup'], [91, 99, 'HasGroup']]"
"En tant que ministre chargé de l’économie, vous asseniez dans cette missive adressée aux Français·es : « Vous aimeriez discuter de nos choix énergétiques, de sobriété, de transition climatique ?",24246,,"[[85, 100, 'HasGroup']]"
"À leurs yeux, les femmes, sans exception, sont nées pour devenir mères.",24248,,"[[14, 24, 'HasGroup'], [65, 70, 'HasGroup']]"
"Le coronavirus est sa divine surprise : candidat à maints égards anachronique, incarnation des erreurs politiques démocrates depuis quatre décennies (il s’est excusé à plusieurs reprises pour ses décisions passées, à commencer par le soutien à la guerre en Irak), le très modéré Biden force le contraste face au 45e président des États-Unis, qui n’écoute pas les scientifiques et refuse de gérer cette crise sanitaire qu’il a longtemps niée.",24253,,"[[359, 376, 'HasGroup']]"
"Ce que vous considérez comme un « élan » de la part d’Alexandria Ocasio-Cortez ou de Bernie Sanders est perçu par une part non négligeable de l’électorat américain – périurbain, éduqué, modéré – comme une menace.",24256,,"[[114, 163, 'HasGroup']]"
"On détermine qui là-bas est digne de rejoindre la communauté des vivants, au regard d’identités sexuelles définies ici.",24261,,"[[47, 72, 'HasGroup']]"
"Une occupation est en cours dans la forêt d’Hambach, qui ressemble en plus petit au mouvement d’occupation de la ZAD à Notre-Dame-des-Landes.",24266,,"[[81, 116, 'HasGroup']]"
"Les nationalistes extrémistes prisent ce porteur de sabre, qui brisa les reins de la République des conseils de 1919, qui obtint de Hitler, en 1938, la restitution de territoires perdus (deux tiers du pays furent amputés) lors du traité de Trianon en 1920.",24267,,"[[0, 29, 'HasGroup']]"
"Au total, 39 millions de Français continueront de vivre pour six ans dans une région dirigée par la droite.",24268,,"[[10, 33, 'HasGroup'], [97, 106, 'HasGroup']]"
"Avant, nous, les autochtones, nous n’avions pas le droit de nous réunir sur la place Murillo à La Paz.",24270,,"[[13, 28, 'HasGroup']]"
"» À l'initiative du groupe EELV, le conseil régional d'Aquitaine a donné son feu vert, début juillet (grâce à une très forte abstention), à la réalisation d'une étude de faisabilité d'un « RSA inconditionnel ».",24272,,"[[17, 31, 'HasGroup']]"
"« Tout était normal, les jeunes se baladaient comme d’habitude », précise une passante.",24273,,"[[21, 31, 'HasGroup']]"
"La plupart des médecins, souvent accompagnés d’un ou une infirmière pour accueillir et prendre les constantes, donnent entre une et trois demi-journées par semaine dans ces centres ouverts matin et après-midi, sept jours sur sept. La consultation est à 25 euros, prise en charge au tiers payant.",24278,,"[[0, 23, 'HasGroup']]"
"Elle est connue de tous les acteurs politiques, en Israël et dans les territoires palestiniens, et les mobilisations récurrentes contre les expulsions se déroulent à proximité des consulats, quasiment sous le balcon de ceux-ci.",24291,,"[[19, 46, 'HasGroup']]"
"L'homme d'affaires Romain Zaleski, en tout cas, vole à la rescousse d'EDF : il est en position idéale pour être un intermédiaire entre la France et l'Italie Ancien X-Mines, il a commencé à faire carrière en France puis au Gabon pour exploiter les mines de manganèse de la Comilog, tout en devenant le trésorier occulte de l'UDF .",24293,,"[[322, 327, 'HasGroup']]"
"Une partie de la population survit grâce à ce fixe, hérité de Kadhafi… À partir du moment où vous aviez fait des études supérieures, vous aviez d’office accès à un poste dans l'administration, souvent que vous n’occupiez pas mais qui vous permettez d’avoir un salaire à vie, une retraite, des avantages, une maison, des prêts pour acheter une voiture.",24296,,"[[0, 27, 'HasGroup']]"
Il prévoit toujours d’augmenter ses cadences de production avant de répondre à la demande de ses clients.,24297,,"[[93, 104, 'HasGroup']]"
"L'évolution des dividendes versés par les grandes entreprises du CAC 40 est de ce point de vue très révélatrice: au cours des quatre dernières années, les profits constatés ont été de moins en moins utilisés pour des dépenses d'investissement et préparer l'avenir, et de plus en plus pour cajoler et enrichir les actionnaires.",24298,,"[[38, 71, 'HasGroup'], [309, 325, 'HasGroup']]"
"« On est devant des armes de mutilation massive, juge un animateur du collectif.",24299,,"[[67, 79, 'HasGroup']]"
L’officier des pompiers qui est au bout du téléphone fait le point avec les autorités et le président Hollande dit : « On fait ce que demandent les pompiers.,24310,,"[[11, 23, 'HasGroup'], [144, 156, 'HasGroup']]"
"Selon Cassidy Hutchinson, Trump avait l’intention d’annoncer qu’il allait gracier les émeutiers.",24311,,"[[82, 95, 'HasGroup']]"
"Ces propos ont fait bondir des élus de l’opposition, comme Julien Bayou (EELV) et Laurence Rossignol (PS), ainsi que certains députés de la majorité, qui ne cachent plus leur agacement vis-à-vis des discours infantilisants et/ou culpabilisants, comme le « je crois qu’on pourra dire que les Français se sont bien comportés pendant les fêtes », lâché par le premier ministre mardi, en réunion de groupe.",24314,,"[[39, 51, 'HasGroup'], [73, 77, 'HasGroup'], [102, 104, 'HasGroup'], [137, 148, 'HasGroup'], [287, 299, 'HasGroup']]"
"« Tous les Syriens qui se connectaient à ce moment là sur internet, lorsqu’ils démarraient leur ordinateur, arrivaient non pas sur ""Bienvenue sur Syriatel"" (NRLR, l’opérateur national syrien) mais sur ""Nous sommes Telecomix.",24318,,"[[2, 66, 'HasGroup']]"
"Mourir d’un côté… … et renaître de l’autre : Bertile*, des gilets jaunes Toulouse, participe depuis des mois à un groupe qui se retrouve toutes les semaines « pour aller au-delà des manifs » qui ont très largement cimenté le mouvement sur Toulouse.",24321,,"[[55, 81, 'HasGroup']]"
"[…] Donc, notre mouvement national s’est formé autour des vaincus de la guerre d’Algérie, en quête de révision et de réhabilitation historique.",24323,,"[[10, 34, 'HasGroup'], [54, 88, 'HasGroup']]"
"« S'ils veulent garder et augmenter leur majorité à la House, reprendre le Sénat et emporter la Maison Blanche, les démocrates doivent montrer au peuple américain qu’ils défendent et combattent pour les familles laborieuses de ce pays – Noirs, Blancs, Hispaniques, Asiatiques et Natives, hommes et femmes, gays et hétérosexuels », poursuit le sénateur de 77 ans.",24325,,"[[112, 126, 'HasGroup'], [143, 162, 'HasGroup'], [199, 234, 'HasGroup'], [237, 242, 'HasGroup'], [244, 250, 'HasGroup'], [252, 263, 'HasGroup'], [265, 275, 'HasGroup'], [279, 286, 'HasGroup'], [288, 294, 'HasGroup'], [298, 304, 'HasGroup'], [306, 310, 'HasGroup'], [314, 327, 'HasGroup']]"
"Mais ce que l’on observe, de part et d’autre, aussi bien chez les maîtres que chez les esclaves, c’est une mémoire des révoltes.",24333,,"[[62, 73, 'HasGroup'], [83, 95, 'HasGroup']]"
"Et plus de la moitié de cette somme a été empruntée à la maison mère, à des taux largement supérieurs à ceux du marché, et ce jusqu’à 2022 », explique Anne de Haro, déléguée syndicale CGT, membre de l’intersyndicale qui a mené la bataille en justice.",24334,,"[[184, 187, 'HasGroup'], [199, 249, 'HasGroup']]"
"Dès les premières manifestations, il a affirmé qu’il s’agissait d’une conspiration, fomentée de l’extérieur et que les Syriens ne voulaient pas son départ.",24336,,"[[115, 126, 'HasGroup']]"
"Tandis que Winamax fait campagne autour du « roi du quartier », Parions Sport a conclu un partenariat avec le rappeur Hatik… Bref, les sites de paris sportifs tiennent leur cible et ne la lâchent pas : les jeunes de quartiers.",24337,,"[[202, 225, 'HasGroup']]"
Cette orientation sera débattue lors d’un conseil national (parlement du parti) le week-end des 2 et 3 juillet.,24344,,"[[70, 78, 'HasGroup']]"
"À plusieurs reprises depuis le début de l’année dernière, VCI et BDI ont pesé de tout leur poids pour repousser ces réformes qu’elles considèrent comme des « fardeaux » qui pèseraient sur la compétitivité, avec Reach bien en tête des préoccupations, trouvant des alliés dans la droite européenne.",24346,,"[[58, 61, 'HasGroup'], [65, 68, 'HasGroup'], [259, 295, 'HasGroup']]"
"Les délégués, qui débarquent en temps normal du pays entier pour nommer le candidat et adopter le programme du parti, ne viendront pas.",24347,,"[[0, 12, 'HasGroup'], [108, 116, 'HasGroup']]"
"Les personnalités marocaines, surtout celles qui ont de larges communautés en ligne, se sont trouvées pressées de prendre position sur le conflit.",24348,,"[[0, 28, 'HasGroup']]"
"L e Le 1er juillet 2015, Mediapart lançait, en partenariat avec neuf journaux tunisien et européens, des associations et des ONG, une opération éditoriale spéciale : «Ouvrez l'Europe #OpenEurope» (notre dossier ici).",24355,,"[[101, 117, 'HasGroup'], [121, 128, 'HasGroup']]"
"Suite à l’offensive israélienne sur Gaza, 2 147 morts, en grande majorité des civils, ont été identifiés, de même que 11 000 blessés parmi les Gazaouis, contre 66 soldats et six civils tués côté israélien.",24358,,"[[74, 84, 'HasGroup'], [118, 151, 'HasGroup']]"
"Sa thèse, osée : le numéro un de la distribution aux Etats-Unis pratique des prix tellement bas qu'il permet aux Américains de faire d'importantes économies et de doper leur épargne – ce qui rend bien plus acceptables les difficiles conditions de travail des salariés.",24362,,"[[109, 123, 'HasGroup'], [255, 267, 'HasGroup']]"
"Les juifs ne souffrent pas, ou beaucoup moins, de discriminations institutionnelles, sont réputés être davantage présents dans les médias que les Arabes, les Asiatiques ou les Roms, et mieux organisés en matière de prise de parole communautaire.",24366,,"[[0, 9, 'HasGroup'], [142, 152, 'HasGroup'], [154, 168, 'HasGroup'], [172, 180, 'HasGroup']]"
"Aux Etats-Unis, leurs homologues ont perçu en moyenne une rémunération (salaires et bonus) de 6,8 millions de dollars (un peu plus de 6 millions d’euros) en 2002 (2).",24368,,"[[16, 32, 'HasGroup']]"
"Arrivé au pouvoir en 2002, l’AKP a poursuivi sur cette lancée, en facilitant l’application de la convention européenne des droits de l’homme par la justice turque et en consacrant l’égalité hommes-femmes ainsi que l’abolition de la peine de mort par une autre révision constitutionnelle, adoptée en 2004.",24369,,"[[27, 32, 'HasGroup']]"
Une sorte de démocratie capitalistique fut instaurée en donnant le droit de vote aux 40 000 porteurs d’actions que comptait alors la France.,24370,,"[[81, 139, 'HasGroup']]"
"» (Lire « Quand Georges Clemenceau condamnait Jules Ferry ») Et le chef radical ne fait que s’inscrire dans la filiation des révolutionnaires de 1789 : du 7 au 15 mai 1791, la Constituante débat des colonies et accorde les droits politiques aux hommes de couleur nés de père et mère libres.",24378,,"[[121, 149, 'HasGroup'], [241, 289, 'HasGroup']]"
"→ Massivement abstentionnistes, caricaturés comme des « beaufs », les milieux populaires ne semblaient, avant la crise financière, plus intéresser personne, alors qu’ils représentent plus de la moitié de la population française… → Les agriculteurs subissent depuis 2003 la dérégulation internationale des marchés et le démantèlement de la PAC.",24380,,"[[66, 88, 'HasGroup'], [231, 247, 'HasGroup']]"
"Aux missiles « intelligents » (dirigés par lasers) capables de frappes « localisées » de grande profondeur, aux satellites capables de détecter des cibles avec une résolution de 2 mètres, aux systèmes électroniques d’information et de communication de plus en plus performants, aux extraordinaires moyens de digitalisation et de simulation du champ de bataille, s’ajoutent les armes non létales = c’est-à-dire destinées à paralyser les équipements et les hommes sans pour autant les tuer.",24383,,"[[451, 461, 'HasGroup']]"
"Cette évolution est attestée par l’inscription de nombreux Européens au grand syndicat dirigé par M. Louis Kotra Urégèi, l’Union syndicale des travailleurs kanaks et exploités (l’USTKE), qui mène la vie dure non seulement au patronat mais aussi aux technocrates des provinces indépendantistes.",24388,,"[[47, 68, 'HasGroup'], [121, 185, 'HasGroup'], [222, 233, 'HasGroup'], [245, 292, 'HasGroup']]"
Le discours journalistique s’en est emparé en opposant ces figures du « vainqueur » à celles des « délinquants » ou des « terroristes ».,24389,,"[[93, 112, 'HasGroup'], [116, 135, 'HasGroup']]"
De telles questions n’enchantent pas les employeurs.,24392,,"[[37, 51, 'HasGroup']]"
"L’histoire singulière du parti présidentiel, le Mouvement vers le socialisme, éclaire cette situation étonnante.",24403,,"[[45, 76, 'HasGroup']]"
Mais les hommes ne sont pas les seuls à se sentir menacés par les femmes travailleuses.,24414,,"[[5, 15, 'HasGroup'], [62, 86, 'HasGroup']]"
"Voilà bien une question dont n’a cure M. William Clinton, qui, dans son dernier livre, rappelle opportunément que « ce sont les entreprises américaines qui profitent le plus de la mondialisation du commerce (12) .",24418,,"[[124, 151, 'HasGroup']]"
"Je sais que le peuple français est très attaché au progrès mondial et aux droits humains, et que les dirigeants de ce pays, de même que sa société civile, ses scientifiques et d’autres partenaires continueront d’œuvrer pour cet idéal que nous partageons tous.",24419,,"[[12, 30, 'HasGroup'], [97, 122, 'HasGroup'], [155, 172, 'HasGroup'], [176, 196, 'HasGroup']]"
"Les régions du Sud sont parmi les plus pauvres du pays, avec des indicateurs sociaux dégradés (des hôpitaux mal équipés, des écoles sans professeurs, un nombre élevé de jeunes au chômage, des jeunes filles mariées dès la sortie de l’école secondaire, etc.",24420,,"[[137, 148, 'HasGroup'], [166, 186, 'HasGroup'], [188, 249, 'HasGroup']]"
"Si l’opposition roumaine gagne son pari, pourquoi les oppositions serbes ou bulgares n’y parviendraient-elles pas ?",24421,,"[[3, 24, 'HasGroup'], [50, 84, 'HasGroup']]"
"En revanche, les partisans du CSSD de Milos Zeman sont généralement plus âgés, ouvriers ou employés, retraités, de formation moyenne.",24423,,"[[13, 49, 'HasGroup'], [79, 87, 'HasGroup'], [91, 99, 'HasGroup'], [101, 110, 'HasGroup']]"
"L’œuvre de Michéa, qui se réfère souvent à George Orwell et à Christopher Lasch (1), se soucie plutôt de ressusciter les traditions populaires de la gauche.",24427,,"[[146, 155, 'HasGroup']]"
"Reliées par la même mythologie d’un sionisme égalitaire et moderne (1), les deux séries d’images sont aussi partielles l’une que l’autre, laissant dans l’ombre l’ambivalence de la fonction sociale des femmes en Israël.",24430,,"[[197, 207, 'HasGroup']]"
"Les Chinois, eux, prétendaient mener une guerre punitive afin de donner une bonne leçon à leur voisin.",24431,,"[[0, 11, 'HasGroup']]"
"A partir du XIIIe siècle, l’essor d’une économie urbaine commença à faire circuler l’argent ; les banques se développèrent.",24433,,"[[94, 105, 'HasGroup']]"
"Les militaires, qui ont accaparé le pouvoir depuis l’indépendance (sauf pendant dix ans), ont toujours été jaloux de leur monopole, et n’ont accordé des permis de port d’armes qu’au compte-gouttes.",24434,,"[[0, 14, 'HasGroup']]"
"La gauche n’y est pas a priori hostile, mais elle demande que ces investissements soient régulés, afin d’augmenter les capacités productives, de générer de l’emploi et de contribuer au progrès technologique.",24435,,"[[0, 9, 'HasGroup']]"
"Là encore, les enjeux réglementaires auxquels font face les géants du Net, tant du point de vue des règles de concurrence que de leurs pratiques d’évasion fiscale, contribuent à leur docilité vis-à-vis du pouvoir.",24436,,"[[56, 73, 'HasGroup']]"
"Les évadés — tous membres d’organisations ayant pris les armes contre la junte, notamment au sein du Front patriotique Manuel Rodriguez (FPMR), auteur de l’attentat raté contre le dictateur en septembre 1986 — étaient conscients de n’avoir rien à attendre de la justice et de l’appareil répressif du pays, toujours aux mains de leurs tortionnaires.",24441,,"[[98, 142, 'HasGroup']]"
"Sur le point de claquer la porte de Gordon Bennett Jr., Winsor McCay sut transmettre les sentiments que lui inspiraient les puissants businessmen au travers d’un voyage symbolique de Little Nemo sur la planète Mars, publié à partir du 1er mai 1910.",24444,,"[[120, 145, 'HasGroup']]"
"Avec soixante-deux stations réparties dans trente-neuf « marchés » (ou zones de diffusion), le groupe Sinclair, qui a beaucoup grandi depuis sa fondation, en 1971, peut désormais atteindre 24 % des téléspectateurs américains.",24445,,"[[194, 224, 'HasGroup']]"
« L’AECG vise avant tout à instituer entre les pays les plus développés une procédure de protection des investisseurs.,24446,,"[[100, 117, 'HasGroup']]"
"Ils ont dû fuir l’Irak soit en raison d’une forte discrimination, comme les mandéens, soit d’un isolement, comme certains chrétiens nestoriens ou chaldéens.",24449,,"[[72, 84, 'HasGroup'], [113, 155, 'HasGroup']]"
"Toujours d’après Bogotá, le programme de démobilisation, de 2002 à mai 2008, a déjà concerné près de quinze mille personnes, dont neuf mille membres des FARC.",24451,,"[[130, 157, 'HasGroup']]"
"M. Cardoso est un des plus brillants intellectuels latino-américains, sociologue mondialement respecté, et partisan reconnu d’un projet de réforme de type social-démocrate.",24453,,"[[18, 68, 'HasGroup']]"
"Souvent considérés comme les consommateurs les plus difficiles à séduire, ces jeunes Japonais doivent servir de cobayes pour tester des véhicules qui seront ensuite exportés en Occident.",24454,,"[[25, 72, 'HasGroup'], [74, 93, 'HasGroup']]"
"En l’absence de revenus issus de la vente de disques (le marché légal de CD est quasi inexistant, et la Tunisie ne possède pas de plate-forme de téléchargement musical) et compte tenu des carences du système des droits d’auteur, la principale source de subsistance des musiciens demeure l’activité événementielle.",24455,,"[[265, 278, 'HasGroup']]"
Les baby-boomers qui ont un peu d’argent ont plutôt tendance à le mettre de côté ou à soutenir financièrement leurs enfants et petits-enfants.,24458,,"[[0, 40, 'HasGroup'], [110, 141, 'HasGroup']]"
"Dans « C dans l’air », il expliquait : « L’état d’urgence qui a été décrété fait qu’on peut se débarrasser par des mesures administratives de gens sur lesquels les services de police n’ont pas suffisamment d’éléments pour les poursuivre judiciairement.",24459,,"[[139, 251, 'HasGroup']]"
"» Après les élections de décembre 1998, les nouveaux dirigeants constatent les énormes besoins de la population en matière de santé, d’éducation, de logements, d’alimentation.",24460,,"[[40, 63, 'HasGroup']]"
"Plus largement, le camp du premier ministre en exercice est toujours battu lors des élections intermédiaires.",24467,,"[[16, 55, 'HasGroup']]"
"Les frais de santé, d’éducation, de garderie ont explosé, et « les employeurs offrent moins de prestations sociales alors que les Américains doivent gérer de plus grosses dépenses.",24468,,"[[63, 77, 'HasGroup'], [126, 140, 'HasGroup']]"
"Dans l’Iowa, on prend très au sérieux le problème des migrants clandestins.",24471,,"[[50, 74, 'HasGroup']]"
"Il rappelle que le chômage détruit les chômeurs, y compris physiquement : ils ont en effet une mortalité près de trois fois supérieure à celle des actifs.",24472,,"[[35, 47, 'HasGroup']]"
"Des tentatives renouvelées se situent dans cette perspective, parfois liées à une communauté agrarienne.",24479,,"[[78, 103, 'HasGroup']]"
"Il est le président des Colombiens, chef du gouvernement, propriétaire du cirque pour les quatre années à venir, la négociation doit passer par lui, pas par le peuple.",24482,,"[[20, 34, 'HasGroup']]"
Objectif : terroriser la population civile afin de neutraliser la résistance vietnamienne.,24483,,"[[63, 89, 'HasGroup']]"
"Leurs rivaux traditionnels, les Meshud (les « panthères » du « Grand Jeu »), s’étaient attiré la bienveillance de l’armée pakistanaise dans le but de prévenir tout déséquilibre en faveur de leurs ennemis waziris.",24486,,"[[28, 38, 'HasGroup'], [190, 211, 'HasGroup']]"
"Les élites politiques se sont retrouvées en tête-à-tête avec le peuple, qui leur réclamait des richesses qu’elles n’avaient pas les moyens de lui donner.",24487,,"[[0, 21, 'HasGroup']]"
"«L
es fistules obstétricales sont comparables à la lèpre, car elles entraînent également l’exclusion des malades, affirme le docteur Ludovic Falandry, un chirurgien français qui dirige le service d’urologie à l’hôpital de Niamey, la capitale du Niger.",24498,,"[[101, 112, 'HasGroup']]"
"« Actuellement, il y a des policiers municipaux qui n’ont pas été payés depuis un an !",24503,,"[[23, 47, 'HasGroup']]"
"Aujourd’hui, comme tous les habitants du Kurdistan turc, il subit à nouveau une restriction de ses mouvements.",24508,,"[[19, 55, 'HasGroup']]"
Les « éléments de repérage » proposés pourraient s’appliquer à presque tous les enfants.,24509,,"[[63, 87, 'HasGroup']]"
"En quatre vagues successives, échelonnées entre 1996 et 2000, plus de deux cents militants ont démissionné.",24514,,"[[62, 90, 'HasGroup']]"
"Sans préjuger de ce qui pourrait se passer alors, et dont les Grecs nous donnerons peut-être bientôt un avant-goût, il est utile de se souvenir qu’un groupe qui n’est pas naturellement méchant ne le devient jamais autant qu’à force d’avoir été maltraité et surtout de se retrouver dans une situation de laquelle on ne cesse de lui répéter qu’il n’y a aucune issue — aucune autre que celle qui le maltraite.",24516,,"[[58, 67, 'HasGroup']]"
120 000 familles paysannes avaient reçu des terres expropriées aux latifundistes.,24518,,"[[0, 26, 'HasGroup'], [63, 80, 'HasGroup']]"
"Dans le cadre régional du Proche-Orient arabe, la société palestinienne s’est longtemps singularisée par la vitalité du réseau associatif moderne, qui constituait — à côté des formes traditionnelles d’organisation que sont la famille, la mosquée, l’église ou la communauté villageoise — une base de résistance à l’occupation.",24520,,"[[47, 71, 'HasGroup'], [312, 324, 'HasGroup']]"
"Le caractère liberticide du texte est tellement apparent qu’il est stipulé, en annexe, que « rien dans la décision-cadre ne peut être interprété comme visant à réduire ou à entraver des droits ou libertés fondamentales tels le droit de grève, la liberté de réunion, d’association ou d’expression, y compris le droit de fonder avec d’autres des syndicats et de s’affilier pour la défense de ses intérêts et le droit de manifester qui s’y rattache (5).",24522,,"[[340, 353, 'HasGroup']]"
"L’enquête diffusée par France Info (22 juin 2019) rapporte l’expérience de la journaliste Sandhya Ravishankar, qui fut harcelée : « La mafia du sable a des connexions avec des responsables politiques, des policiers et des fonctionnaires au sein même du gouvernement.",24523,,"[[132, 149, 'HasGroup'], [172, 199, 'HasGroup'], [201, 214, 'HasGroup'], [218, 236, 'HasGroup']]"
"Selon certaines estimations, les foyers mexicains consacrent en moyenne 14 % de leurs revenus à satisfaire les exigences de fonctionnaires corrompus — un chiffre qui atteint 33 % pour les familles dont les membres ne perçoivent que le salaire minimum (3).",24529,,"[[29, 49, 'HasGroup'], [121, 148, 'HasGroup'], [184, 250, 'HasGroup']]"
"Contrairement à l’IEP de Paris, qui comporte un corps très restreint d’enseignants permanents (une quarantaine, mais aucune femme) et qui emploie surtout des enseignants vacataires issus de l’administration et de l’économie — un millier environ (8) -, les IEP de province emploient surtout des universitaires.",24531,,"[[69, 93, 'HasGroup'], [154, 180, 'HasGroup'], [290, 308, 'HasGroup']]"
"Ils coupent l’herbe sous le pied de ceux des Blancs qui aiment se plaindre que des minorités, à leurs yeux dépourvues de mérite, cherchent à arracher, à coup de procédures ou de favoritisme, des avantages indus ou fondés sur des préjudices révolus.",24534,,"[[41, 92, 'HasGroup']]"
"Dans l’International Herald Tribune, William Pfaff relève qu’« il serait très difficile de trouver un groupe représentatif de voyageurs convaincus d’avoir bénéficié des mégafusions dans le secteur aérien, et il serait encore plus difficile de trouver des usagers britanniques pensant que la privatisation des chemins de fer leur a été le moins du monde profitable  (8) ».",24537,,"[[123, 203, 'HasGroup'], [251, 363, 'HasGroup']]"
"Claude Bébéar, Denis Kessler et François Ewald rivalisent d’ingéniosité pour élaborer des projets dans lesquels les assureurs, et plus généralement les complémentaires, disposeraient d’une place accrue.",24541,,"[[112, 125, 'HasGroup'], [148, 167, 'HasGroup']]"
"La droite hésite, écartelée entre des conservateurs qui veulent protéger les « valeurs » américaines et des néolibéraux qui, pour stimuler la croissance économique, prônent une plus grande ouverture des frontières.",24542,,"[[0, 16, 'HasGroup'], [34, 100, 'HasGroup'], [104, 213, 'HasGroup']]"
"Dans cette culture de la jeunesse se manifeste, selon les termes de Bernd Wagners, un « processus spontané » qui se dérobe à toute influence.",24544,,"[[22, 33, 'HasGroup']]"
"L’arrêté 39, daté du 19 septembre, ouvrait en effet l’ensemble du pays, à l’exception du secteur des ressources naturelles, aux investisseurs étrangers.",24548,,"[[124, 151, 'HasGroup']]"
"Au cours des derniers mois, ces travailleurs ont été licenciés massivement.",24555,,"[[28, 44, 'HasGroup']]"
"Les derniers prisonniers de l’ancien régime de Saïgon, défait en 1975, n’avaient été relâchés qu’en 1990.",24559,,"[[0, 53, 'HasGroup']]"
"Comment ne pas voir que cette démocratie en panne favorise, en premier lieu, l’expansion de l’extrême droite (3) ?",24562,,"[[92, 108, 'HasGroup']]"
"« Ce sont des étrangers qui ont fait l’Islande actuelle », reconnaît M. Torben Rasmussen, directeur de la Maison nordique de Reykjavik, centre culturel inauguré en 1968, mais dont l’origine remonte aux années 50, nombre de Scandinaves voulant alors équilibrer l’influence culturelle des Etats-Unis.",24565,,"[[10, 23, 'HasGroup'], [213, 234, 'HasGroup']]"
"» Par exemple, les détenus comptent pour 80 % d’un district du comté de Juneau, dans le Wisconsin.",24566,,"[[15, 26, 'HasGroup']]"
"Mais nous ne sommes plus au temps de la première guerre froide, et il est difficile de savoir dans quelle mesure ces largesses publiques peuvent « ruisseler », à la mode keynésienne, vers les citoyens ordinaires.",24568,,"[[188, 211, 'HasGroup']]"
"Ce faisant, cette gauche se rallie néanmoins sur une question essentielle à des gouvernements qu’elle combat.",24571,,"[[12, 24, 'HasGroup']]"
"Selon les responsables des réfugiés interrogés, la campagne de l’OTAN a exacerbé la situation déjà précaire des réfugiés en ralentissant leur intégration dans la société yougoslave, en interrompant la réinstallation des réfugiés dans des pays tiers et en empêchant l’acheminement régulier de l’aide humanitaire dont les réfugiés ne peuvent se passer (...).",24572,,"[[23, 46, 'HasGroup'], [108, 120, 'HasGroup'], [159, 180, 'HasGroup'], [216, 228, 'HasGroup'], [316, 328, 'HasGroup']]"
"Alors que, en Asie, les Japonais poursuivaient une guerre sans fin pour se rendre maîtres de la Chine, l’Allemagne mobilisa, en 1939, 3 millions de soldats au sein de la Wehrmacht pour occuper la Pologne.",24573,,"[[20, 32, 'HasGroup'], [134, 155, 'HasGroup']]"
"Prenant tous pour point de départ les intérêts de leur pays — et se souciant bien peu du sort de la population irakienne -, chacun des auteurs défend son point de vue, tout en prenant en compte les risques potentiels des choix qu’il propose.",24580,,"[[97, 120, 'HasGroup']]"
"Lorsqu’il achète Twitter, il renvoie par courrier électronique la moitié des salariés et rompt les contrats de plus de quatre mille prestataires externes, chargés notamment de la modération de contenus.",24587,,"[[63, 85, 'HasGroup']]"
"Rapidement, la rébellion sierra- léonaise poursuit ses propres objectifs.",24589,,"[[12, 41, 'HasGroup']]"
"L’économiste James Tobin observait déjà en 1975 — et le constat reste valable — l’exceptionnel décalage entre le produit intérieur brut (PIB) et le produit national brut (PNB) de Porto Rico, c’est-à-dire entre le revenu engendré dans l’île et le revenu de ses habitants (9).",24592,,"[[256, 269, 'HasGroup']]"
"Celui qui s’occupait de téléphone veut faire de la télévision, et vice versa ; toutes les entreprises de réseau, en particulier les vendeurs de flux et possesseurs d’un maillage communicationnel (électricité, téléphonie, eau, gaz, chemins de fer, sociétés d’autoroutes, etc.)",24593,,"[[79, 194, 'HasGroup']]"
"Ailleurs, quand on parle de réduction du temps de travail, on veut dire « temps partiel », ce qui représente, par exemple, 37,3 % de la population active aux Pays-Bas, et conduit, dans ce pays comme au Royaume-Uni, à afficher des chiffres de chômage artificiellement dégonflés.",24602,,"[[133, 153, 'HasGroup']]"
"De Juba, la capitale de la région, à Kajo Keji en passant par Bor, Wau, Malakal, Torit ou Kapoeta, les troupes de Khartoum gagnent du terrain sur les rebelles qui quadrillaient encore récemment l’essentiel du territoire.",24604,,"[[99, 122, 'HasGroup'], [146, 158, 'HasGroup']]"
Par quel miracle les ophtalmologues ne contribuent-ils pas davantage à la surpopulation carcérale ?,24605,,"[[17, 35, 'HasGroup']]"
"» Sans compter qu’identifier le judaïsme à la Shoah, c’est en exclure 60 % des juifs français, qui ne l’ont pas subie en Afrique du Nord.",24607,,"[[75, 93, 'HasGroup']]"
"« Ce procès a été fort imprudent, avoue M. Robert Voorhamme, président de la fédération anversoise du Parti socialiste flamand (SP.A).",24615,,"[[99, 133, 'HasGroup']]"
"Éduqués dans les mêmes écoles et universités que les managers de ces entreprises privées, leur culture n’est pas différente.",24620,,"[[49, 88, 'HasGroup']]"
Le Hamas en sortira renforcé.,24627,,"[[0, 8, 'HasGroup']]"
Ce phénomène est particulièrement accentué en France ou aux États-Unis (lire « Un pays miné par les homicides policiers ») par l’existence de puissants syndicats corporatistes.,24628,,"[[139, 175, 'HasGroup']]"
"Le quotidien des agents s’apparente à la gestion culpabilisante d’un océan infini de demandes nouvelles, en cours ou en retard entre lesquelles il faut, chaque jour, arbitrer en fonction d’urgences et de priorités difficiles à trancher.",24631,,"[[13, 23, 'HasGroup']]"
"D’un côté, le camp rebelle, le Front révolutionnaire uni (RUF), véritable maître du territoire, contrôle la moitié du pays et fait régner l’insécurité sur l’autre moitié, rendant impossible toute activité minière lourde comme celle que voudraient démarrer les petites compagnies (« junior companies »).",24634,,"[[28, 62, 'HasGroup']]"
"En réalité, pour les migrants, tout est question de moyens.",24639,,"[[17, 29, 'HasGroup']]"
"Cela n’a rien de surprenant : les jeunes femmes étant les plus handicapées par les grossesses à répétition et les soins à donner aux jeunes enfants, tout ce qui favorise leur autonomie, leur capacité d’expression et de décision tend à espacer les naissances.",24645,,"[[30, 47, 'HasGroup'], [129, 147, 'HasGroup']]"
"Un important groupe — de rudes bédouins, souvent illettrés, en provenance du nord de la Syrie — se tailla une réputation particulièrement mauvaise, et les autochtones, aussi bien chiites que sunnites, leur imputèrent toutes sortes de méfaits.",24653,,"[[0, 93, 'HasGroup'], [151, 199, 'HasGroup']]"
Je n’ai pas envie d’aller crier misère comme tous les harragas (les sans-papiers).,24671,,"[[45, 62, 'HasGroup'], [64, 80, 'HasGroup']]"
Car le RSS demeure la matrice du BJP.,24677,,"[[4, 10, 'HasGroup'], [30, 36, 'HasGroup']]"
"« Au même titre que les ressources naturelles, les Indiens sont l’objet de la conquête.",24679,,"[[47, 58, 'HasGroup']]"
Autant de récupéré pour les banques et les groupes financiers.,24684,,"[[24, 35, 'HasGroup'], [39, 61, 'HasGroup']]"
Mais les Israéliens ont également atteint leurs objectifs libanais en faisant élire leur allié Bachir Gemayel à la présidence de la République.,24686,,"[[5, 19, 'HasGroup']]"
"En retour, ces écoles de commerce peuvent réclamer des droits d’inscription plus importants afin de recruter des enseignants réputés, dont les carnets d’adresses faciliteront les carrières des nouveaux diplômés.",24687,,"[[109, 132, 'HasGroup'], [189, 210, 'HasGroup']]"
"→ En janvier 2011, la révolte des Tunisiens contre le pouvoir de Zine El-Abidine Ben Ali provoquait une onde de choc dans le monde arabe.",24689,,"[[30, 43, 'HasGroup']]"
"Dans l’immédiat, M. Obuchi propose de faire voter à l’automne six lois sur les « banques relais » qui permettraient la mise en faillite « propre » des établissements financiers non viables.",24692,,"[[75, 97, 'HasGroup']]"
"» La formule, répétée à l’envi par les manifestants qui se rassemblent chaque jour dans toutes les villes de Bosnie-Herzégovine, dit bien le caractère inédit de la mobilisation.",24694,,"[[35, 127, 'HasGroup']]"
"Aujourd’hui, certains peuvent aller chez nos voisins, comme les femmes plus aisées pouvaient aller en Grande-Bretagne avant la loi sur l’avortement.",24699,,"[[60, 82, 'HasGroup']]"
"Si les délocalisations fondées sur les différentiels de coûts salariaux perdurent, les entreprises cherchent également à répondre aux demandes des nouvelles couches moyennes urbaines solvables, alors que les revenus de celles-ci dans les pays du Nord sont bloqués.",24704,,"[[83, 98, 'HasGroup'], [143, 192, 'HasGroup']]"
Le haut niveau de croissance de la dernière décennie a en effet ouvert aux femmes des possibilités d’emploi.,24705,,"[[71, 81, 'HasGroup']]"
"« A l’époque, je pensais que ça ne concernait que les hippies.",24706,,"[[50, 61, 'HasGroup']]"
"Pour y parvenir, il aura fallu une intervention militaire — mille bombardements en deux semaines, autant que sur l’Irak durant la guerre du Golfe — qui met fin au siège de Sarajevo, mais au prix d’une guerre conduite par l’Organisation du traité de l’Atlantique nord (OTAN) contre les Serbes, présentés comme les seuls coupables.",24707,,"[[281, 291, 'HasGroup']]"
"Le contrôle des minorités et des affaires religieuses, autrefois sous la responsabilité de diverses administrations, mais aussi d’associations religieuses dites « représentatives », est désormais passé sous celle du très centralisateur département du travail du Front uni du Parti (15).",24708,,"[[12, 25, 'HasGroup'], [128, 180, 'HasGroup'], [259, 280, 'HasGroup']]"
"Si le nouveau régime entend remettre le pays sur pied, il lui faudrait aussi redéfinir les relations entre l’armée et la nation, repenser la politique afghane et celle du Cachemire, et donc briser les réseaux de drogue et de contrebande, contrôler l’ISI, réformer les écoles coraniques liées aux mouvements extrémistes armés.",24713,,"[[292, 324, 'HasGroup']]"
Cette présence est sensible et particulièrement effective pour tout ce qui concerne la question de la représentation des musulmans.,24717,,"[[117, 130, 'HasGroup']]"
"« Il n’est pas normal qu’un professeur marocain touche cinq fois plus qu’un professeur algérien, alors que le PNB algérien est dix fois supérieur au PNB marocain », explique un syndicaliste du Conseil national de l’enseignement supérieur (CNES), syndicat largement représentatif mais non reconnu par les autorités.",24719,,"[[190, 313, 'HasGroup']]"
"La guerre froide bat son plein, et les moonistes bénéficient alors de l’appui de certains responsables du parti au pouvoir, le PLD, profondément anticommuniste.",24720,,"[[35, 48, 'HasGroup'], [124, 130, 'HasGroup']]"
Les Français dominent Airbus et Arianespace : 70 % des technologies et du savoir-faire proviennent de l’Hexagone ; l’encadrement est français.,24721,,"[[0, 12, 'HasGroup']]"
"Spécialiste de l’Asie centrale, la journaliste Sylvie Lasserre rassemble ici un reportage effectué en 2007 et des interviews récentes de militants en exil, notamment Mme Rebiya Kadeer, présidente du Congrès mondial des Ouïgours.",24726,,"[[134, 154, 'HasGroup'], [215, 227, 'HasGroup']]"
"« Alors qu’en Irlande du Nord le Sinn Féin est à présent le parti attrape-tout qui domine le camp nationaliste, dans la République il était, et apparemment restera, un parti de niche situé à l’extrémité gauche et ardemment républicaine du spectre politique », notait un éditorialiste conservateur (1).",24727,,"[[30, 42, 'HasGroup']]"
"Et n’oublient pas, au passage, de se pencher sur la situation des Gitans, qui demeurent structurellement discriminés.",24734,,"[[62, 72, 'HasGroup']]"
"Classée parmi les capitales les plus chères du monde, Luanda, qui a vu affluer les populations des campagnes saccagées par les combats, connaît une pénurie chronique de logements.",24735,,"[[79, 134, 'HasGroup']]"
"Cessez-le-feu et mise en place d’une force d’interposition russe, qui n’empêche pas la reprise de la capitale par les séparatistes en septembre.",24736,,"[[114, 130, 'HasGroup']]"
"La campagne de mobilisation transnationale animée par la NTUF et les familles de victimes, au Pakistan et en Allemagne, depuis une décennie, a fini par convaincre le groupe d’indemniser substantiellement ces familles.",24740,,"[[54, 61, 'HasGroup'], [163, 172, 'HasGroup']]"
"Ils ont ouvert un dialogue avec des acteurs locaux et, selon leurs propres règles, refusent de négocier avec les organes de représentation mapuche », commente M. Millabur, par ailleurs très remonté contre la privatisation rampante des espaces marins par les entreprises de pêche et d’élevage de saumons.",24741,,"[[32, 50, 'HasGroup'], [109, 148, 'HasGroup'], [254, 302, 'HasGroup']]"
"Quant aux fonctionnaires qui veulent servir le bien, ils se doivent de démissionner...Thoreau avoue payer volontiers la taxe pour l’entretien des routes ou pour l’école, mais il n’admet pas de financer une guerre, qui, de fait, contribue à renforcer les Etats du Sud esclavagistes.",24746,,"[[6, 51, 'HasGroup']]"
Les coûts explosifs du système d’assurance médicale privée sont mis à la charge des travailleurs actifs ou retraités (3).,24755,,"[[80, 116, 'HasGroup']]"
"Enfin, peut-on qualifier de réellement démocratique un système sous lequel un mouvement authentiquement oppositionnel et non violent, reflétant les aspirations politiques des masses, est empêché de participer à des élections soi-disant libres, comme c’est actuellement le cas du mouvement de cheikh Yacine ?",24757,,"[[276, 305, 'HasGroup']]"
"Mais beaucoup de nouveaux migrants, directement ou indirectement manipulés par le pouvoir, arrivent pour provoquer des conflits intercommunautaires.",24765,,"[[5, 89, 'HasGroup']]"
"Il faut dire que l’attention des journalistes en déambulation dans les quartiers populaires est principalement consacrée à un repérage des situations, paysages et protagonistes évoquant au mieux « la banlieue ».",24768,,"[[29, 91, 'HasGroup']]"
"Il prétendit que les manifestants étaient des corrompus, prêts à vendre leur conscience nationale pour des euros.",24771,,"[[17, 33, 'HasGroup']]"
"« C’est facile d’incriminer Amazon, mais les syndicats aussi sont fautifs », analyse le journaliste.",24775,,"[[41, 54, 'HasGroup']]"
"Selon cette logique, la Syrie doit être punie pour ses excès au Liban, pour son opposition à la guerre américaine en Irak, pour son appui à l’insurrection et à la résistance en Palestine (9).",24779,,"[[140, 154, 'HasGroup'], [160, 186, 'HasGroup']]"
"Une gageure pour cette profession, féminisée et peu syndiquée, à qui l’on demande toujours plus : se tenir à la disposition des copropriétaires dans les beaux quartiers ; œuvrer à l’accompagnement social et au maintien de l’ordre dans les banlieues populaires.",24782,,"[[124, 143, 'HasGroup']]"
"L’accord signé énumère le retour des réfugiés géorgiens dans la région de Gali, la réouverture de la ligne de chemin de fer Sotchi-Tbilissi via Soukhoumi et la modernisation de la station hydroélectrique de l’Ingouri.",24784,,"[[33, 55, 'HasGroup']]"
"En quête d’attractivité, acteurs privés et acteurs publics collaborent étroitement pour drainer une part croissante des activités humaines vers les commerces.",24786,,"[[25, 39, 'HasGroup'], [43, 58, 'HasGroup'], [144, 157, 'HasGroup']]"
"Dans un « message aux compatriotes taïwanais » publié le jour de l’établissement des relations officielles avec Washington, les autorités communistes proposent l’ouverture d’échanges dans tous les domaines.",24792,,"[[18, 44, 'HasGroup']]"
On peut aussi escompter la mise en place d’une défense des entreprises américaines à l’étranger et aux Etats-Unis.,24793,,"[[55, 113, 'HasGroup']]"
"Partout les islamistes sont assujettis à une surveillance plus intense, et tout particulièrement leurs activités financières.",24795,,"[[8, 22, 'HasGroup']]"
"De telles actions, menées dans une quasi-clandestinité, n’ont jamais fait l’objet de bilans, mais elles marquent un retour musclé des Américains dans la « guerre secrète » de la Corne.",24796,,"[[130, 144, 'HasGroup']]"
"Un an, c’est court lorsque les sondages sont de mauvaise augure... C’est que, pour la première fois depuis trois ans, le parti de M. Klaus est menacé par l’opposition de gauche.",24797,,"[[154, 176, 'HasGroup']]"
"A cet égard, il n’est pas inutile de rapprocher – au plan essentiellement symbolique –, d’un côté, le « touriste organisé » qui a confié la préparation de son voyage à une agence ou à un tour-opérateur et, de l’autre, le « touriste sexuel ».",24800,,"[[99, 201, 'HasGroup'], [218, 240, 'HasGroup']]"
"Les votes FN proviennent, pour beaucoup, de ces hostilités sourdes au travail.",24801,,"[[10, 12, 'HasGroup']]"
"Comme l’écrit un journaliste érythréen, « il est plus facile d’enfermer les femmes dans les traditions que dans les maisons (3) ».",24802,,"[[72, 82, 'HasGroup']]"
"La présentation ethnicisée (« les Serbes », « les Croates », etc.)",24803,,"[[30, 40, 'HasGroup'], [46, 57, 'HasGroup']]"
"Ayant en tête que l’on pouvait trouver du pétrole dans le désert du Néguev (sud d’Israël), Ball invite Epstein à étudier la faisabilité d’une réunion avec les dirigeants du secteur pétrolier, dont le vice-président d’Aramco, le directeur de Socony-Vacuum et le vice-président de la Standard Oil of New Jersey… Ainsi, les responsables de l’Agence juive aux Etats-Unis mesurent bien l’importance que Washington accorde à ses intérêts pétroliers au Proche-Orient (9) : ils cherchent à répondre aux inquiétudes des dirigeants des entreprises pétrolières et des responsables gouvernementaux américains, qui craignent qu’un soutien à l’Etat juif n’affaiblisse les Etats-Unis dans la région.",24804,,"[[155, 190, 'HasGroup'], [317, 366, 'HasGroup'], [507, 549, 'HasGroup'], [553, 596, 'HasGroup']]"
"Les membres du syndicat des ouvriers du caoutchouc, l’United Rubber Workers (URW), avaient précédemment fait grève dans six usines de pneus de l’entreprise Bridgestone-Firestone, dont l’une située à Decatur.",24822,,"[[0, 50, 'HasGroup'], [52, 81, 'HasGroup']]"
"Mais ce bouillonnement, contenu à un cadre strictement syndical, exprime tout autant l’incapacité chronique du MAS à « faire parti », autrement dit à élaborer un projet politique commun à l’ensemble de la Bolivie populaire, en transcendant les corporatismes.",24831,,"[[108, 114, 'HasGroup']]"
"La HDZ n’a jamais digéré que le Croate élu à la présidence collégiale, M. Željko Komšić, ait pu l’être grâce aux voix de non-Croates.",24840,,"[[0, 6, 'HasGroup'], [121, 132, 'HasGroup']]"
"Je vois au Ghana une mère dont le nom est Aya, ce qui veut dire « née vendredi », berçant son bébé pour le faire dormir, je vois les ruines de Kaboul et un homme qui rentre chez lui, et je sais que, malgré la souffrance, l’ingéniosité des survivants est intacte, une ingéniosité appliquée à la récupération et à récolter de l’énergie.",24843,,"[[235, 249, 'HasGroup']]"
"Mais, dans un jeu à somme nulle, la réponse au « nettoyage ethnique » se révèle être un « nettoyage ethnique » à rebours — beaucoup d’Arabes qualifiant la situation de kurdification (takrid).",24844,,"[[123, 140, 'HasGroup']]"
"La ligne 13 du métro en est le parfait symbole : 555 000 voyageurs par jour, 24 000 voyageurs aux heures de pointe, et un taux de charge record de 116 % (soit plus de quatre personnes au mètre carré).",24845,,"[[49, 75, 'HasGroup'], [77, 114, 'HasGroup']]"
"Mais pourquoi établir une comparaison avec les véritables génocides subis par les Arméniens, les juifs, les Khmers ou les Rwandais, sans oublier les Indiens d’Amérique ?",24846,,"[[78, 91, 'HasGroup'], [93, 102, 'HasGroup'], [104, 114, 'HasGroup'], [118, 130, 'HasGroup'], [145, 167, 'HasGroup']]"
"Malgré le cessez-le-feu, la guerre se poursuivit donc, et ce d’autant plus que les Janjawids, écartés eux aussi de l’accord, poursuivaient leurs razzias, notamment dans la région de Zalingei, attaques de plus en plus souvent coordonnées avec l’aviation gouvernementale.",24848,,"[[79, 92, 'HasGroup']]"
"« Ce qui les pousse au secret, c’est la volonté de contourner les opinions publiques », estime M. Jérémie Zimmerman, porte-parole du collectif La Quadrature du Net.",24849,,"[[130, 163, 'HasGroup']]"
"Le seul élément de surprise sera la candidature inattendue de M. Karen Demirdjian, un ancien apparatchik du Parti communiste arménien dans les années 70-80 — une époque où, de l’avis général, l’on vivait relativement bien en Arménie -, récemment converti à l’économie du marché tempérée de justice sociale.",24851,,"[[105, 133, 'HasGroup']]"
"Et d’ailleurs, fait-il remarquer, « la France et les Etats-Unis eux-mêmes ont durci leur législation sur la délinquance des mineurs… » En juin 2003, briguant l’investiture d’Arena (qu’il n’a pas obtenue) à l’élection présidentielle du 21 mars 2004, M. Sandoval a démissionné de ses fonctions à la tête de la PNC, et c’est à son successeur, M. Ricardo Meneses, qu’incombe la mise en œuvre du plan Mano Dura, annoncé, le 23 juillet 2003, par le président Francisco Flores lui-même.",24857,,"[[120, 131, 'HasGroup']]"
Un second village sera d’ailleurs construit pour l’ensemble des athlètes des pays de l’Est.,24860,,"[[49, 90, 'HasGroup']]"
"A ceci près que cela avait alors déclenché une réaction immédiate du Congrès, sous forme d’un plan de sauvetage de 787 milliards de dollars et de promesses d’aides supplémentaires en faveur des banques jugées « trop grosses pour faire faillite ».",24865,,"[[190, 245, 'HasGroup']]"
"Le mouvement créé par les 121 va, progressivement, leur donner un caractère de masse.",24869,,"[[0, 29, 'HasGroup']]"
Ni les représentants des gouvernements ni ceux des milieux d’affaires n’ont l’intention d’introduire des dispositions contraignantes dans l’AMI.,24870,,"[[3, 38, 'HasGroup'], [42, 69, 'HasGroup']]"
"), par l’attention portée au placement des diplômés ou aux classements nationaux et internationaux des business schools.",24872,,"[[39, 51, 'HasGroup']]"
"En moyenne, cinq tchadors noirs et stricts — l’habillement de rigueur des employées de l’administration — pour deux voiles colorés.",24875,,"[[70, 103, 'HasGroup']]"
"Les investisseurs privés étant demandeurs de lieux vierges, protégés, les pays fournissent la matière première et, employant les recettes du tourisme classique, chaque administration rêve de développer un « grand projet » pendant son mandat.",24879,,"[[0, 24, 'HasGroup']]"
"Filip Reintjens attire toutefois l’attention sur la fragilité de cette alliance, à la merci du moindre conflit d’intérêts, par exemple entre Kinshasa et les Katangais appuyés par l’Angola.",24880,,"[[153, 166, 'HasGroup']]"
"Le SPD et la CDU ne dirigent que quatre Länder, auxquels s’ajoute la Bavière, dominée par la CSU.",24883,,"[[0, 6, 'HasGroup'], [10, 16, 'HasGroup'], [90, 96, 'HasGroup']]"
"Mais le pouvoir se conquiert encore avec des structures pyramidales, de l’argent, des militants, des machines électorales et une stratégie : quel bloc social et quelle alliance pour quel projet ?",24884,,"[[82, 95, 'HasGroup']]"
"A l’exception d’une minorité politisée, la jeune génération ne remet pas non plus en cause le système capitaliste, ni le pouvoir de l’argent, même brutal.",24886,,"[[16, 38, 'HasGroup'], [40, 59, 'HasGroup']]"
"Rejetant toute comparaison entre les Etats-Unis et les prédateurs coloniaux européens de l’époque, il disait : « La vérité simple est que notre politique d’expansion, inscrite dans toute l’histoire américaine (...), ne ressemble en rien à l’impérialisme.",24890,,"[[51, 97, 'HasGroup']]"
"Le film de Kenichi Watanabe permet de comprendre comment Washington a fait main basse sur le pays à la fin de la seconde guerre mondiale, imposant le maintien de l’empereur Hirohito, empêchant tout regard critique sur l’histoire, fermant les yeux sur la répression des mouvements démocratiques… Images et son d’archives à l’appui, le réalisateur fait cheminer le spectateur jusqu’à la période contemporaine, où les relents militaristes s’accompagnent d’une soif d’autonomie.",24892,,"[[265, 293, 'HasGroup']]"
"Les routiers doivent contourner les voies ou les points de connexion stratégiques visés par les Russes, comme le pont de Zatoka, dans le sud d’Odessa.",24905,,"[[0, 12, 'HasGroup'], [92, 102, 'HasGroup']]"
"Le soulèvement populaire palestinien connu sous le nom de première Intifada, déclenché à la fin de 1987, mit à mal l’hégémonie du Likoud et la perspective du Grand Israël.",24909,,"[[127, 136, 'HasGroup']]"
"Mais, dans ces régions presque à 100 % peuplées d’Arabes, il n’y a pas eu de soulèvement contre les FDS.",24912,,"[[48, 56, 'HasGroup'], [96, 103, 'HasGroup']]"
"« Nous avons noué des relations avec lui durant la grève des instituteurs de 2017, se souvient M. Cerrón, puis nous lui avons proposé de représenter Perú libre à l’élection présidentielle.",24914,,"[[149, 159, 'HasGroup']]"
"Une course à l’Est entre frontistes catholiques et païens s’exprime également en Roumanie et en République tchèque, où la presse fait état de contacts entre le FN et le Front patriotique (VF) (7).",24915,,"[[25, 47, 'HasGroup'], [51, 57, 'HasGroup'], [157, 162, 'HasGroup'], [166, 191, 'HasGroup']]"
"Dans un tel environnement, l’intrusion de KKR aurait pu réduire au silence les salariés de Fonmarty, assoupis après tant d’années de gestion paternaliste.",24916,,"[[75, 99, 'HasGroup']]"
"L’action solidaire est non seulement la passion, mais aussi la raison de vivre de la plupart des membres de Solidarité populaire.",24920,,"[[82, 128, 'HasGroup']]"
"A Lipcani, dans le nord de la Moldavie, Gheorghe, 58 ans, est au chômage, comme la moitié de la population.",24921,,"[[80, 106, 'HasGroup']]"
"Tous les mouvements concertés de l’industrie et des fleuves, des voies (...) → « Il était une fois un vieux pays » Il était une fois un vieux pays tout bardé d’habitudes et de circonspection.",24922,,"[[5, 70, 'HasGroup']]"
"L’objectif affiché par les Saoudiens et leurs soutiens était de rétablir — officiellement à sa demande — le pouvoir de M. Hadi, revenu sur l’annonce de sa démission et exilé à Riyad.",24924,,"[[23, 36, 'HasGroup']]"
Le manque d’infrastructure et l’âpreté des lieux n’encouragent pas les entreprises étrangères à s’installer.,24925,,"[[67, 93, 'HasGroup']]"
"Ses représentants ne veulent pas que leurs compatriotes se retrouvent au niveau « des Chinois, des Kanakas, des Nègres, des habitants des îles du Pacifique, des Indiens et d’autres peuples orientaux », selon les propos du consul du Japon à Sydney en 1901 (7).",24929,,"[[0, 17, 'HasGroup'], [37, 55, 'HasGroup'], [82, 93, 'HasGroup'], [95, 106, 'HasGroup'], [108, 118, 'HasGroup'], [120, 155, 'HasGroup'], [157, 168, 'HasGroup'], [172, 198, 'HasGroup']]"
"Mme Ranjana Padhi, membre de l’organisation non gouvernementale People’s Union for Democratic Rights (PUDR), analyse la mobilisation comme « le fruit d’une conscience forte de ce que l’exploitation veut dire, dans un contexte où la précarité devient la norme, alors que 80 % de la main-d’œuvre était permanente dans les années 1980.",24934,,"[[275, 293, 'HasGroup']]"
Et qui voit disparaître les emplois industriels ayant servi d’ossature à une classe moyenne peu diplômée mais relativement confiante en son avenir.,24935,,"[[73, 146, 'HasGroup']]"
"Aussi les directions des grandes centrales syndicales refusèrent-elles constamment d’appuyer la création d’un parti de gauche, préférant accorder leur soutien implicite ou explicite au PQ.",24945,,"[[6, 53, 'HasGroup'], [107, 125, 'HasGroup'], [182, 187, 'HasGroup']]"
"L’éducation des garçons y est consacrée, tandis que celle des filles inclut un enseignement laïque qui permettra à la future épouse d’être le seul soutien économique de la famille.",24954,,"[[12, 23, 'HasGroup'], [58, 68, 'HasGroup'], [169, 179, 'HasGroup']]"
"Et le référendum a permis au peuple de présenter la facture à « ceux d’en haut » : la victoire du « non » constitue donc un sévère avertissement à l’« élite » – gouvernement, opposition, hommes et femmes politiques, directions des grandes organisations sociales, etc.",24957,,"[[64, 78, 'HasGroup'], [147, 158, 'HasGroup'], [175, 185, 'HasGroup'], [187, 214, 'HasGroup'], [216, 261, 'HasGroup']]"
"Ainsi, si les mitrons “oubliaient” de mettre du levain dans la pâte, s’ils oubliaient le sel, ou, tout au contraire, avaient la main lourde ; si, encore, ils laissaient le pain brûler au four… le pain serait invendable, et seul le patron en pâtirait.",24958,,"[[10, 21, 'HasGroup']]"
Le gouvernement lui-même estime à cent mille le nombre de précaires employés par l’État.,24960,,"[[55, 87, 'HasGroup']]"
"» Autre record européen : la France compte huit centrales syndicales, dont six à vocation générale (CGT, CFDT, FO, CFTC, UNSA, Solidaires) et deux sectorielles (CFE-CGC pour les cadres et FSU pour la fonction publique).",24963,,"[[43, 68, 'HasGroup'], [100, 103, 'HasGroup'], [105, 109, 'HasGroup'], [111, 113, 'HasGroup'], [115, 119, 'HasGroup'], [121, 125, 'HasGroup'], [127, 137, 'HasGroup'], [161, 168, 'HasGroup'], [174, 184, 'HasGroup'], [188, 191, 'HasGroup']]"
"Le régime communiste pro-vietnamien installé au pouvoir en 1979 ne rendit pas justice aux anciens propriétaires : il redistribua certes la terre aux paysans, mais selon un modèle collectiviste importé du Vietnam.",24964,,"[[86, 111, 'HasGroup'], [145, 156, 'HasGroup']]"
"Dès le milieu des années 1980, les Cubains l’ont désertée.",24969,,"[[31, 42, 'HasGroup']]"
"Quant à la SNCF (lire Benoît Duteurtre, « Il paraît que les petites lignes de chemin de fer coûtent trop cher »), son obsession des lignes rentables à grande vitesse l’a conduite à sacrifier le transport de marchandises au profit de la route, à négliger les lignes conventionnelles — et à asperger les voyageurs d’une prose aux subtils accents poétiques : « TGV porte une nouvelle promesse client baptisée TGV inOUI (3).",24972,,"[[298, 311, 'HasGroup']]"
"Le groupe scolaire, qui accueille près de 800 garçons et filles, est à cinquante mètres de « l’usine d’amiante ».",24973,,"[[0, 18, 'HasGroup'], [42, 63, 'HasGroup']]"
"L’auteur décrit minutieusement les nouvelles structures qui sont mises en place, le rôle des mollahs, le fossé qui se creuse entre les riches et les pauvres, le conservatisme économique.",24974,,"[[89, 100, 'HasGroup'], [131, 141, 'HasGroup'], [145, 156, 'HasGroup']]"
"La télévision est totalement contrôlée, les menaces et intimidations se multiplient contre les médias indépendants, la presse à scandales mène une sale guerre contre l’opposition (2).",24978,,"[[166, 178, 'HasGroup']]"
"S’ajoutent, dans les demandes de ce type de soins, la surreprésentation des symptomatologies floues, pour lesquelles il est assez facile de se sentir mieux, ou le biais de cohortes composées en majorité de patients atteints de maladies spontanément résolutives.",24980,,"[[169, 260, 'HasGroup']]"
"Zapatiste ou non, l’indigène chiapanèque sait qu’à Cancún (Mexique), aux Etats-Unis ou ailleurs, il pourra mieux gagner sa vie qu’en s’acharnant sur son maigre lopin de terre, pour y produire un maïs qui a perdu sa rentabilité depuis que l’Accord de libre-échange nord-américain (Alena) a, en 1994, ouvert la voie aux excédents de l’agro-industrie américaine.",24982,,"[[18, 40, 'HasGroup']]"
L’apparition du papier-monnaie et l’explosion du nombre des banques régionales en Grande-Bretagne et en Amérique du Nord facilitèrent prêts et emprunts.,24986,,"[[56, 78, 'HasGroup']]"
L’une des principales tactiques de la dissidence armée consiste à provoquer l’implosion des centres urbains en semant la terreur dans les campagnes.,24987,,"[[35, 54, 'HasGroup']]"
"Quant à savoir si le législateur doit intervenir, le Conseil d’Etat tranche par la négative : « Si l’on veut exclure toute discrimination fondée sur le patrimoine génétique, on fait tomber dans l’illégalité la pratique des questionnaires de santé demandés par les assureurs.",24991,,"[[260, 273, 'HasGroup']]"
"S’il invite à la méfiance à l’endroit des « nouveaux philosophes et intellectuels médiatiques », ce dernier fait néanmoins appel à l’un de leurs représentants (Raphaël Enthoven) pour signer quelques pages, dont celle qui est consacrée à Michel Onfray.",24993,,"[[38, 95, 'HasGroup']]"
"» Pour les Espagnols, la Résistance est le prolongement de leur guerre civile par d’autres moyens.",24995,,"[[7, 20, 'HasGroup'], [22, 35, 'HasGroup']]"
"Dans ce premier ouvrage, il relate avec humour et poésie la vie des « Bombayers » débarqués de toute l’Inde à Bombay pour y « réussir », ballottés entre contradictions et espoirs.",25000,,"[[64, 81, 'HasGroup']]"
L’opposition dénonce même des « distributions d’armes ».,25008,,"[[0, 12, 'HasGroup']]"
"Chaque soldat, chaque policier, chaque officier fit fortune sous la dictature en trafiquant avec l’effroi : une mère qui cherchait à savoir si son fils « disparu » était encore vivant se voyait réclamer le titre de propriété de son logement en échange d’une information.",25014,,"[[0, 13, 'HasGroup'], [15, 30, 'HasGroup'], [32, 47, 'HasGroup']]"
"Ces Marocains « afghans » de la deuxième génération sont tournés vers les actions internationales, comme les attentats de Madrid, en mars 2004, tandis que les actions locales sont menées sous la houlette des groupes issus des bidonvilles.",25018,,"[[0, 51, 'HasGroup'], [204, 237, 'HasGroup']]"
"Ton mesuré, cheveux blancs et lunettes strictes à monture rectangulaire, il est l’un des animateurs les plus expérimentés du paysage audiovisuel russe, puisque sa carrière remonte aux années 1990, sur la chaîne NTV, qui était alors considérée comme la machine de guerre du milliardaire Vladimir Goussinski contre le président Boris Eltsine.",25021,,"[[85, 150, 'HasGroup']]"
"→ Les censeurs du général de Gaulle n’éprouvent généralement aucune difficulté à relever toutes les « contradictions » dans ses déclarations de politique étrangère, pour les critiquer ou pour s’en indigner.",25024,,"[[2, 35, 'HasGroup']]"
(…) Les Américains privilégiaient l’instauration d’une paix durable et juste.,25032,,"[[4, 18, 'HasGroup']]"
"M. López Obrador demeure toutefois trop à gauche pour bien des chefs d’entreprise, qui tentent de le discréditer en le comparant à un autre « populiste » : le président américain Donald Trump, que les Mexicains exècrent (9).",25033,,"[[54, 81, 'HasGroup'], [197, 210, 'HasGroup']]"
"La jeune révolution lance une réforme agraire, une campagne pour alphabétiser 400 000 personnes et un programme de santé couvrant tout le pays.",25036,,"[[0, 19, 'HasGroup'], [78, 95, 'HasGroup']]"
"Au niveau local, les représentants, nommés par le gouvernement, n’ont que peu de comptes à rendre à la population.",25037,,"[[17, 34, 'HasGroup']]"
"Tout en tentant de se défendre eux-mêmes, les résidents espèrent en l’arrivée des forces de police.",25038,,"[[42, 55, 'HasGroup'], [78, 98, 'HasGroup']]"
"Ce mandat peut se résumer ainsi : d’accord pour une libéralisation tous azimuts des échanges, mais avec quelques clauses restrictives sur le (...) → Même si les heureux bénéficiaires du boom Internet et de ses stock-options sont en passe de constituer une nouvelle classe de millionnaires outre-Atlantique, la tendance majeure de la dernière décennie n’est pas infirmée pour autant : à l’armée des sans-emploi décrite par Karl Marx, le patronat américain semble avoir substitué celle des sur-employés.",25041,,"[[157, 224, 'HasGroup'], [252, 305, 'HasGroup'], [394, 409, 'HasGroup'], [433, 454, 'HasGroup']]"
"A titre individuel, les militaires vivent dans la peur d’une dénonciation ou d’une machination, évitant de parler entre eux et ne faisant confiance à personne.",25044,,"[[20, 34, 'HasGroup']]"
J’ai vu mourir des dizaines de femmes après des avortements clandestins et j’ai eu la chance et l’honneur d’être le premier à sauver des femmes atteintes de septicémie.,25051,,"[[15, 37, 'HasGroup'], [133, 167, 'HasGroup']]"
Beaucoup d’interlocuteurs rencontrés ici citent la corruption comme un problème majeur.,25056,,"[[0, 40, 'HasGroup']]"
"Je veux donc que nous décidions de notre avenir et de nos affaires, comme le font par exemple les Inuits (10).",25066,,"[[94, 104, 'HasGroup']]"
"Du reste, nombre de négociations ont achoppé sur ce calcul des heures, le patronat cherchant à ne payer que les moments de travail les plus intensifs.",25069,,"[[71, 82, 'HasGroup']]"
"«A
18 ans, j’étais persuadée que l’égalité entre hommes et femmes était acquise, raconte Maud Gelly, jeune médecin et militante du Collectif national pour les droits des femmes (CNDF).",25070,,"[[49, 55, 'HasGroup'], [59, 65, 'HasGroup'], [128, 183, 'HasGroup']]"
Le discours de la fermeté est intégré par les magistrats.,25072,,"[[42, 56, 'HasGroup']]"
Bref l’idéologie dominante s’inspire principalement des valeurs de la droite.,25075,,"[[67, 76, 'HasGroup']]"
"Célèbre grand reporter, Åsne Seierstad se trouvait dans la zone tenue par l’Alliance du Nord lorsque les (...) → Pour les lecteurs qui tâtonnent entre tous les ouvrages de Chomsky qu’on publie en français depuis cinq ans, c’est le livre à lire.",25078,,"[[74, 92, 'HasGroup'], [118, 130, 'HasGroup']]"
"Les étudiants adorent, au point de revenir pendant leur temps libre traîner leurs baskets dans le laboratoire pour y concrétiser leurs envies.",25080,,"[[0, 13, 'HasGroup']]"
Les parlementaires évoquent également une identité amérindienne déchirée.,25082,,"[[0, 18, 'HasGroup']]"
"La réussite ou l’échec de l’entreprise américaine va donc se jouer sur l’équilibre précis que les chiites établiront entre soutien, retenue et hostilité.",25086,,"[[94, 105, 'HasGroup']]"
"En outre, les régions rurales avaient été pratiquement interdites d’accès aux militants de l’opposition.",25087,,"[[74, 103, 'HasGroup']]"
"D’après une enquête du Pew Hispanic Center, deux Mexicains sur cinq se disent prêts à y vivre, même sans papiers.",25088,,"[[49, 58, 'HasGroup']]"
"Les habitants croates ou musulmans de Sarajevo ont aussi massivement quitté la ville durant la guerre, et le mouvement d’exil a continué après le retour de la paix, en raison du marasme économique.",25089,,"[[0, 46, 'HasGroup']]"
"En utilisant la base de données du projet Nigeria Watch, des chercheurs de l’université d’Ibadan ont montré que les forces de sécurité méritaient bien le surnom que les Nigérians leur ont donné : shoot and kill.",25093,,"[[165, 178, 'HasGroup']]"
"L’aile conservatrice considère que l’engagement politique constitue une rupture avec le projet islamique lancé par le fondateur Hassan Al-Banna et que ce champ, quoique fort important, ne doit en aucun cas être le seul terrain d’action des Frères.",25094,,"[[0, 20, 'HasGroup'], [236, 246, 'HasGroup']]"
"Les nouveaux entrepreneurs locaux ne cherchent pas, comme leurs prédécesseurs, à former une main-d’œuvre sur place.",25097,,"[[0, 33, 'HasGroup']]"
"Il faut dire qu’hier, il y a eu du grabuge dans le quartier, et la police a conseillé aux habitants de rester chez eux ce soir.",25102,,"[[86, 99, 'HasGroup']]"
"En revanche, sur la démocratisation des institutions de l’Union, il est possible de mettre d’accord un très grand nombre de partis, mouvements et acteurs sociaux européens – sur le remplacement de la concurrence par la solidarité et la coopération comme normes structurantes, le rôle accru des Parlements nationaux, la fin du monopole de la Commission en matière d’initiative législative, la révision des règles de la codécision Conseil/Parlement européen au profit de ce dernier, la facilitation des coopérations renforcées, le droit d’initiative populaire non soumis au filtre de la Commission, la responsabilité de la Banque centrale européenne tant devant les ministres de l’économie et des finances que devant le Parlement, l’extension de la citoyenneté européenne aux résidents non communautaires, le respect de la laïcité ou la suppression de toute référence à l’OTAN dans un traité européen, par exemple.",25103,,"[[100, 130, 'HasGroup'], [132, 142, 'HasGroup'], [146, 171, 'HasGroup'], [660, 703, 'HasGroup'], [770, 802, 'HasGroup']]"
"En 2003, une consultation auprès des Parisiens enregistre 63 % d’opposition à des immeubles de grande hauteur.",25107,,"[[33, 46, 'HasGroup']]"
"Après la première guerre mondiale, ce sont les pouvoirs de l’Etat et des partis politiques qui se sont imposés, et, à l’heure des idéologies triomphantes, ces derniers ont décidé qui était sain de corps et qui était sain d’esprit, le nazisme se définissant lui-même comme « le parti de la biologie appliquée ».",25112,,"[[69, 90, 'HasGroup']]"
Le parti pourrait perdre l’essentiel de son petit réseau d’élus aussi vite qu’il l’a constitué.,25115,,"[[0, 8, 'HasGroup'], [40, 63, 'HasGroup']]"
"Même s’il s’agit là du simple rappel de résolutions de l’ONU, la candidate socialiste, quelle que soit sa position personnelle sur le sujet – si d’ailleurs elle en a une suffisamment arrêtée – doit tenir compte du fort tropisme pro-israélien des cercles dirigeants de son parti.",25117,,"[[242, 277, 'HasGroup']]"
"En Italie, des manifestations de solidarité avec la jeunesse grecque ont ponctué la grève générale.",25119,,"[[49, 68, 'HasGroup']]"
"Ainsi, pour un journaliste, « être au Parti permet une plus grande liberté de parole », selon la réflexion de l’un d’entre eux.",25120,,"[[35, 43, 'HasGroup']]"
"Issu du Parti libéral (PL), il n’en prend pas moins ses distances avec les groupes de pouvoir économique et ouvre les portes de son gouvernement au mouvement social.",25121,,"[[5, 26, 'HasGroup'], [71, 104, 'HasGroup'], [145, 164, 'HasGroup']]"
"Lorsqu’il nous explique comment il voit l’avenir pour le processus politique auquel il œuvre depuis 2006, M. Álvaro Garcia Linera affirme que « la chance de la Bolivie est d’avoir cette classe moyenne indigène chola, avec son fonctionnement communautaire et associatif très spécifique ».",25123,,"[[180, 215, 'HasGroup']]"
"Mélange de personnages également, le tyran Santos Banderas, l’Indien sanguinaire et taciturne qui, de son propre aveu, « ne croit pas aux vertus ni aux capacités de sa race », comporte quelques traits qui font penser au dictateur espagnol Primo de Rivera (1923-1930) (3), car, pour Valle-Inclán, les despotes latino-américains sont aussi un héritage des conquistadors.",25125,,"[[296, 326, 'HasGroup'], [350, 367, 'HasGroup']]"
Le contre-pouvoir contrôle à tout moment les activités financières de l’association.,25130,,"[[0, 17, 'HasGroup']]"
"« En 2015, quand le FMLN a annulé la trêve, nous avons connu l’année la plus violente de toute l’histoire du pays », ajoute Martínez.",25132,,"[[17, 24, 'HasGroup']]"
"« La situation a empiré après le cessez-le-feu, le 19 mars 1962 : ceux qui n’avaient pas fait la révolution, les “marsiens” [en référence au 19 mars], sont soudain devenus de grands combattants !, s’indigne M. Mohamed Benaboura, torturé par l’armée française, incarcéré pendant quatre ans avant de devenir en 1961 responsable FLN de Derb, le quartier juif d’Oran.",25133,,"[[66, 123, 'HasGroup'], [326, 329, 'HasGroup']]"
"Les démarches administratives nécessaires rebutent la majorité d’une population de dix-sept millions d’habitants, dont 28 % seulement sont alphabétisés (4).",25135,,"[[51, 112, 'HasGroup']]"
"Ainsi Carrefour propose « un diagnostic personnalisé des besoins [du salarié] en matière de complément de retraite », à partir duquel sera examiné le taux de cotisation qu’il devrait verser au fonds.",25139,,"[[66, 76, 'HasGroup']]"
"Une geste populaire, centrée sur les mouvements collectifs, pratiquant le montage de scènes plus que le récit linéaire, de manière à solliciter la participation à la fois affective et réflexive des spectateurs plutôt que leur identification à des personnages.",25142,,"[[33, 58, 'HasGroup']]"
"Déconnectés des réalités sociales, ces gouvernants ont abandonné toute résistance.",25143,,"[[35, 50, 'HasGroup']]"
"Parmi les survivants de l’organisation, beaucoup se consacrent désormais à leurs ambitions personnelles ou s’apprêtent à prendre leur retraite.",25145,,"[[6, 38, 'HasGroup']]"
Les tests étaient conçus de telle manière que la majorité des Noirs ne les réussissaient jamais !,25151,,"[[46, 67, 'HasGroup']]"
"Ce parcours, la plupart des dirigeants politiques l’effectuent en sens inverse.",25153,,"[[13, 49, 'HasGroup']]"
Les premiers exigent que la fédération belge se transforme en (...) → Le conflit qui oppose Tel-Aviv au Hamas se distingue par la volonté d’anéantissement exprimée par chacun des camps et la magnitude des pertes en vies humaines qu’il a engendrées.,25160,,"[[101, 109, 'HasGroup']]"
"Dans sa version assamaise, l’accusation porte sur l’utilisation des « migrants » comme vote bank (réserve électorale) à travers la distribution de « millions » de cartes d’électeurs.",25169,,"[[64, 80, 'HasGroup']]"
"À EDF, par exemple, la CGT pouvait d’autant plus facilement être considérée comme le représentant naturel de la corporation que la formation professionnelle et la rencontre avec le syndicat se faisaient conjointement au sein des écoles de métier liées à l’entreprise ; de plus, les cadres, promus à l’ancienneté, n’étaient pas si éloignés des syndicalistes, et le statut professionnel, dont le syndicat se voulait le dépositaire, jouait un rôle central dans les carrières.",25170,,"[[20, 26, 'HasGroup'], [178, 189, 'HasGroup'], [278, 288, 'HasGroup'], [339, 356, 'HasGroup'], [391, 402, 'HasGroup']]"
"Ses enjeux sont nombreux, aussi bien en matière d’éthique et de déontologie des journalistes qu’en matière de régulation.",25172,,"[[76, 92, 'HasGroup']]"
"Invoquant les conquêtes démocratiques de la Libération contre les « trotte-menu de l’Etat modeste », Bertrand Renouvin critique la génération actuelle de nos gouvernants, qui généraliseraient l’insignifiance et le bavardage pour installer un « pacifisme bourgeois contraire à la paix sociale ».",25173,,"[[154, 169, 'HasGroup']]"
"Il a fallu l’invasion du Koweït par l’Irak, en 1990, pour que les Occidentaux, et notamment la France, commencent à s’interroger sur le soutien inconditionnel apporté au président Saddam Hussein dans les années 80.",25175,,"[[62, 77, 'HasGroup']]"
"L’idéal d’une dépendance infantile (cachée sous l’indignation envers le criminel) se laisse entrevoir, par exemple, à ce qu’elle utilise le retournement du crime du pédophile contre son auteur : à subir les recommandations des partisans de la castration chimique, le condamné devient en effet asexué, privé de désir propre, exactement comme on suppose que l’enfant violé doit l’être (pour être une honnête victime).",25180,,"[[69, 80, 'HasGroup'], [264, 275, 'HasGroup'], [356, 370, 'HasGroup']]"
Le texte annonce d’emblée : « Ce mouvement n’appartient à personne et à tout le monde.,25181,,"[[30, 42, 'HasGroup']]"
"Né à la fin des années 1960, de tendance antiléniniste et plutôt conseilliste, influencé par les situationnistes, le mouvement se voulait un groupe spécifique de soutien des luttes et des noyaux appartenant au mouvement ouvrier le plus radical de Barcelone.",25183,,"[[93, 112, 'HasGroup']]"
"«D
es terroristes, qui ont enlevé et réduit en esclavage des enfants trop jeunes pour savoir ce qu’est la mort... » Mme Madeleine Albright, secrétaire d’Etat américain, n’a pas eu de mots assez durs contre l’Armée de résistance du Seigneur [ARS, Lord’s Resistance Army] et ses alliés soudanais, lorsqu’elle s’est rendue dans le nord de l’Ouganda en décembre 1997, après l’adoption, par Washington, de sanctions commerciales contre le Soudan.",25186,,"[[1, 17, 'HasGroup'], [57, 110, 'HasGroup'], [206, 269, 'HasGroup'], [273, 293, 'HasGroup']]"
"Mais dans la lucha libre, celui qui fait ou défait le destin des lutteurs est en dernière instance le public.",25191,,"[[61, 73, 'HasGroup']]"
"Compte tenu de l’instabilité au Proche-Orient, les Européens comme les Américains, désireux de diversifier leurs sources d’approvisionnement, vont accroître leurs importations d’hydrocarbures russes.",25197,,"[[47, 60, 'HasGroup'], [67, 81, 'HasGroup']]"
Nombreux sont donc les experts qui s’interrogent sur les motivations réelles du gouvernement et qui se demandent s’il ne s’agit pas là d’une simple recherche de reconnaissance politique.,25198,,"[[19, 30, 'HasGroup']]"
"Il insiste sur la dimension psychologique d’un conflit : l’adversaire, par exemple, aura intérêt à insister sur l’étendue des « dommages collatéraux », ou à mettre l’accent sur une manifestation de villageois en faveur d’un groupe rebelle.",25203,,"[[195, 208, 'HasGroup'], [221, 238, 'HasGroup']]"
"Aujourd’hui, en l’absence d’autres formes de revenus — subventions gouvernementales, fondations à but non lucratif —, c’est le lecteur qui décide si une publication vit ou meurt, résume Ross Barkan, journaliste et militant de l’aile gauche du Parti démocrate.",25208,,"[[124, 134, 'HasGroup'], [226, 258, 'HasGroup']]"
"Toute ressemblance avec la répression du mouvement démocratique de 1989 est bien sûr purement fortuite, comme le clame l’artiste.",25212,,"[[38, 71, 'HasGroup']]"
"L’ordonnance a en effet institué des conventions d’objectifs et de gestion (COG) qui régissent la relation entre l’État et les caisses nationales : tandis que des indicateurs mesurent la poursuite des objectifs fixés à ces dernières, leurs directeurs généraux évaluent leur mise en œuvre par les directeurs locaux.",25215,,"[[234, 259, 'HasGroup'], [292, 313, 'HasGroup']]"
"Les parents d’élèves, conditionnés par l’enjeu de l’entrée au lycée, cherchent le collège idéal, « celui qui sera mieux vu par le proviseur au moment de l’entrée en seconde », dit un père de famille.",25217,,"[[0, 20, 'HasGroup']]"
"La première mesure, instaurée en 1958, permet de dispenser un condamné de l’exécution de sa peine dès lors qu’il se soumet à certaines obligations (exercer une activité, avoir un domicile, suivre un traitement).",25218,,"[[59, 70, 'HasGroup']]"
"Cette réalité, combinée à la promotion de cadres issus de la paysannerie dans les rangs du Parti, favorise le serrage de vis.",25219,,"[[39, 72, 'HasGroup'], [88, 96, 'HasGroup']]"
"En bénéficier lui permettrait de postuler à l’immense mine de charbon de la famille Luksic qui vient d’ouvrir à quelques kilomètres au nord, sur l’île Riesco — au grand dam des écologistes, dont elle ignore les récriminations : « Les mines, c’est la manne du pays, c’est ce qui rapporte le plus.",25220,,"[[173, 188, 'HasGroup']]"
"» Ses soldats hurlent en massacrant leurs victimes : « Tuez tous les youpins, ce sont tous des bolcheviks.",25221,,"[[2, 13, 'HasGroup'], [65, 76, 'HasGroup'], [91, 105, 'HasGroup']]"
"Même si, comme elle le montre à travers une centaine de témoignages (16), des migrants se sont enracinés dans l’Archipel.",25222,,"[[74, 86, 'HasGroup']]"
"Ils parient sur une démotivation de la population japonaise dans ses revendications sur les Kouriles du Sud et espèrent ainsi que la classe politique nippone, parfaitement unie sur la question, finira par prêcher dans le désert.",25224,,"[[36, 59, 'HasGroup']]"
"Parcelle après parcelle, les promoteurs détruisent les dernières habitations populaires et bâtissent des complexes dont les prestations sont taillées pour une clientèle sophistiquée.",25225,,"[[25, 39, 'HasGroup'], [155, 181, 'HasGroup']]"
"• 1 072 000 microentrepreneurs sont comptabilisés en France fin 2016, selon l’Agence centrale des organismes de sécurité sociale (Acoss).",25226,,"[[2, 30, 'HasGroup']]"
"« Pour le plus grand bonheur des directeurs de pub qui sont scotchés sur ces chaînes info », ironise le salarié de BFM.",25229,,"[[29, 89, 'HasGroup']]"
"Aujourd’hui, malgré quelques tentatives d’assouplissement, le Parti communiste reste selon elle plus que jamais omnipotent.",25230,,"[[59, 78, 'HasGroup']]"
"Nombre d’opinions publiques ont fait connaître leur mécontentement, comme au Maroc, où des dizaines de milliers de manifestants ont brocardé le plan.",25231,,"[[87, 127, 'HasGroup']]"
"Fermement soutenu par la Grande Assemblée nationale et par la majorité de l’opinion publique, le gouvernement turc a multiplié durant les mois de septembre et d’octobre 1998 les attaques contre la Syrie, accusée par le président Süleyman Demirel de « soutenir le terrorisme séparatiste (...) en fournissant une logistique aux brigands [et] en accueillant le chef des brigands à Damas  (1)  ».",25232,,"[[59, 92, 'HasGroup'], [322, 334, 'HasGroup'], [363, 375, 'HasGroup']]"
Supposons qu’une personne qui a faim se promène dans la rue en l’absence de policiers et croise un enfant affamé qui tient un morceau de pain.,25238,,"[[73, 85, 'HasGroup']]"
Les francophones le confondent souvent avec le « bon gouvernement » illustré par la célèbre fresque d’Ambrogio Lorenzetti.,25239,,"[[0, 16, 'HasGroup']]"
"Il amène les militants de base du PCFR dans les rangs des manifestations rameutant tous les extrémistes, des staliniens aux monarchistes et aux fascistes, leur permettant de conclure les alliances les plus perverses.",25241,,"[[9, 38, 'HasGroup'], [83, 103, 'HasGroup'], [105, 119, 'HasGroup'], [120, 136, 'HasGroup'], [140, 153, 'HasGroup']]"
"A la demande des policiers, elle accepte de porter plainte.",25245,,"[[13, 26, 'HasGroup']]"
Réussir à faire participer minorités et « voix marginalisées » constitue un défi pour Occuper Wall Street.,25248,,"[[27, 36, 'HasGroup'], [40, 62, 'HasGroup']]"
Il dit les soutenir et propose une médiation aux patrons de la boulange.,25249,,"[[45, 71, 'HasGroup']]"
"En voyant débarquer à Bagdad ce général Garner et son équipe de 450 administrateurs, on ne pouvait s’empêcher de penser que les Etats-Unis, en cette phase néo-impériale, reprenaient à leur charge ce que Rudyard Kipling a appelé « le fardeau de l’homme blanc ».",25251,,"[[50, 83, 'HasGroup'], [244, 257, 'HasGroup']]"
"» L’ancien diplomate américain n’a pas été interrogé sur les responsabilités américaines ni sur celles de l’Italie et de la France, qui ont retiré leurs soldats après le départ des marines... Vingt ans après, les familles des victimes et des disparus des camps de Sabra et Chatila ont droit à la vérité.",25252,,"[[147, 160, 'HasGroup'], [209, 280, 'HasGroup']]"
Une étude attentive de l’action et des déclarations des services de sécurité israéliens à l’égard du Mouvement islamiste révèle des approches contradictoires.,25254,,"[[98, 120, 'HasGroup']]"
"Un déséquilibre fondamental existe entre le niveau d’information dont disposent ceux qui produisent les services de santé et ceux qui les utilisent : la complication du système est telle que, d’après une série d’études publiées par l’université de l’Oregon, seules 11 % des personnes âgées seraient en mesure de faire un choix conforme à leur intérêt entre le paiement à l’acte et l’assurance privée (5).",25259,,"[[80, 121, 'HasGroup'], [125, 147, 'HasGroup'], [270, 289, 'HasGroup']]"
"Déclarer que, dans la lutte contre le crime, la fin justifie les moyens — que l’Etat peut commettre des crimes afin d’obtenir la condamnation d’un criminel — aura des conséquences terribles.",25267,,"[[144, 155, 'HasGroup']]"
"), les autochtones ont été directement associés à la rédaction de la Constitution, qui élargit spectaculairement leurs droits.",25269,,"[[3, 18, 'HasGroup']]"
"En 1997, selon l’ONEM, 1 245 892 personnes ont perçu une allocation-chômage d’au moins un jour et d’un an au plus.",25272,,"[[23, 42, 'HasGroup']]"
"La ligne Dakar-Bamako fut achevée en 1923, au terme d’un travail très difficile pour lequel les colons importèrent toute une population d’ouvriers burkinabés, réduits au rang d’esclaves.",25274,,"[[92, 102, 'HasGroup'], [115, 157, 'HasGroup']]"
"À Pôle emploi, un algorithme a remplacé la calculatrice des agents chargés de l’indemnisation.",25275,,"[[56, 93, 'HasGroup']]"
"Cette considération est essentielle, et explique en partie les réserves, voire l’hostilité, exprimées par les syndicats.",25276,,"[[106, 119, 'HasGroup']]"
"Tous les ans, des milliers de personnes se noient en Méditerranée dans l’espoir de travailler en Europe ; des diplômés s’expatrient — parfois l’équivalent de la moitié d’une promotion d’école d’ingénieurs — car ils trouvent peu de débouchés dans leur pays, où les oligarchies monopolisent trop souvent les bons postes pour leurs enfants.",25277,,"[[14, 39, 'HasGroup'], [106, 118, 'HasGroup']]"
"» Un blogueur du Washington Post le leur explique sans tarder : « Trump comprend qu’aux yeux de ses partisans les médias incarnent tout ce qu’ils exècrent dans la société américaine : des élites qui vivent sur les côtes, issues des meilleures écoles privées du pays et qui estiment que les gens ordinaires sont stupides et ignorants (6).",25279,,"[[96, 109, 'HasGroup'], [184, 194, 'HasGroup'], [286, 305, 'HasGroup']]"
"Sous l’égide de deux femmes, qui ont rejoint le parti au cours du processus de paix des années 1990, Mme Mary Lou McDonald en République d’Irlande et Mme Michelle O’Neill en Irlande du Nord, le Sinn Féin bouscule la vie politique irlandaise dans des proportions qui auraient été jugées inconcevables en 2019.",25281,,"[[45, 53, 'HasGroup']]"
"Il se colletait avec les colonisateurs, mais il en recherchait l’audience.",25283,,"[[21, 38, 'HasGroup']]"
"Les travailleurs ne s’arrêteront jamais de se battre pour une vie meilleure, pour eux-mêmes, pour leurs femmes, pour leurs enfants et pour toute l’humanité.",25286,,"[[0, 16, 'HasGroup'], [98, 110, 'HasGroup'], [117, 130, 'HasGroup']]"
Les deux débatteurs recommandent aux téléspectateurs les ouvrages qu’en général on leur a déjà conseillés ailleurs.,25289,,"[[33, 52, 'HasGroup']]"
"De plus, une source indépendante — autorisée à rendre visite aux détenus LTTE — déplore le manque d’informations : « Le gouvernement ne fournit aucune liste de noms.",25290,,"[[61, 77, 'HasGroup']]"
"Les responsables de tours n’ont en général aucune idée de la consommation des immeubles qu’ils construisent et gèrent, et renvoient ces questions aux utilisateurs.",25292,,"[[146, 162, 'HasGroup']]"
"Il faut que le policier sache comment il doit agir car, si on ne le lui a jamais précisé, il est impossible de le sanctionner.",25304,,"[[12, 23, 'HasGroup']]"
"S’il est certain qu’elle doit être combattue, elle se rapproche de la barre des 20 % au-delà de laquelle la plupart des macroéconomistes estiment qu’elle coûte des points de croissance (4).",25305,,"[[105, 136, 'HasGroup']]"
"Ensuite, le projet Blum-Viollette vise, en 1936, à octroyer la citoyenneté française à un peu plus de 20 000 musulmans (sur plusieurs millions !",25308,,"[[87, 118, 'HasGroup']]"
"Pour l’obtenir, ils ont certes beaucoup appris, mais aussi beaucoup concédé : périodes de chômage et de petits boulots pour ceux, nombreux, qui ne bénéficient pas d’une allocation, prise en charge des transports pour se rendre à un colloque, travail gratuit pour le laboratoire ou le directeur de recherche, insertion en catastrophe dans le manuscrit de thèse d’une constellation de notes de bas de page saluant les travaux « séminaux », « matriciels » et « fondateurs » des membres du jury, même lorsqu’ils n’entretiennent avec le sujet qu’un rapport lointain... Les haies franchies une à une avec une vigueur décroissante, les recalés des établissements d’élite découvrent sur la ligne d’arrivée un monde professionnel délabré, un prestige évanoui.",25309,,"[[124, 179, 'HasGroup'], [625, 663, 'HasGroup']]"
"Bref, le clan Majid et sa confédération de tribus alliées ont recréé un monde à leur propre image.",25312,,"[[6, 57, 'HasGroup']]"
"L’imagination des professionnels de la finance est sans doute une qualité qu’on peut leur reconnaître sans hésiter, et proverbial est leur goût ludique des stratégies de contournement.",25316,,"[[14, 46, 'HasGroup']]"
"Menant une lutte de guérilla, disposant de l’appui logistique et militaire de l’Iran et de la Syrie, le Hezbollah réussit en mai 2000 à expulser les forces israéliennes et à libérer le pays.",25320,,"[[101, 113, 'HasGroup']]"
"Les jeunes des quartiers hier opposés se reparlent, mais une étincelle pourrait remettre le feu aux poudres.",25322,,"[[0, 24, 'HasGroup']]"
"Pour répondre à ses besoins, la Communauté a imaginé les « accords de pêche », dans le cadre de ses relations avec les pays ACP (Afrique, Caraïbes, Pacifique) régies par les conventions de Lomé (5), avec pour objectif de permettre l’accès des flottes européennes (essentiellement espagnole et française) à toutes les eaux africaines.",25324,,"[[29, 42, 'HasGroup']]"
"Après quoi la SDN se cantonna à des activités « techniques » : protection des réfugiés, études sur la future reconstruction, etc.",25326,,"[[74, 86, 'HasGroup']]"
"Cela revient à dire que l’appréciation des menaces globales (changements climatiques, risques environnementaux, éthique du vivant) n’est pas du ressort exclusif des experts, et que des organisations internationales pourraient encadrer des procédures de démocratie délibérative mondialisée.",25328,,"[[161, 172, 'HasGroup']]"
"Cette composition éclaire, pour partie, l’inaction du PS face à la violence économique.",25334,,"[[51, 56, 'HasGroup']]"
"Enfin, le président philippin a tapé du poing sur la table : après un ultimatum sommant le Canada de reprendre ses déchets avant le 15 mai 2019, il a rappelé ses diplomates, envoyé soixante-neuf conteneurs vers le port de Vancouver et menacé, en cas de refus des autorités canadiennes, de les couler dans leurs eaux territoriales (7).",25337,,"[[158, 172, 'HasGroup']]"
"de plus en plus importants, on peut estimer, sans trop de risques, qu’un habitant sur trois est arrivé dans la ville dans les vingt-cinq dernières années  (7).",25342,,"[[73, 81, 'HasGroup']]"
Il montre plus particulièrement comment le chômage et la précarité contribuent à la mise au pas des jeunes salariés contraints d’accepter des conditions de travail et de rémunération dégradées.,25345,,"[[96, 192, 'HasGroup']]"
"Pour l’économiste Roger Vinton, « le FCB du président Sandro Rosell (2010-2014) respectait la majorité des socis (10)  ».",25346,,"[[34, 40, 'HasGroup']]"
"On peut donc affirmer, sans crainte d’être démenti, que, des siècles durant, la Voie lactée servit de guide aux pèlerins de l’inconnu qui accouraient des quatre points cardinaux, toujours vers l’ouest, jusqu’à une terre dont le nom peut soit venir du grec kakhos (beau), soit avoir des racines celtes qui évoquent les « excellentes montagnes » aussi bien que le « parage aux loups ».",25348,,"[[108, 133, 'HasGroup']]"
"Avec Les Bourreaux volontaires d’Hitler  (1), l’historien américain Daniel J. Goldhagen prétendait que presque tous les Allemands avaient soutenu le massacre des juifs, et que, lorsqu’ils avaient pu prendre part à celui-ci, ils l’avaient fait avec cruauté.",25354,,"[[111, 129, 'HasGroup'], [158, 167, 'HasGroup']]"
"C’est moins à Brasilia qu’au siège du FMI, à Washington, que se décide le sort de dizaines de millions de Brésiliens.",25356,,"[[79, 116, 'HasGroup']]"
"Les esclaves transportés jusqu’à la côte africaine provenaient probablement de groupes ethniques possédant des caractéristiques culturelles communes, mais qui usaient de nombreux dialectes.",25366,,"[[0, 50, 'HasGroup'], [76, 188, 'HasGroup']]"
"Dourgnon juge indispensable de « promouvoir une nouvelle narration de l’économie » qui se substitue à celle imposée par le Mouvement des entreprises de France (Medef), « selon laquelle la société vivrait aux crochets de l’entreprise, alors que c’est l’inverse ».",25368,,"[[120, 166, 'HasGroup']]"
"Interrogé à ce sujet, son père, libre-penseur, invoquait la présence nécessaire de dix hommes, dite minyan, pour prier : « Même si l’on ne croit pas, on doit permettre aux croyants de prier... » « J’ai mis devant toi la vie et la mort.",25370,,"[[168, 180, 'HasGroup']]"
"D’autres causes se sont rapidement ajoutées à la défense du pouvoir d’achat : l’environnement, la lutte contre les violences policières, le référendum d’initiative citoyenne.",25374,,"[[125, 135, 'HasGroup']]"
"Or, la dette colossale accumulée par les pays asiatiques est le fait d’agents économiques privés, entreprises et, surtout, banques.",25379,,"[[69, 96, 'HasGroup'], [98, 109, 'HasGroup'], [123, 130, 'HasGroup']]"
"En France, les pieds-noirs parlent de trois cent cinquante, huit cents, mille, certains même de cinq mille.",25381,,"[[11, 26, 'HasGroup']]"
"Véritables siphons fiscaux, les transnationales de l’extraction avaient organisé, à partir de filiales établies offshore, dont l’île Maurice, une machine sophistiquée destinée à préserver leurs profits de l’impôt.",25383,,"[[28, 63, 'HasGroup']]"
"→ Afin de mettre toutes les chances de leur côté lors des élections de mi-mandat du 4 novembre 2014, les républicains cherchent à écarter les « mauvais » électeurs des urnes.",25387,,"[[101, 117, 'HasGroup'], [138, 163, 'HasGroup']]"
"Elle fait le ménage « dans les maisons des riches », pour 100 à 200 roupies par jour.",25390,,"[[39, 49, 'HasGroup']]"
"La mise en cause, non avérée, du Front patriotique rwandais (FPR) dans l’attentat du 6 avril 1994 qui a déclenché la tragédie est l’occasion, pour les génocidaires, de chercher à diminuer leur responsabilité (3).",25392,,"[[30, 65, 'HasGroup'], [147, 163, 'HasGroup']]"
"Quelle que soit la bonne volonté des mutualistes — et beaucoup tiennent à leurs principes d’origine —, la logique du privé s’impose.",25397,,"[[33, 48, 'HasGroup']]"
"Si la totalité des partis politiques considéraient cette arrivée comme une menace pour l’intégrité territoriale, la position modérée du premier ministre de l’époque, Turgut Özal, constitue sans doute la raison de l’explication de l’acceptation de ces réfugiés.",25403,,"[[247, 259, 'HasGroup']]"
Ces années furent également marquées par des bouleversements au sein de la communauté juive américaine.,25406,,"[[72, 102, 'HasGroup']]"
"Ensemble, ils illustrent la nature singulière, bien résumée par Pierre Bourdieu, du débat d’idée(s) sur nos médias : « Les puissants en mal de pensée appellent à la rescousse les penseurs en mal de pouvoir, qui s’empressent de leur offrir les propos justificateurs qu’ils attendent.",25413,,"[[119, 149, 'HasGroup'], [175, 205, 'HasGroup']]"
"On en oublierait presque, dans l’exaltation, que c’est le gouvernement provisoire de la République française, où étaient présents des communistes, des socialistes, des membres du Mouvement républicain populaire (MRP), qui prit ces mesures.",25420,,"[[130, 145, 'HasGroup'], [147, 162, 'HasGroup'], [164, 216, 'HasGroup']]"
"Les Noirs ne représentent pourtant que 12,8 % de la population.",25422,,"[[0, 9, 'HasGroup']]"
"Dans le même temps, le besoin d’une salle de bains ou d’une simple douche, celui de canalisations pour évacuer les eaux usées conduisent à des demandes en biens d’équipement ménagers similaires à celles que les Européens ont connues il y a plus d’un siècle.",25428,,"[[207, 220, 'HasGroup']]"
"« National-populisme » — utilisé par Pierre-André Taguieff (4) —, « droites radicales », « extrême droite » : l’exposé des controverses sémantiques qui opposent les politistes nécessiterait un livre entier.",25432,,"[[68, 85, 'HasGroup'], [91, 105, 'HasGroup'], [161, 175, 'HasGroup']]"
"→ Alors que les meilleurs connaisseurs réclamaient davantage de moyens techniques, humains et financiers pour la justice, le gouvernement français a donné tout pouvoir à une police sans boussole, au mépris de l’efficacité et des libertés fondamentales.",25433,,"[[12, 38, 'HasGroup']]"
"Aujourd’hui, ceux qui voudraient voyager ne trouvent pas d’offre, et beaucoup ont peur.",25434,,"[[13, 40, 'HasGroup']]"
"Les usines de Mamers et Argentan sont fermées, leur production transférée, notamment à Bayeux, et les salariés sont priés de suivre.",25441,,"[[98, 110, 'HasGroup']]"
» C’est dans ce contexte que le Front national (FN) réalise depuis deux ans des scores historiques.,25442,,"[[29, 51, 'HasGroup']]"
"En janvier, la population du Sud vote massivement en faveur de l’indépendance, qui est proclamée le 9 juillet.",25443,,"[[12, 32, 'HasGroup']]"
Les producteurs de contenus vendent des images de soi et d’autrui aux consommateurs du monde entier.,25444,,"[[0, 27, 'HasGroup'], [66, 99, 'HasGroup']]"
"La France est l’un des pays où le taux d’activité des moins de 25 ans et des plus de 55 ans est l’un des plus faibles au monde : 28 % des 15-24 ans travaillent (contre 49,6 % en Allemagne et 69,5 % au Royaume-Uni), de même que 36,1 % des 55-64 ans (contre 44,5 % en Allemagne et 51 % au Royaume-Uni).",25447,,"[[50, 69, 'HasGroup'], [73, 91, 'HasGroup'], [134, 147, 'HasGroup'], [234, 247, 'HasGroup']]"
"Les sanctions arbitraires – amendes, licenciements non motivés – sont monnaie courante, et la précarisation de l’emploi est aggravée par le recours à la sous-traitance : « D’un mois sur l’autre, explique un ouvrier passé par de multiples employeurs, un travailleur peut être embauché par différentes sociétés d’intérim tout en continuant à travailler pour la même hacienda et au même poste.",25449,,"[[225, 248, 'HasGroup'], [250, 264, 'HasGroup'], [288, 318, 'HasGroup']]"
"Toujours plus basse, la valeur du foncier attire une population aux revenus de plus en plus modestes.",25450,,"[[49, 100, 'HasGroup']]"
"Et pourtant c’est ce à quoi l’on assiste, car la société turque s’est transformée en profondeur.",25451,,"[[46, 63, 'HasGroup']]"
La constitution de l’élite privilégie le recrutement dans les universités chinoises ou étrangères — un parcours de plus en plus prisé.,25452,,"[[19, 26, 'HasGroup']]"
Elles constituent à la fois une fresque captivante de la société américaine et un témoignage d’une portée universelle sur les enjeux du travail.,25454,,"[[54, 75, 'HasGroup']]"
"En revanche, les dirigeants chinois restent sourds aux pressions américaines — et européennes — en faveur d’une réévaluation du yuan et d’une levée du contrôle des changes.",25455,,"[[13, 35, 'HasGroup']]"
"Le général Conruyt ne tarit pas d’éloges sur ceux, Estoniens, Britanniques et Danois, qui sont déjà présents.",25457,,"[[51, 60, 'HasGroup'], [62, 74, 'HasGroup'], [78, 84, 'HasGroup']]"
"Ce n’est qu’après de multiples débats internes que le Parti des travailleurs vietnamiens, à Hanoï, décida à la fin 1963 de répondre par la voie militaire, dans le sud du pays, à l’escalade américaine, conscient du prix que devrait payer son peuple après un tel choix (3).",25467,,"[[51, 88, 'HasGroup']]"
Les chanteurs font pour la plupart preuve de l’application pénétrée et de l’absence totale de personnalité qui caractérisent les gentils élèves de la « Star’Ac ».,25470,,"[[0, 13, 'HasGroup']]"
"Il émane de la première Enquête nationale sur les violences envers les femmes en France (Enveff), réalisée en 2000, qui a montré que c’était dans leur vie de couple que les femmes adultes subissaient le plus de violences physiques, psychologiques et sexuelles (12).",25475,,"[[67, 77, 'HasGroup'], [169, 187, 'HasGroup']]"
"Bénéficiant du soutien du monde paysan, Napoléon III ne craint pas de mécontenter les industriels bonapartistes.",25477,,"[[23, 38, 'HasGroup'], [82, 111, 'HasGroup']]"
"Toutefois, elle n’interdit pas, par exemple, l’extension de la « composition pénale » – proche du plaider-coupable – aux mineurs.",25483,,"[[117, 128, 'HasGroup']]"
"Dans les années 1920, les conservateurs britanniques sont rongés par la crainte que la subversion et la propagande communistes n’ébranlent les fondations de l’Empire.",25487,,"[[22, 52, 'HasGroup']]"
L’absence à la fois d’idées et d’hommes d’Etat n’annonce pas précisément des lendemains qui chantent.,25488,,"[[31, 46, 'HasGroup']]"
"Or il est issu des élections législatives du 14 novembre 1997, au lendemain desquelles M. Youssoufi avait cosigné, avec les autres membres de l’opposition, un communiqué dénonçant le truquage du scrutin.",25489,,"[[120, 154, 'HasGroup']]"
L’objectif reste le même : réunir les pages invendues sur Internet et les proposer en masse aux annonceurs les plus offrants.,25491,,"[[92, 124, 'HasGroup']]"
"Pour l’heure, ni les semenciers, ni les revendeurs, ni les équipes de recherche, ni les paysans ne reconnaissent leur responsabilité dans la circulation illégale de ces semences.",25492,,"[[17, 31, 'HasGroup'], [36, 50, 'HasGroup'], [55, 79, 'HasGroup'], [84, 95, 'HasGroup']]"
"En revanche, les précaires touchent entre 40 et 60 % de moins pour un travail parfois identique, ne bénéficient d’aucune protection, d’aucun bonus, et sont jetés à la rue dès que les commandes baissent (10).",25494,,"[[13, 26, 'HasGroup']]"
"Mais, pour faire rouvrir la petite école primaire de Limans aux enfants du pays, sa mère institutrice vient militer avec lui.",25498,,"[[60, 79, 'HasGroup']]"
"Les paysans pauvres d’Asie, d’Amérique latine ou d’Afrique sont aussi mis à contribution.",25499,,"[[0, 58, 'HasGroup']]"
» La main-d’œuvre comorienne permet d’alimenter les marchés locaux.,25501,,"[[2, 28, 'HasGroup']]"
"Dans les années 1990, la ville a connu un essor fulgurant : fuyant le terrorisme — la cité est alors célèbre pour sa sécurité — et le chômage, des milliers de personnes tentent de s’y installer.",25504,,"[[143, 168, 'HasGroup']]"
"Faisant preuve d’une intransigeance absolue, le mouvement d’opposition armée a longtemps exigé une conversation directe avec le gouvernement colombien.",25511,,"[[45, 76, 'HasGroup']]"
"La confusion des positions occidentales sur l’islamisme et la démocratie ne nous dispense pas, nous les Arabes et les musulmans, de clarifier notre propre position.",25516,,"[[100, 110, 'HasGroup'], [114, 127, 'HasGroup']]"
"Si le corridor Vc parvenait véritablement à engendrer des flux d’échanges conséquents, ce dispositif douanier devrait être revu, mais les douanes d’Herzégovine, au lieu d’alimenter le budget de la Fédération croato-bosniaque, continuent très largement de nourrir la caisse noire des nationalistes croates d’Herzégovine.",25517,,"[[279, 318, 'HasGroup']]"
"Historiquement, le concept de « New Deal » existait avant que John Maynard Keynes émerge parmi les théoriciens les plus influents des grandes économies capitalistes.",25525,,"[[95, 164, 'HasGroup']]"
"« Le problème, souligne Mme Christine Peyrache, membre du bureau du Syndicat de la magistrature, c’est le manque de travailleurs sociaux dans les comités de probation », qui assurent le suivi des condamnés.",25527,,"[[113, 136, 'HasGroup'], [192, 205, 'HasGroup']]"
"» Puis se relevant fièrement, ils reprennent, sur le même air : « C’est comme ça que marchent les Allemands, les Allemands marchent comme ça !",25529,,"[[94, 107, 'HasGroup'], [109, 122, 'HasGroup']]"
"De nombreux intellectuels présents — Noam Chomsky, Tariq Ali, Naomi Klein, Adolfo Perez Esquivel, Eduardo Galeano, etc.",25531,,"[[0, 25, 'HasGroup']]"
"Sa capture par les rebelles tchadiens, « grain de sable » dans le scénario, n’avait toutefois pas été prévue.",25535,,"[[15, 37, 'HasGroup']]"
"Des avertissements sont parfois formulés, mais les maquilas n’en tiennent pas compte, et, au lieu de décider de changer de fournisseur, les marques font valoir qu’il faudrait, au préalable, que l’entreprise pressentie fasse elle-même l’objet d’un audit et que cette démarche serait trop lourde... » Résultat du harcèlement dont elles sont victimes, la présence des organisations syndicales dans ce secteur est en recul, et, selon une étude de la Plate-forme syndicale commune centraméricaine (10), seules 45 des 1 212 maquilas opérant en Amérique centrale comptent une section syndicale... Trois seulement sur 236 au Guatemala.",25536,,"[[47, 59, 'HasGroup'], [361, 389, 'HasGroup'], [508, 526, 'HasGroup']]"
Des dizaines de millions d’Indiens ont instantanément perdu leur emploi.,25537,,"[[0, 34, 'HasGroup']]"
"Il n’est même pas crédible quand il s’en prend à l’Etat d’Israël, soutient le directeur d’un grand quotidien de Dubaï : personne n’ignore que ce milliardaire saoudien n’a jamais versé un dollar ou fait livrer une cartouche de pistolet aux organisations de résistance palestiniennes ou libanaises.",25544,,"[[235, 295, 'HasGroup']]"
"Devant le refus des manifestants d’accepter des concessions de façade, le roi a fait appel, le 15 mars, aux troupes des pays du Conseil de coopération du Golfe, proclamé l’état d’urgence et décidé l’arrestation de nombreux opposants.",25547,,"[[16, 32, 'HasGroup'], [104, 159, 'HasGroup'], [211, 232, 'HasGroup']]"
"Le candidat à l’élection présidentielle du parti Les Républicains visitait l’établissement d’hébergement pour personnes âgées dépendantes (Ehpad) de Bry-sur-Marne, où des soignantes exposaient leurs difficiles conditions de travail : « On est deux la nuit pour quatre-vingt-quatre [résidents], et on fait des soins jusqu’à 3 heures du matin !",25553,,"[[49, 65, 'HasGroup']]"
"» Ses propos font écho à l’appel de M. Slim quelques semaines plus tôt en faveur d’une « union nationale » lors d’un événement organisé par le Conseil de coordination entrepreneuriale (CCE), une institution qui regroupe toutes les organisations patronales du pays et qui avait financé une campagne contre M. López Obrador, en 2006.",25554,,"[[140, 189, 'HasGroup'], [220, 263, 'HasGroup']]"
"Lorsque le PP débute sa gestion, en 1996, on compte un demi-million d’étrangers ; ils seront plus de 2 500 000 lorsqu’il la termine.",25557,,"[[8, 13, 'HasGroup'], [52, 79, 'HasGroup']]"
"C’est en cela que consiste le fétiche, mot employé par les Portugais et qui dérive de « feitizo », magie.",25558,,"[[55, 68, 'HasGroup']]"
"« Pour 284 000 “gilets jaunes”, au plus fort de la mobilisation, Emmanuel Macron a lâché 13 milliards, simplement parce qu’il y avait des violences, observe le secrétaire général de la Confédération française démocratique du travail (CFDT), M. Laurent Berger (4).",25559,,"[[7, 30, 'HasGroup'], [185, 239, 'HasGroup']]"
"Il faut donc se tourner vers des systèmes privés, et les frais de garde représentent, en moyenne, 30 % du budget d’une famille britannique.",25561,,"[[115, 138, 'HasGroup']]"
"Les Albanais, comme les autres minorités, voient leurs droits reconnus : ils disposent de ministres, de députés, d’ambassadeurs et ont accès aux médias d’Etat, à la culture et à l’éducation.",25563,,"[[0, 12, 'HasGroup'], [20, 40, 'HasGroup'], [87, 99, 'HasGroup'], [101, 111, 'HasGroup'], [113, 127, 'HasGroup']]"
"Les rebelles hutus des Forces de libération nationale (FNL), dernier groupe à se battre aujourd'hui encore contre les forces gouvernementales, ont accusé hier le président Domitien Ndayizeye de ne pas respecter la promesse faite sur la fin des hostilités, et ont suspendu leur participation aux discussions de paix qui devaient reprendre",26972,,"[[0, 141, 'HasGroup']]"
"Fi, devraient annoncer aujourd'hui un accord prévoyant quatre sièges pour El",26976,,"[[74, 76, 'HasGroup']]"
Le conseil a mandaté son président pour négocier des termes plus favorables pour les actionnaires qui voudraient être rémunérés uniquement en titres,26983,,"[[81, 148, 'HasGroup']]"
"Après tout, pour les croyants, croire en Dieu, c'est l'espérer tellement fort que ça tient lieu de foiJEAN D'ORMESSON",26992,,"[[17, 29, 'HasGroup']]"
"Autre préoccupation, les économies d'énergie et l'environnement, mais également l'accès au train des personnes handicapées",27002,,"[[97, 122, 'HasGroup']]"
"Dans le quartier du Mirail, à Toulouse, il a créé sa propre entreprise et commercialise les produits bio de producteurs locaux",27005,,"[[105, 126, 'HasGroup']]"
Lexus laisse le downsizing aux constructeurs européens,27007,,"[[27, 54, 'HasGroup']]"
"Les berlines, VU, véhicules utilitaires appartenant aux compagnies ou aux loueurs ont leur réseau de distribution sur le net",27014,,"[[52, 66, 'HasGroup'], [70, 81, 'HasGroup']]"
"«Les États-Unis ont les meilleurs chercheurs en IA, mais la Chine dispose de centaines de personnes compétentes et de beaucoup plus de données»KAI FU LEE, INVESTISSEUR ET AUTEUR DE  AI SUPERPOWERS : CHINA, SILICON VALLEY, AND THE NEW WORLD ORDER LSE",27017,,"[[20, 50, 'HasGroup'], [77, 111, 'HasGroup']]"
"France Gamerre , 64 ans, présidente de Génération Ecologie",27020,,"[[39, 58, 'HasGroup']]"
La correction d'hier n'empêche néanmoins pas les ' valeurs techno ' de valoriser encore plusieurs dizaines de fois les bénéfices par action attendus cette année par les analystes,27022,,"[[165, 178, 'HasGroup']]"
trottinettes et vélos : les loueurs se diversifient Page 28,27024,,"[[24, 35, 'HasGroup']]"
L'administration ne recule devant rien pour séduire la jeunesse,27029,,"[[52, 63, 'HasGroup']]"
Viviane Chaine-Ribeiro (Syntec) et Jacques Chanut (FFB) et Hubert Mongon (UIMM) rejoignaient le pôle social,27032,,"[[24, 30, 'HasGroup'], [51, 54, 'HasGroup'], [74, 78, 'HasGroup']]"
"Nathalie Gautier, député PS du Rhône, est morte hier à 54 ans",27041,,"[[25, 27, 'HasGroup']]"
"Les forces du gouvernement libyen d'union nationale (GNA) ont pris le centre de commandement de l'EI, mercredi, dans son fief de Syrte.",27044,,"[[96, 100, 'HasGroup']]"
n Les artisans de l'UPA ne veulent pas davantage que la CGT du statu quo,27049,,"[[2, 23, 'HasGroup'], [53, 59, 'HasGroup']]"
"Sur le marché obligataire, qui mesure le risque que les investisseurs attribuent à la dette de l'État italien, le taux des bons du Trésor italien à dix ans est resté stable jeudi, à 2,88 %",27053,,"[[52, 69, 'HasGroup']]"
"Pour l'intersyndicale, le scénario d'un transfert d'Areva NP chez EDF",27055,,"[[5, 21, 'HasGroup']]"
Qu'attend la direction pour exclure ces élèves qui recourent à l'intimidation,27056,,"[[10, 22, 'HasGroup'], [36, 77, 'HasGroup']]"
"Au total, sous-traitance comprise, le secteur emploie plus de 90 000 personnes",27061,,"[[54, 78, 'HasGroup']]"
"---Surveillance discrète ---Les enquêteurs, exploitant un renseignement recueilli au sein de la communauté rom, s'intéressent bientôt à un noyau de malfaiteurs déjà bien connus et installés à Bobigny",27072,,"[[93, 110, 'HasGroup'], [145, 199, 'HasGroup']]"
"' L'une des revendications des talibans était de pouvoir quitter Kunduz en convoi jusqu'à Kandahar (autre bastion de résistance au sud), mais ce n'est pas possible ', a-t-il ajouté lors d'une conférence de presse",27075,,"[[27, 39, 'HasGroup']]"
"Fin avril 2015, l'Observatoire français des drogues et des toxicomanies (OFDT) publiait les chiffres issus des questionnaires remplis par 26 000 jeunes de 17 ans lors des journées Défense et citoyenneté de mars 2014",27077,,"[[138, 161, 'HasGroup']]"
"Un mois plus tard, les têtes d'affiche de la Coupe du monde se retrouvent au Canada, à Lake Louise (descente aujourd'hui, Super-G, dimanche)",27078,,"[[19, 59, 'HasGroup']]"
"Sa dernière trouvaille est la toilette « intelligente », que l'usager peut utiliser aussi comme une station d'analyses médicales minute",27079,,"[[61, 69, 'HasGroup']]"
"La région Grand Est est proche de l'Allemagne et de la Suisse, les entreprises veulent des candidats biculturels, parlant français et allemand, l'anglais étant la base",27089,,"[[63, 78, 'HasGroup'], [87, 142, 'HasGroup']]"
"Car les enfants du quartier, pour près de 40 % boursiers, n'ont pas tous, loin de là, l'occasion de partir en ' grandes vacances '",27091,,"[[4, 27, 'HasGroup'], [47, 56, 'HasGroup']]"
"Certes, les preuves sont difficiles à obtenir, puisque Damas bloque systématiquement le travail des enquêteurs de l’ONU",27100,,"[[96, 119, 'HasGroup']]"
"Un des scénarios envisage l'utilisation d'une combinaison de forces spéciales, de frappes aériennes et d'artillerie épaulées par des unités libyennes au sol",27101,,"[[58, 77, 'HasGroup'], [129, 156, 'HasGroup']]"
Les Français vont devoir s'approprier l'idée qu'ils peuvent être très bien soignés par un médecin qui coordonne,27108,,"[[0, 12, 'HasGroup']]"
La petite tribu arabe des Ould Souleymane dont il est issu pèse peu.,27115,,"[[0, 41, 'HasGroup']]"
"ou des criminels ?---On croit comprendre qu'ils ont l'ambition d'exterminer la caste capitaliste : politiciens, banquiers, militaires",27116,,"[[3, 16, 'HasGroup'], [76, 96, 'HasGroup'], [99, 110, 'HasGroup'], [112, 121, 'HasGroup'], [123, 133, 'HasGroup']]"
"Il plaide dans le même temps pour ' l'humanisation et la civilisation de la mondialisation, dans le respect des différences et l'attention aux plus vulnérables '.---Un mois plus tard, lors de la réception des ambassadeurs, à Paris, en août dernier, il déclare que ' face à l'inquiétude provoquée par une mondialisation insuffisamment maîtrisée, nos démocraties doivent entendre le message qui leur est adressé '",27117,,"[[139, 159, 'HasGroup'], [205, 221, 'HasGroup']]"
"C'est le travail des historiens », a dit Michèle Alliot-Marie tandis que François Baroin indiquait que l'article 4 n'était pas un  « choix de l'UMP » mais une initiative  « sujette à caution » d'un parlementaire UMP",27125,,"[[17, 31, 'HasGroup'], [142, 147, 'HasGroup'], [212, 215, 'HasGroup']]"
"Hamaha, connu sous le surnom de « barbe rouge » car il se teignait la barbe au henné, était l'un des leaders de la coalition islamiste qui a pris le contrôle du nord du Mali en 2012.",27127,,"[[112, 134, 'HasGroup']]"
"Soulignant que les pistes et les solutions pour réduire les dépenses publiques explorées par la Cour des comptes et l'Inspection des finances sont nombreuses, la patronne des patrons a souhaité que les collectivités locales montrent elles aussi l'exemple",27131,,"[[171, 182, 'HasGroup'], [198, 223, 'HasGroup']]"
"Elle ne reviendra sur sa décision que si le mouvement renonce au terrorisme et à la violence ', aexpliqué Dominique de Villepin.---Ce revirement français, entériné par Jacques Chirac en fin de semaine dernière, était en gestation depuis l'attentat sanglant du 19 août, à Jérusalem",27134,,"[[41, 53, 'HasGroup']]"
11 millions de salariés couverts par un accord sur l'emploi des seniors PAGE 21,27137,,"[[0, 23, 'HasGroup']]"
"60 % du chiffre d'affaires vient de la gestion de sites de distributeurs, banques, marques automobiles ou de luxe qui doivent régler au cordeau le parcours de leurs clients et prospects",27138,,"[[56, 72, 'HasGroup'], [74, 81, 'HasGroup'], [83, 113, 'HasGroup'], [159, 172, 'HasGroup']]"
"Quant aux analogies en sens contraire, elles sont déprimantes : on pense bien sûr à Lyndon Johnson envoyant plus de troupes au Vietnam pour gagner avant de pouvoir partir ou à Richard Nixon faisant traîner les choses pour n'avoir pas à trancher, reculant la défaite finale jusqu'en 1975",27142,,"[[113, 123, 'HasGroup']]"
"Des incidents ont éclaté hier soir dans le quartier sensible de Monclar, à Avignon, où règne depuis lundi une forte tension entre communautés maghrébine et gitane",27144,,"[[130, 162, 'HasGroup']]"
Les oracles la disent favorable aux entrepreneurs,27157,,"[[32, 49, 'HasGroup']]"
"Comment l'exposition aux microbes peut-elle agir aussi durablement sur le système immunitaire ? Un premier indice du rôle intestinal est venu en 2004 : des chercheurs américains de l'Université du Michigan ont trouvé qu'un traitement antibiotique attaquant la flore intestinale, ou microbiote, pouvait induire une susceptibilité à l'asthme chez la souris",27161,,"[[152, 205, 'HasGroup']]"
"La tenue d'une conférence de presse dans la salle d'audience de la cour d'assises à Paris, avant même que les jurés ne se soient prononcés, a suscité de nombreuses protestations",27162,,"[[106, 115, 'HasGroup']]"
"Le site est l'un des plus prisés, visité en 2010 par quelque six millions de personnes",27168,,"[[53, 86, 'HasGroup']]"
"Voilà un texte qui ambitionne de résoudre en quelques mesures une bonne partie des difficultés françaises : désindustrialisation, transition énergique, retards technologiques, inégalités territoriales, déclassement des classes moyennes, désaffection démocratique..",27174,,"[[215, 235, 'HasGroup']]"
LES ITALIENS redoublent nettement moins que les Français,27176,,"[[0, 12, 'HasGroup'], [44, 56, 'HasGroup']]"
"Si le gouvernement indien autorise, depuis, aux multinationales étrangères d’ouvrir des centres commerciaux et autres commerces de détail, cela reste, dans la pratique, très difficile",27189,,"[[44, 74, 'HasGroup']]"
"Encore meutris par la défaite contre les Allemands, sacrés hier, les Bleus ont conclu l'aventure avec tristesse et regret",27190,,"[[37, 50, 'HasGroup'], [65, 74, 'HasGroup']]"
"On est catégorisés comme des fachos dès lors qu'on défend une opinion qui n'est pas la leurYVENN LE COZ, PRÉSIDENT",27191,,"[[25, 35, 'HasGroup']]"
Près de 10 000 participants sont attendus,27193,,"[[8, 27, 'HasGroup']]"
"Trois Israéliens ont été tués hier soir dans une attaque près d'Hébron, revendiquée par les Brigades Ezzedine Al-Qassam, branche armée du Hamas, à la veille d'une réunion de mouvements palestiniens au Caire visant à s'accorder sur une trêve dans les attentats",27194,,"[[88, 143, 'HasGroup'], [171, 197, 'HasGroup']]"
Une stratégie d'équilibriste---Les récentes enquêtes d'opinion confortent le RN dans cette optique,27196,,"[[74, 79, 'HasGroup']]"
"Ce projet de loi assure la ' réciprocité ' de la réforme des tribunaux de commerce (TC) votée auparavant, qui prévoit l'entrée de magistrats professionnels dans les TC",27197,,"[[127, 155, 'HasGroup']]"
"Éric Ciotti, député LR et candidat à la présidence des Républicains, a dévoilé  la composition de son équipe de campagne dimanche dans le",27198,,"[[20, 22, 'HasGroup'], [51, 67, 'HasGroup']]"
"C'est en 1988 qu'est créée par exemple l'Association des sports olympiques (ADO), chargée d'encadrer les talents en herbe",27200,,"[[101, 121, 'HasGroup']]"
"Élu président de Syndilait, organisation professionnelle regroupant les fabricants de lait, Yves Legros succède là aussi à Giampaolo Schiratti",27203,,"[[17, 90, 'HasGroup']]"
"Si la majorité des directeurs joue de ses relations, «  dans un milieu où tout le monde se connaît  », souligne Francesco Bouglione, ils sont rares à avoir élaboré une véritable stratégie de recrutement mondial comme celle du Cirque du Soleil",27205,,"[[3, 29, 'HasGroup']]"
"Le câblo-opérateur Numericable lancera ce 15 septembre sa propre plate-forme de vidéo à la demande LaBox Séries, avec plus de 3 000 séries disponibles sur LaBox Fibre, qui compte 380 000 abonnés",27215,,"[[179, 194, 'HasGroup']]"
"Malgré tout, ces expatriés ne se laissent pas abattre",27217,,"[[13, 26, 'HasGroup']]"
"En faisant campagne contre ce projet honni des écologistes, la liste  « À gauche vraiment » a capitalisé moins de 6% des voix",27221,,"[[43, 58, 'HasGroup']]"
"Trois hommes, de nationalités nigériane et libérienne, ont été interpellés mardi par les hommes de la première division de police judiciaire dans un hôtel de l'aéroport de Roissy",27228,,"[[85, 140, 'HasGroup']]"
Les 19 pays de l'Alliance avaient demandé le mois dernier aux planificateurs militaires d'examiner comment l'Otan pourrait soutenir Varsovie,27229,,"[[58, 87, 'HasGroup']]"
"---PATIENCE TRADITIONNELLE--- Pourtant, nombre de producteurs jouent au yo-yo avec les primeurs : un coup oui, un coup non selon les soubresauts du marché",27233,,"[[47, 61, 'HasGroup']]"
LES DONNÉES publiées ce mardi par l'Institut national de la statistique et des études économiques (Insee) apportent de l'eau au moulin du gouvernement qui peine depuis des semaines à convaincre les Français de la nécessité de sa réforme des retraites,27238,,"[[194, 206, 'HasGroup']]"
C'est un soufflé ! C'est une montgolfière ! Il suffit d'un peu de mémoire et de discernement pour le constater mais les investisseurs n'en ont souvent pas plus que le Vicomte de Valvert n'a,27245,,"[[116, 133, 'HasGroup']]"
"D'où vient-il ? Comment a-t-il pu déclencher une épidémie aussi soudaine ? Les soupçons des autorités sanitaires chinoises se portent sur un marché de fruits de mer, où est aussi vendue de la viande d'animaux exotiques, et sur lequel travaillent plusieurs malades",27253,,"[[246, 263, 'HasGroup']]"
"Cette alliance autorise les clients de Fimatex à souscrire des actions lors d'introductions en Bourse, pilotées par le groupe Oddo-Pinatton.",27254,,"[[24, 46, 'HasGroup']]"
"Créée en 1982, la Fête du livre du Figaro Magazine est un rendez-vous annuel très apprécié des lecteurs du Figaro et de ses suppléments.",27258,,"[[91, 113, 'HasGroup']]"
"Edmond Maire, secrétaire général de la CFDT, en prononçant l'intervention finale d'un colloque de deux jours organisé par la revue CFDT Aujourd'hui et consacré au thème des "" mutations "" et de la "" mobilité "".

Maniant l'autocritique et dégageant des perspectives d'avenir avec un goût un peu provocateur, comme il aime parfois le faire, M",27269,,"[[36, 43, 'HasGroup'], [131, 135, 'HasGroup']]"
"""

Devant de telles contradictions, les Parisiens s'interrogent et commencent à exprimer une légitime impatience",27271,,"[[36, 49, 'HasGroup']]"
"Un autre groupe est celui des dessinateurs serrés, cassés, tendus, précis jusqu'à la cruauté, et naturellement enclins au fantastique",27276,,"[[26, 133, 'HasGroup']]"
"Delors quant aux facilités qui seraient offertes aux contribuables ayant quelques problèmes pour payer le solde de leurs impôts, je tente ma chance,

L'unique guichet ouvert, à cet effet (perception du 6e arrondissement), est orné d'une pancarte hâtivement collée : "" Les délais ne sont accordés qu'aux seules personnes touchées par le chômage",27281,,"[[49, 127, 'HasGroup'], [299, 343, 'HasGroup']]"
"Quand, dans l'affolement général, ses collaborateurs pénètrent dans le bureau directorial, Gaston Calmette gît, tué sur le coup.

La visiteuse, Mme Caillaux, femme du ministre des finances, se tient immobile, un revolver à la main",27282,,"[[34, 52, 'HasGroup']]"
"L'homme d'affaires a, en outre, affirmé qu'il ne voulait pas créer de "" race des maîtres "", à l'exemple des nazis, mais assurer seulement la naissance de "" quelques créatures humaines plus intelligentes """,27288,,"[[77, 88, 'HasGroup'], [104, 113, 'HasGroup']]"
"Elles sont par définition mondiales et portent sur les réglementations applicables et la surveillance mise en place par des superviseurs spécialisés.

Quant à la source de recettes, c’est un mirage, sauf à imaginer une taxe mondiale appliquée de la même façon partout – et c’était d’ailleurs le point de départ de l’économiste américain James Tobin (1918-2002) qui imaginait de façon utopiste une taxe mondiale sur les transactions de change.

Expérience suédoise

Dans un monde ouvert, où une telle taxe ne s’appliquerait que dans un petit nombre de pays, les transactions migreraient simplement vers des pays où la taxe ne s’appliquerait pas",27291,,"[[120, 148, 'HasGroup']]"
"Des quartiers chiites, où règne le Hezbollah, on ne voit qu'un cliché de mariage..",27296,,"[[32, 44, 'HasGroup']]"
"Jean Liboudan, substitut du procureur de la République, et de policiers, au centre Assas, pour une perquisition dans les locaux affectés à diverses associations d'étudiants d'extrême droite",27300,,"[[59, 71, 'HasGroup'], [139, 189, 'HasGroup']]"
de la métallurgie et ancien secrétaire général adjoint de la C.G.C,27305,,"[[58, 66, 'HasGroup']]"
"On pourrait, a estimé ce conseil, grâce à de telles études surveillées, faire gagner du temps aux enfants dans la composition de leurs devoirs et ainsi ne pas diminuer le temps réservé au latin.

Mais on indique au ministère de l'éducation nationale que cette solution, quels que soient les mérites théoriques, est actuellement irréalisable puisqu'on manque déjà de professeurs pour tenir les classes.

Le conseil supérieur de l'éducation nationale devra également donner son avis sur les modifications envisagées pour le régime des bourses (voir le Monde du 22 juin)",27306,,"[[94, 105, 'HasGroup'], [363, 377, 'HasGroup']]"
"Le nombre officiel des prostituées est de 200 000 pour l'ensemble du pays, dont 20 000 à Hanoï et 50 000 à Ho-Chi-Minh - Ville",27315,,"[[19, 34, 'HasGroup']]"
"Ce n'est pas un hasard si les drones, ou UAV (Unmanned Aerial Vehicles), sont l'un des points forts du Salon Eurosatory des industries de défense, qui s'est ouvert lundi 16 juin, à Paris-Nord Villepinte.

Leurs utilisations civiles sont nombreuses, comme la sécurité en milieu urbain, la surveillance des forêts, des mers et des rivages, et du trafic routier",27316,,"[[120, 145, 'HasGroup']]"
"Les tarifs réduits ont été utilisés par dix millions de voyageurs "" Vermeil "" : quatre millions ; "" Séjour "" : trois millions ; "" Famille "" : deux millions ; "" Couple "" : un million)",27318,,"[[40, 65, 'HasGroup'], [130, 137, 'HasGroup'], [160, 166, 'HasGroup']]"
""" Signe des temps : un guide intitulé l'Action culturelle dans la commune et réalisé par le service des études et de la recherche du ministère vient d'être publié dans la série Bibliothèque des communes, éditée par Vie publique.

Les sociologues Joffre Dumazedier et Nicole Samuel ont montré, sur l'exemple de la ville d'Annecy, comment s'est constitué peu à peu, entre 1956 et 1974, ce qu'ils appellent un "" pouvoir culturel "", incarné dans l'association Annecy-Action culturelle, "" super-association "" née du rassemblement de plusieurs organismes (Annecy-Jazz-Action, Ciné-Club, Conservatoire, M.J.C., Peuple et Culture, etc.), qui n'est "" ni maison de la culture, ni comité de défense des intérêts communs, ni commission d'aide, ni simple regroupement à des fins pratiques "", mais organisation collective "" qui s'est affirmée dans une relation de coopération et de tension avec le pouvoir politique et le pouvoir économique "" (Société éducative et pouvoir culturel, Le Seuil, 1976).

À Annecy comme ailleurs, l'action des municipalités a donc été une réponse à des besoins qui se sont exprimés avec force, notamment depuis mai 1968",27319,,"[[784, 928, 'HasGroup']]"
"Cette déclaration, affirme le journal, "" a eu comme seul résultat de soulever de nouvelles questions que nous ont posées pendant toute la journée de mercredi nos lecteurs, notamment au sujet des responsabilités concernant la promotion du général Ian Sejna, et la possibilité d'une tentative d'intervention de l'armée contre le comité central du parti",27322,,"[[158, 170, 'HasGroup'], [342, 350, 'HasGroup']]"
Le dernier numéro de la revue du Kominform contient des articles consacrés au 1er mai et signés des principaux leaders communistes européens,27323,,"[[96, 140, 'HasGroup']]"
"Il ne possède encore ni lycée, ni lycée technique, ni collège d'enseignement technique de garçons",27324,,"[[87, 97, 'HasGroup']]"
"Parmi les nouveaux restaurants couronnés d'une première étoile, citons notamment ""Les Ambassadeurs"" à l'hôtel Crillon, dont le chef Christopher Hache, 29 ans, a pris les commandes il y a près d'un an",27325,,"[[6, 62, 'HasGroup']]"
"Non, nous ne l'oublions pas : le moyen, dans un pays où c'est à l'âge et non au talent que se mesure la cote des gens Les jeunes ont tenu assez longtemps le haut du pavé, place aux vieux ! Tout passe, y compris l'attendrissement provoqué par l'ours en peluche d'une Sheila ou d'une Vartan ; c'est la cane qui nous met la larme à l'œil à présent.

Et l'homme de quarante ans, cet éternel sacrifié, né trop tard ou trop tôt, s'incline devant ces accessoires avec la déférence inquiète de qui n'a qu'une crainte : n'être déjà plus, n'être pas encore dans le vent",27331,,"[[118, 128, 'HasGroup']]"
"Edgar Pisani (R.G.R.) a été élu, au second four de scrutin, sénateur de la Haute-Marne en remplacement de M",27334,,"[[14, 20, 'HasGroup']]"
"Conneh a également indiqué, lundi, que son mouvement participerait à un gouvernement de transition que dirigerait « une personne de la société civile »",27344,,"[[39, 52, 'HasGroup']]"
"C'est l'ancien basketteur Ron Carter, un « frère » qui a réussi, qui vient prêcher les vertus du libéralisme américain en incitant les jeunes à créer leur propre entreprise, exemple pathétique d'une volonté d'intégration qui relève aujourd'hui encore de l'utopie.

Notre historien se souviendra alors du noir et blanc Naissance d'une nation de D",27346,,"[[131, 141, 'HasGroup']]"
"Il s'agit essentiellement d'une "" grève administrative "" à laquelle les syndicats des médecins hospitaliers ont décidé de participer Le même document signale, d'autre part, que l'ordre national des médecins, réuni en assemblée plénière le 21 avril, a décidé "" que si les décrets paraissaient et comportaient des conventions individuelles, il cesserait immédiatement toutes relations avec l'administration et les pouvoirs publics "", et qu'il "" soutiendrait la Confédération pour toutes les mesures de grève administrative qu'elle croirait devoir prendre en pratique privée et en pratique hospitalière "".

À Lille, quatre cents praticiens ont fait grève, jeudi, selon les consignes de leur syndicat",27348,,"[[68, 107, 'HasGroup'], [613, 636, 'HasGroup'], [683, 696, 'HasGroup']]"
"En effet, liberté entière est donnée aux conférences épiscopales - et même aux supérieurs des maisons religieuses et aux simples curés - de modifier la loi en l'adaptant aux hommes et aux circonstances",27350,,"[[75, 113, 'HasGroup'], [117, 134, 'HasGroup'], [170, 180, 'HasGroup']]"
"En France, une centaine de manifestants se sont réunis samedi 2 février à Paris, place de la Madeleine, à l'appel du Forum pour une paix juste et globale au Proche-Orient munis de badges verts et blancs proclamant : "" la seule victoire, c'est la paix ""..",27351,,"[[11, 39, 'HasGroup']]"
"RECONNU coupable de participation à une association de malfaiteurs terroriste, de détention d'armes, de munitions et d'explosifs, Charles-Joseph Pieri, secrétaire national d'A Cuncolta independentista pour la Haute-Corse, a été condamné, jeudi 15 juin, à quatre ans d'emprisonnement, dont un avec sursis, et cinq ans d'interdiction des droits civiques par la dixième chambre du tribunal correctionnel de Paris",27353,,"[[36, 77, 'HasGroup']]"
"On comprend la nervosité de ces soldats devant le meurtre de l'un de leurs camarades, mais il n'en demeure pas moins que les incidents d'avant-hier se doublent donc d'une sorte de mutinerie",27358,,"[[28, 39, 'HasGroup'], [69, 84, 'HasGroup']]"
"Il faut alors opter pour une coque passant dans le clapot avec une amplitude de tangage minimum, même si sa fréquence doit augmenter.

Pour garder au voilier une stabilité maximum, les architectes ont cherché à réduire le poids de l'ensemble coque-pont en supprimant les surfaces inutiles (plats-bords et leurs renforts, parois intérieures de cockpit)",27359,,"[[181, 196, 'HasGroup']]"
"Les dépenses liées à l'utilisation d'un véhicule (carburant, entretien et réparation) ont représenté, en 2004, 59,2 % du budget automobile des ménages.",27361,,"[[139, 150, 'HasGroup']]"
"Dans l'analyse ""La douce révolte des rêveurs de l'Audimax de Vienne"" (Le Monde du 28 novembre), nous avons attribué par erreur à l'actuel ministre autrichien des finances et vice-chancelier, Josef Pröll, le prénom de son oncle Erwin, un autre dirigeant du Parti conservateur.",27365,,"[[253, 274, 'HasGroup']]"
"En 2010, il leur a versé 200 millions d'euros et a remboursé en avance l'aide de l'Etat de 3 milliards d'euros, alors qu'il disposait de plus de temps pour le faire"".

Désormais, les syndicats en appellent au politique",27370,,"[[179, 192, 'HasGroup']]"
La réponse des personnels à ces propositions pourrait permettre aux stations de Radio France de retrouver leurs programmes habituels.,27372,,"[[11, 25, 'HasGroup']]"
"En décembre, les syndicats sont interdits",27376,,"[[13, 26, 'HasGroup']]"
"En France, cent personnalités d'horizons différents, scientifiques, sportifs, écrivains, ont rendu public, lundi 31 juillet, un manifeste, « 100 pour 2000 », en faveur d'un sport qui « doit toujours pouvoir véhiculer les valeurs humaines ».",27377,,"[[11, 51, 'HasGroup'], [53, 66, 'HasGroup'], [68, 76, 'HasGroup'], [78, 87, 'HasGroup']]"
"En signant la proposition de résolution d'Arnaud Montebourg (PS, Saône-et-Loire), je sais que je suis récusable en tant que juge",27382,,"[[61, 63, 'HasGroup']]"
"La Birmanie, gouvernée depuis quatre ans par un aréopage de généraux à la retraite dont certains avaient occupé d’importantes positions au temps de la dictature (1962-2011), reste une démocratie en devenir.

Depuis quelque temps, l’enthousiasme médiatique et international, observé durant les premiers mois au pouvoir d’un gouvernement qui avait rapidement permis l’évolution d’un processus démocratique inédit, laisse la place à un scepticisme croissant : en termes de libertés individuelles et politiques, la Birmanie de 2015 n’a certes rien à voir avec celle de la période durant laquelle la junte était au pouvoir",27386,,"[[57, 172, 'HasGroup']]"
"Selon les deux chercheurs – dont le travail a été passé en revue par deux spécialistes du plagiat scientifique avant d’être rendu public –, « il est clair que l’adoption par le BfR, sans recul critique, d’informations biaisées, incorrectes ou incomplètes fournies par les fabricants [de glyphosate] a influencé la base même de son évaluation » de la dangerosité du produit controversé.

Or, c’est sur la foi de cette évaluation préliminaire que l’Autorité européenne de sécurité des aliments (EFSA) et les experts des Etats membres ont conclu que le glyphosate ne posait pas de danger cancérogène, ouvrant ainsi la voie à sa réautorisation en Europe",27387,,"[[268, 298, 'HasGroup'], [502, 531, 'HasGroup']]"
"- Près de cinq cents personnes impliquées dans des attentats en Iran ont été arrêtées depuis le mois de septembre 1984 par les services de renseignement, a affirmé le mercredi 28 août le ministre du renseignement iranien, l'hodjatoleslam Mohamad Rey Chari",27389,,"[[10, 68, 'HasGroup']]"
"« Plus jamais les Biélorusses ne voudront vivre sous [ce] pouvoir », a-t-elle martelé.

Vendredi, le premier ministre polonais, Mateusz Morawiecki, a annoncé devant le Parlement l’octroi d’une enveloppe de 11 millions d’euros pour aider les Biélorusses à obtenir des visas, financer leur installation en Pologne et soutenir les médias indépendants et les organisations non gouvernementales en Biélorussie",27391,,"[[14, 29, 'HasGroup'], [237, 252, 'HasGroup'], [351, 404, 'HasGroup']]"
"La défaite du candidat progressiste, visage du renouveau politique, ravive le scénario de manifestations massives autour du Parlement, protégé par un important dispositif de sécurité.

Malgré le soutien d’une coalition majoritaire à la Chambre basse (312 députés sur 500), Pita n’a pas obtenu la soixantaine de voix de sénateurs dont il avait besoin pour atteindre le seuil requis de 375 voix",27393,,"[[205, 230, 'HasGroup'], [316, 328, 'HasGroup']]"
Ils permettront aux marques et aux distributeurs d’y intégrer un bouton « acheter » bleu,27395,,"[[16, 27, 'HasGroup'], [31, 48, 'HasGroup']]"
"Saillant participe alors aux consultations entre les syndicats britannique, français et soviétique pour préparer la création de la Fédération syndicale mondiale, dont il est secrétaire général de 1945 à 1969",27397,,"[[49, 98, 'HasGroup'], [128, 160, 'HasGroup']]"
L'incident avait provoqué une très vive émotion dans la communauté juive,27400,,"[[53, 72, 'HasGroup']]"
"« Ces résultats doivent d'ores et déjà renforcer la vigilance que l'on doit avoir pour les produits biologiques humains et bovins destinés à l'usage thérapeutique », estime, pour sa part, le docteur Dominique Dormont, président du comité des experts français des maladies à prions.",27401,,"[[228, 280, 'HasGroup']]"
"Et puis, il fallait s'y attendre, survint le contrecoup dans une République devenue policière et délatrice où fourmillaient les espions.

Aujourd'hui, ce sont 15 millions de visiteurs qui affluent chaque année",27413,,"[[124, 135, 'HasGroup'], [159, 183, 'HasGroup']]"
"Donald Trump commente en permanence la course à l’investiture démocrate, en multipliant les sobriquets désobligeants pour rabaisser ses éventuels adversaires de novembre",27416,,"[[132, 157, 'HasGroup']]"
"Egg, qui vient de racheter sa concurrente française Zebank à Bernard Arnault, a acquis 600 000 nouveaux clients en 2001, ce qui porte à plus de deux millions le nombre de ses abonnés",27421,,"[[87, 111, 'HasGroup'], [171, 182, 'HasGroup']]"
"L'opinion et la justice américaine sont lassées des mensonges d'une industrie qui , durant plusieurs dizaines d'années , n'a cessé de masquer la nocivité de ses produits et d'organiser, pour en tirer de meilleurs profits, la dépendance des consommateurs.

Les progrès accomplis dans le domaine des neurosciences ont démontré que les mécanismes fondamentaux de dépendance induits par la consommation de tabac n'étaient pas différents de ceux résultant de l'usage des substances psychoactives illicites",27423,,"[[64, 77, 'HasGroup']]"
les socialistes,27425,,"[[0, 15, 'HasGroup']]"
"Le régime d'attribution d'essence aux touristes étrangers, en vigueur depuis le 13 avril dernier, va être abrogé et remplacé, à dater du 17 juin, par un système excluant l'achat de tickets en devises.

Les touristes recevront une carte de carburant sur simple présentation du document douanier d'importation temporaire afférent au véhicule et une attribution de tickets pour dix jours renouvelable à l'expiration de chaque décade",27427,,"[[34, 57, 'HasGroup'], [202, 215, 'HasGroup']]"
"Les Etats-Unis et l'Union européenne ont été les seuls à adopter des sanctions contre les responsables syriens, y compris le président Al-Assad.",27431,,"[[86, 110, 'HasGroup']]"
"Obama, la vague de saisies de logements qui a contribué au déclenchement de la crise économique ""érode l'accès à la propriété, la classe moyenne, et jusqu'au rêve américain"".

Depuis une banlieue de Phoenix, en Arizona, où 150 000 domiciles ont été ou risquent d'être saisis, le président américain a expliqué que l'enveloppe servirait à ""secourir des propriétaires qui ont respecté les règles et agi de manière responsable"" mais se retrouvent victimes de la crise et de la chute du marché immobilier.

Le plan ""ne secourra pas les personnes irresponsables ou sans scrupule en arrosant de mauvais emprunts avec le bon argent du contribuable"", a prévenu M",27434,,"[[127, 144, 'HasGroup'], [348, 423, 'HasGroup'], [528, 573, 'HasGroup'], [625, 640, 'HasGroup']]"
"Washington, 17 juillet.- C'est l'amiral Sherman qui a mission de négocier avec les Espagnols la cession des bases navales et aériennes rapportée par Je Monde dans son avant-dernier numéro",27435,,"[[79, 92, 'HasGroup']]"
"Destiné à lutter contre les violences aux urgences, ce plan prévoit notamment des caméras en réanimation à l’hôpital Beaujon à Clichy, où « les soignants ont été profondément marqués par l’intrusion d’un groupe de plusieurs dizaines de personnes ».

Vidéosurveillance « intelligente »

Les images seront visionnées dans des postes de sécurité",27445,,"[[140, 153, 'HasGroup']]"
"- Remis à plusieurs reprises, l'entretien que devaient avoir à Paris les députés du Haut-Rhin avec M",27450,,"[[69, 93, 'HasGroup']]"
"Pierre Bas, député (U.D.R.) et conseiller de Paris, a rendu public jeudi 12 décembre un document qu'il a adressé à ses collègues U.D.R",27456,,"[[20, 26, 'HasGroup'], [115, 134, 'HasGroup']]"
"En ce qui concerne la souscription lancée par le P.C.F., sous le titre "" Le milliard de la vérité "", le bureau politique précise que 582 millions de francs ont déjà été rassemblés (le P.C.F",27457,,"[[46, 55, 'HasGroup'], [181, 189, 'HasGroup']]"
"La tradition des scissions et des regroupements en fronts explique l'ajournement rituel des essais de fusion organique des familles syndicales ou socialistes pourtant proches dans l'action présente et les objectifs plus lointains.

"" C'est Malraux qui a renié un jour la tradition en claironnant faux : "" Il n'y a plus que "" les communistes et nous",27459,,"[[119, 157, 'HasGroup'], [325, 340, 'HasGroup']]"
"Pour la première fois, la police de Djakarta a arrêté, peu avant l'attentat de Bali, des militants du FPI - le Front des défenseurs de l'islam -, sorte de police religieuse improvisée qui a saccagé à plusieurs reprises des débits de boissons et boîtes de nuit dans la capitale.

La présidente Megawati Sukarnoputri, dont les islamistes condamnent la présence à la tête de l'Etat, se retrouve donc sur le fil du rasoir",27462,,"[[85, 142, 'HasGroup'], [321, 335, 'HasGroup']]"
"Maurice Faure, député du Lot, président du parti radical, et Robert Fabre, député de l'Aveyron.

La première proposition tend à créer un Fonds d'action sociale pour l'artisanat et le commerce (FASAC)",27467,,"[[40, 56, 'HasGroup']]"
"Cette pression s'étend au secteur privé : les entreprises favorables au gouvernement participent à ce boycottage.

En outre, la diffusion des journaux indépendants d'Athènes en province se heurte à toutes sortes de difficultés",27470,,"[[42, 84, 'HasGroup']]"
"Début novembre, deux jours après avoir reçu un rapport parlementaire mettant en cause des ministres et des hauts fonctionnaires dans des détournements concernant un montant de 19 millions de francs, le président a dissous son cabinet et décidé que trois ministres feraient l'objet de poursuites",27474,,"[[86, 99, 'HasGroup'], [103, 127, 'HasGroup']]"
"» L'ironie voulait que la remarque d'un marxiste orthodoxe, fidèle soutien de Léon Blum, datât d'un autre 10 mai, quarante-cinq plus tôt, lorsque le leader socialiste achevait le discours-fleuve qu'il prononçait devant le conseil national de la SFIO, une semaine à peine après le second tour des élections législatives qui offrait le pouvoir aux partenaires du Front populaire..",27475,,"[[342, 376, 'HasGroup']]"
"Quelqu'un jure.

L'initiative de cette exposition temporaire à ciel ouvert, ignorée par la presse, revient à la mairie d'Alger-centre et à une association des proches des anciens condamnés à mort pour marquer le 50e anniversaire des imposantes manifestations indépendantistes algéroises du 11 décembre 1960 qui ruinèrent les derniers espoirs de la puissance coloniale française.

Nationalistes exécutés

Elle intervient aussi dans un contexte particulier, quelques semaines seulement après la parution du livre François Mitterrand et l'Algérie (Calman-Lévy), dans lequel l'historien Benjamin Stora et le journaliste François Malye ont mis en évidence la responsabilité de l'ancien président français : durant seize mois où il fut le ministre de la justice du gouvernement Guy Mollet, de 1956 à 1957, 45 nationalistes algériens furent guillotinés",27478,,"[[139, 195, 'HasGroup'], [800, 826, 'HasGroup']]"
"Le ministre de la santé indique que ces enquêtes "" ne prétendent pas recenser tous les toxicomanes, encore moins ceux qui font un usage occasionnel de la drogue "" et que beaucoup de toxicomanes "" refusent de se faire soigner dans les structures de soins traditionnelles "".

Mme Simone Veil rappelle enfin, que, selon les déclarations de l'ONU "" il apparaît que pour l'ensemble de l'Europe occidentale un accroissement sensible de l'abus de drogue est à constater, mais que la situation en France est beaucoup moins dramatique qu'aux États-Unis, par exemple "".",27482,,"[[78, 98, 'HasGroup'], [113, 160, 'HasGroup'], [170, 193, 'HasGroup']]"
"Les deux administrations sont habituées à se combattre, les aménageurs, taxés de ""bétonneurs"", s'opposant aux protecteurs de l'environnement, rebaptisés ""amis des petits oiseaux"" par le camp d'en face",27483,,"[[56, 70, 'HasGroup'], [106, 140, 'HasGroup']]"
"L'ordre de grève, lancé par tous les syndicats mercredi, dans la construction navale, a été largement observé sur l'ensemble du territoire.

L'arrêt de travail était d'une heure sur de nombreux chantiers, à Dunkerque, au Havre, à Bordeaux, à Toulon, etc.

À La Ciotat, les travailleurs ont fait grève toute la journée.

À Saint-Nazaire et à Nantes ils ont participé à la manifestation pour l'expansion économique.

Selon les syndicats, la quasi-totalité des ouvriers a suivi ces mouvements destinés à obtenir l'amélioration des salaires, la garantie de l'emploi, et qui témoignaient en même temps leur solidarité envers les travailleurs éprouvés par la crise de la Loire-Atlantique.",27484,,"[[28, 46, 'HasGroup'], [269, 285, 'HasGroup'], [421, 434, 'HasGroup'], [436, 466, 'HasGroup'], [475, 681, 'HasGroup']]"
"Le premier ministre allait dissoudre le parti du président Mahamane Ousmane.

La situation était totalement inextricable",27490,,"[[37, 75, 'HasGroup']]"
Malang a été relâché en février en échange d'un soldat soviétique détenu par la résistance,27493,,"[[77, 90, 'HasGroup']]"
"""

L'assemblée générale des actionnaires, convoquée pour le 18 novembre, aura également à approuver les comptes de l'exercice 1964 dont les résultats permettent, entre autres, d'éponger le reliquat des pertes subies sur les exercices antérieurs et de payer, pour la première fois, aux actionnaires l'intérêt statutaire.",27495,,"[[24, 40, 'HasGroup'], [281, 297, 'HasGroup']]"
"- "" Nous sommes décidés, si le gouvernement français ne remplit pas ses obligations dans le domaine de l'assistance culturelle, et si les enseignants français ne veulent pas revenir, d'entamer l'arabisation totale de notre enseignement "", déclare M",27499,,"[[134, 158, 'HasGroup']]"
"Alors qu'il vient de signer un contrat de 10 millions de dollars avec la maison Alfred Knopf pour la publication de ses mémoires, l'ancien président suscite toujours un débat, dans son parti, entre ceux pour qui il demeure une référence, fédérant des électorats divers - les citadins, les Noirs, les femmes, les ouvriers - et ceux pour qui il est finalement responsable de la victoire de Bush pour avoir trop heurté l'Amérique « profonde »",27500,,"[[181, 190, 'HasGroup'], [247, 268, 'HasGroup'], [271, 283, 'HasGroup'], [285, 294, 'HasGroup'], [296, 306, 'HasGroup'], [308, 320, 'HasGroup'], [326, 439, 'HasGroup']]"
"On savait que, dès 1942 au plus tard, les chefs d'État occidentaux avaient la preuve non seulement des traitements infligés aux juifs par l'occupant nazi, mais des plans d'extinction de la race juive élaboré à Berlin",27503,,"[[38, 66, 'HasGroup'], [124, 133, 'HasGroup'], [138, 153, 'HasGroup']]"
"Le conflit des usines Latil a été réprié hier, à la suite des pourparlers entre représentants de la direction et du personnel qui ont eu lieu dans le cabinet de M",27504,,"[[80, 109, 'HasGroup'], [113, 125, 'HasGroup']]"
"Poujade, qui se trouve actuellement avec sa famille au château Gouzou, à Sainte-Croix, dans l'Aveyron, a ajouté :

"" C'est à notre corps défendant qu'ils ont recruté des adeptes parmi les membres de l'U.D.C.A",27506,,"[[166, 177, 'HasGroup'], [184, 208, 'HasGroup']]"
"Faudra-t-il désormais faire suivre immédiatement chaque conférence au sommet par une autre pour que celle-ci cherche à rétablir les dommages causés à la confiance des cambistes par celle-là ? Il est vrai que, prudemment, le communiqué publié le lundi 17 juillet à Bonn ne faisait pas directement allusion à la stabilisation du dollar",27514,,"[[163, 176, 'HasGroup']]"
"HÉRITIERS d'une culture associative, mélange de tourisme social et de convivialité familiale, les Villages Vacances Famille (VVF), qui hébergent 650 000 personnes chaque année, ont consacré ces huit dernières années 1,1 milliard de francs pour moderniser leurs 140 sites",27520,,"[[145, 162, 'HasGroup']]"
De vives pressions sont exercées sur les avocats algériens pour qu'ils n'acceptent pas d'assister ces jeunes gens,27523,,"[[37, 58, 'HasGroup'], [98, 113, 'HasGroup']]"
Tant de choses à exprimer à ces visiteurs plus fortunés,27527,,"[[28, 55, 'HasGroup']]"
"Depuis la conclusion, en 1971, de la convention interdisant les armes biologiques, les négociations butent sur le problème du contrôle d'accords éventuels interdisant les armes chimiques d'une part, les essais nucléaires souterrains d'autre part.

Les États-Unis réclament inlassablement un système d'inspection sur place que les Soviétiques refusent",27528,,"[[326, 341, 'HasGroup']]"
"Certains veulent ajourner la conférence des ministres pour expliquer d'une manière ou d'une autre un échec dont la responsabilité incomberait aux Occidentaux.

"" L'U.R.S.S",27530,,"[[142, 157, 'HasGroup']]"
Il y aurait eu entre trois et six morts au moins du côté des assaillants,27532,,"[[57, 72, 'HasGroup']]"
"Aux deux premiers tours la "" troisième force "" et le R.P.F",27539,,"[[50, 58, 'HasGroup']]"
"Il avait été nommé maréchal en 1955.

Parmi les passagers se trouvait également le maréchal Jadov, qui commanda il y a vingt ans les unités soviétiques qui prirent part à la libération de Belgrade.]",27547,,"[[44, 57, 'HasGroup'], [129, 196, 'HasGroup']]"
"Dans les affaires internes - dont l'impact électoral est beaucoup plus grand, ce qui justifie une vigilance plus grande des sénateurs et représentants, - ceux-ci restent les maîtres du jeu, et ils jouent mal",27549,,"[[120, 133, 'HasGroup'], [137, 150, 'HasGroup']]"
La première sera consacrée à la clientèle des collectivités locales et aux PME,27550,,"[[29, 67, 'HasGroup'], [71, 78, 'HasGroup']]"
"Aujourd'hui, comme hier, nous assistons aux efforts des Soviets d'imposer la reconnaissance internationale de la division de l'Allemagne, grâce à l'exploitation de l'espoir général et compréhensible de la détente",27556,,"[[52, 63, 'HasGroup']]"
"Le débat a été assez animé par moments, nombre de militants faisant grief au groupe parlementaire "" sortant "" de ses erreurs de tactique, et le rendant responsable de l'échec électoral subi par les anciens gaullistes",27557,,"[[40, 59, 'HasGroup'], [194, 216, 'HasGroup']]"
"Mais dès lors que la circulaire est dotée de dispositions à caractère impératif, elle est, selon l’arrêt du Conseil d’Etat Mme Duvignères du 18 décembre 2002, « opposable » à l’administration.

L’usager quel qu’il soit – chômeur, salarié, employeur, etc",27559,,"[[194, 202, 'HasGroup'], [221, 228, 'HasGroup'], [230, 237, 'HasGroup'], [239, 248, 'HasGroup']]"
"Inventaire.

Après la conquête d’un siège à l’Assemblée nationale, voici venue l’heure du choix pour les cumulards les plus gourmands",27565,,"[[101, 133, 'HasGroup']]"
"« Ce qui change tout aussi par rapport au début de saison, c'est qu'on a un banc de joueurs aptes et frais qui font du bien quand ils entrent », précise le coach en référence à la fin de l'hécatombe de blessés.Jamais aussi fort que dos au murA croire surtout que Massy n'est jamais aussi fort que dos au mur",1195714,,"[[73, 106, 'HasGroup']]"
"Mais seuls 350 agents locaux de médiations, des emplois jeunes chargés de la sécurité à la sortie des écoles, ont aujourd'hui répondu à l'appel",141379,,"[[11, 108, 'HasGroup']]"
"Tous les jours, dès 7 heures du matin, Laurent Carpentier, un des cogérants de l’entreprise Meat Trading Company à Orly (Val-de-Marne), enchaîne les coups de fils pour acheter de la viande fraîche à quelque 140 fournisseurs, tous basés hors de France, et la revendre à ses 1 000 clients français, principalement la grande distribution.Laurent est un tradeur en viande, une profession dans la tourmente depuis le scandale des lasagnes à la viande de cheval",1000823,,"[[62, 134, 'HasGroup'], [199, 250, 'HasGroup'], [269, 334, 'HasGroup']]"
"Ces crédits, qui sont en fait des reliquats du contrat de plan 2000-2006, devraient permettre aux 80 000 automobilistes quotidiens d'éviter deux carrefours et d'emprunter une deux fois deux voies sans feux rouges entre la N 406 et la gare de Boissyâ?¦ en 2011",620965,,"[[94, 130, 'HasGroup']]"
« Cela répond aux besoins des élèves,1557342,,"[[26, 36, 'HasGroup']]"
La morosité économique fait que nos concitoyens ont plus de difficultés à partir s'évader en montage,1183762,,"[[32, 47, 'HasGroup']]"
"Arrêté finalement levé aprèsune réunion avec les services de la préfecture et de la DDE (Direction départementale de l'équipement).«Ilen va de la sécuritédes Nogentais »Les services de l'Etat s'étaient engagés, alors,à améliorer la situation en déroutant les poids lourds en amont",273260,,"[[154, 167, 'HasGroup']]"
Les quatre journalistes «sont maintenant dans un hôtel où se trouvent d'autres journalistes italiens,849250,,"[[70, 100, 'HasGroup']]"
» Les fidèles d'Arthur Dehaine aimeraient qu'il déroge à ses principes et s'exprime sur cette mise en cause.,684625,,"[[2, 30, 'HasGroup']]"
"«Il semble qu'un problème d'arrivée d'essence ait obligé [le pilote] à couper le moteur et à amerrir sur le lac», aux alentours de 16 heures, relate le journal Sud Ouest.Pour éviter que le carburant ne se répande dans le lac, les pompiers ont rapidement posé des barrières anti-pollution",1049850,,"[[226, 238, 'HasGroup']]"
"Le magistrat avait requis de 3 à 6 ans de prison.Deux Français, des anciens clients qui convoyaient les prostitués sur les bords de route, ont également été condamnés à 12 et 18 mois de prison avec sursis",1608552,,"[[100, 114, 'HasGroup']]"
Comme aiment à le rappeler les économistes : « Les arbres ne montent pas jusqu'au ciel,1221564,,"[[27, 42, 'HasGroup']]"
La police encourage les parents des victimes qui ne l'auraient pas fait à se faire connaître.,1402246,,"[[20, 44, 'HasGroup']]"
"Il faut beaucoup répéter, apprendre à écouter », explique l'une des enseignantes.",908489,,"[[64, 80, 'HasGroup']]"
"Des manifestants, dont de nombreuses femmes ayant ôté leur foulard, sont sortis dans les rues d’une quinzaine de villes d’Iran, où des affrontements avec des forces de l’ordre ont éclaté.Ça vous concerneLa pilule du lendemain va devenir gratuite pour toutes les femmes, quel que soit leur âge, en pharmacie et sans ordonnance, a annoncé le ministre de la Santé, François Braun",1668685,,"[[0, 16, 'HasGroup'], [23, 66, 'HasGroup'], [251, 268, 'HasGroup']]"
» L'attitude des patientsest telle que Sabrina s'est habituée aux comportements excessifs,345600,,"[[13, 25, 'HasGroup']]"
"Début juillet, seuls 2,6 millionsde fidèles (32,7 % de PDA) étaient présents devant les étapes de plat",488936,,"[[21, 43, 'HasGroup'], [55, 58, 'HasGroup']]"
(…) Je pense ne jamais avoir été aussi fier de mes joueurs que ce soir,1668309,,"[[47, 58, 'HasGroup']]"
"En revanche, il est fortement déconseillé de jouer les apprentissorciers",421557,,"[[51, 72, 'HasGroup']]"
"Selon le porte-parole, les équipes de l’OIM ont fourni une assistance médicale, de l’eau et des vivres aux survivants, qui viennent du Nigeria, du Ghana et de Gambie",1640651,,"[[23, 43, 'HasGroup'], [103, 165, 'HasGroup']]"
"Ce meurtre est révélateur d'un phénomène qui a pris une ampleur considérable en 2008 : le réglement de compte.Quelques heures après, des voisins et des gens de toute la région parisienne se sont rendus sur place, pour présenter leurs condoléances à la famille",614042,,"[[133, 144, 'HasGroup'], [148, 186, 'HasGroup']]"
"C’est moins que pour le précédent numéro, diffusé il y a deux semaines, et qui avait informé plus de deux millions de Français.France 2 se fait ainsi talonner par une rediffusion du blockbuster « Black Panther » avec le regretté Chadwick Boseman sur TMC",1624567,,"[[93, 126, 'HasGroup']]"
"«Je suis de droite car je considère que notre rôle n'est pas de promettre la facilité aux enfants, mais notre rôle est de leur permettre de n'être plus des enfants», explique-t-il",909754,,"[[86, 97, 'HasGroup'], [152, 163, 'HasGroup']]"
"Une mise à l'écart qui avait divisé le monde de l'humour et fait réagir Marlène Schiappa, la secrétaire d'Etat chargée de l'Egalité entre les femmes et les hommes.Les prud'hommes ont rendu leur verdict ce vendredi 27 juillet, n'acceptant qu'une seule des requêtes de Tex",1545487,,"[[138, 148, 'HasGroup'], [152, 162, 'HasGroup']]"
"La spécialité du Cercle, c'est que le DJ est entouré par le public",1481743,,"[[57, 66, 'HasGroup']]"
"Le truc, ce n'est pas d'avoir des joueurs pour avoir des joueurs",1505067,,"[[30, 41, 'HasGroup'], [53, 64, 'HasGroup']]"
"Michel Cavillier organise d'ailleurs une réunion avec eux ce matin.« Je les sensibilise sur le fait qu'ils sont d'abord là pour aider les clubs et ses dirigeants, poursuit Cavillier",863469,,"[[147, 161, 'HasGroup']]"
"A l'image de ce loto qui se déroulera le samedi 2 septembre, à la salle André-Pommery, et qui, comme d'habitude, accueillera des centaines d'amateurs",27434,,"[[125, 149, 'HasGroup']]"
Il faut donc que le nouveau ministre de la Santé écrive directement aux patients.,775372,,"[[68, 80, 'HasGroup']]"
"Dépaysement garanti pour les grands mais aussi les petits, qui pourront profiter des jeux pour enfants",750801,,"[[25, 35, 'HasGroup'], [47, 57, 'HasGroup'], [95, 102, 'HasGroup']]"
"L'occasion pour les téléspectateurs d'abandonner l'ambiance Côte d'Azur à la Plaine-Saint-Denis et d'assister à quelques moments de grâce : Thomas et Karine piétinant sur leur tapis respectif, tout en lisant Oscar Wilde et Paulo Coelho, ou encore Sandra massacrant avec jubilation les chansons d'Eddy Mitchell et de Charles Aznavour",155897,,"[[16, 35, 'HasGroup']]"
"Jeudi à la mi-journée, les Stéphanais faisaient encore la queue dans le hall de la mairie pour coucher quelques mots, parfois d'une main tremblante, sur les deux registres de condoléances.Dans la salle du conseil municipal, la cellule d'aide psychologique, abritée derrière des paravents, continuait de recevoir des personnes traumatisées par le drame",1360925,,"[[23, 37, 'HasGroup'], [312, 351, 'HasGroup']]"
"A terme,cet institut offrira en tout cas aux musulmans de l'arrondissement deux nouveaux lieux de culte.Pas plus grands que les sites actuels, mais plus dignes",432645,,"[[41, 74, 'HasGroup']]"
"Samedi après-midi, les gendarmes de la brigade de Crécy-la-Chapelle et du peloton de surveillance et d'investigation de la gendarmerie (Psig) de Coulommiers ont mis la main sur le fugitif qui s'était fait la malle jeudi, à l'occasion des obsèques de sa grand-mère, à Voulangis (notre édition de samedi)",101266,,"[[19, 156, 'HasGroup']]"
L'entretien de rapports sexuels fait partie des devoirs conjugaux auxquels s'engagent les époux en se mariant,851910,,"[[86, 95, 'HasGroup']]"
"Dans les conseils généraux, les élus socialistes font déjà leurs cartons.D'avril à juin : règlements de comptes post-électorauxLe projet de loi Notre revient en deuxième lecture au Sénat, puis à l'Assemblée",1194456,,"[[28, 48, 'HasGroup']]"
"Lundi soir, à l'issue du conseil, le maire UMP, AlainKelyor, n'était pas d'humeur à discuter de cette affaire",246713,,"[[43, 46, 'HasGroup']]"
"Des sportifs de haut niveau (coureurs kényans, burundais, une internationale française championne de l'épreuve) seront aussi sur la ligne de départ du kilomètre.Demain dimanche, départ avenue du Général-de-Gaulle à Suresnes, arrivée place du 8-Mai-1945",739033,,"[[0, 111, 'HasGroup']]"
"Clinton promet d'être «la présidente de tous les Américains»Trump menace de représaillesFace à ces remous, le milliardaire garde le cap",1362565,,"[[40, 59, 'HasGroup']]"
Les jeunes élus ont immédiatement adhéré à l'idée car les problèmes de stationnement font partie de leurs priorités pour améliorer les conditions de vie dans la ville,164754,,"[[0, 15, 'HasGroup']]"
"» Comprendre : un pour boire et un autre pour forcer le premier à ingurgiter le breuvageâ?¦ Vers 1850, l'arrivée en masse des horticulteurs et des pépiniéristes chasse les viticulteurs",813238,,"[[122, 139, 'HasGroup'], [143, 160, 'HasGroup'], [168, 184, 'HasGroup']]"
"Hier, dans l'attente d'un rendez-vous prévu cet après-midi à 17h30 avec le directeur d'académie, Jean-Louis Brisson, les enseignants grévistes sont venus à Cergy à la rencontre de François Jollivet, directeur de l'éducation au conseil général",906102,,"[[117, 142, 'HasGroup']]"
"Les époux Laurençon investissent 20.000 euros pour faire venir les huit premières palettes de Chine, puis démarchent les points de vente de la région, avant d'élargir leur rayon d'action et de contacter les grands distributeurs de jouets.«Nous pensions que ça allait monter en puissance petit à petit, mais en fait c'est monté de manière exponentielle depuis que le phénomène a touché Paris en avril», se félicite Emmanuel, dont l'entreprise, où travaillent six personnes, est désormais installée au rez-de-chaussée d'un petit immeuble du centre de Quimper.Au 30 juin, 350.000 kits contenant élastiques et métier à tisser pour près de 20 euros ont été vendus en France, ainsi qu'un million de sachets de recharges, alors que les adeptes se sont mis à fabriquer non seulement des bracelets mais aussi des figurines, des coques pour téléphone portable..",1146437,,"[[203, 237, 'HasGroup'], [725, 736, 'HasGroup']]"
"Une habitante a filmé l'intervention des policiersLe parquet de Versailles a en tout cas saisi l'inspection générale de la police nationale (IGPN), la police des polices, pour faire toute la lumière sur ces violences présumées",1280190,,"[[37, 50, 'HasGroup']]"
"Alors que le conseil d'administration d'EDF va rendre mardi sa décision sur l'avenir de la centrale nucléaire de Fessenheim, les 850 salariés se sont mis en grève pour 48 heures depuis 6 heures ce lundi",1414261,,"[[10, 43, 'HasGroup'], [125, 141, 'HasGroup']]"
"Cet homme charismatique a gardé le contact avec les jeunes qu'il réunit un samedi par mois au Duomo, la cathédrale de Milan, dont il est archevêque depuis 1979",74555,,"[[48, 99, 'HasGroup']]"
"Le lendemain, les curieux pourront venir en sous-préfecture deSenlis visiter le bureau du sous-préfet, Abdel Aïssou, de 11 heures à 12 h 30, au 3, place Gérard-de-Nervalà Senlis",572035,,"[[14, 25, 'HasGroup']]"
Les masters EIT ICT Labs préparent de futurs chercheurs et des ingénieurs experts européens en TIC,895437,,"[[35, 55, 'HasGroup'], [59, 98, 'HasGroup']]"
"ILS SE SONT entraînés, ils ont le regard déterminé.« Dès qu'ils ont la balle, vous les plaquez au sol et vous essayez de leur prendre la balle! » Le conseil ne vient pas de Bernard Laporte, l'entraîneur de l'équipe de France de rugby,mais de Youssef, un des collégiens d'Ile-de-France sélectionnés hier pour faire une démonstrationde rugby à l'ambassade de Grande-Bretagne à Paris",572100,,"[[254, 380, 'HasGroup']]"
Tout ce qui affaiblit la Ligue nationale est mauvais pour les clubs,72610,,"[[58, 67, 'HasGroup']]"
Les demandes de subventionvont être présentées prochainement aux collectivités territoriales,248031,,"[[61, 92, 'HasGroup']]"
"Les tacles restent parfaitement ciselés et le public parisien netarde pas à scander, à plusieurs reprises, le prénom de l'Argentin.Pourtant, tout n'est pasrose",258523,,"[[43, 61, 'HasGroup']]"
"»
Le nouveau rêve de l'association Espéranto-France, c'est de la faire accepter comme langue optionnelle au bac, puisque des jeunes s'y intéressent encore",1149647,,"[[121, 131, 'HasGroup']]"
"Le FN, quant à lui, jouesur le fond et sur la forme avec cette particularité : le candidat investi s'appelle étrangementMartin",307338,,"[[0, 5, 'HasGroup']]"
"Depuis le 30 mars, la frontière entre la bande de Gaza et Israël est le théâtre de manifestations contre le blocus israélien et pour le «droit au retour» des Palestiniens chassés de leurs terres ou qui ont fui à la création d'Israël en 1948",1543235,,"[[154, 240, 'HasGroup']]"
"Des soldats et gendarmes tunisiens y sont régulièrement blessés ou tués, généralement par des mines disposées par ces combattants islamistes, selon les autorités",1130084,,"[[0, 34, 'HasGroup'], [114, 140, 'HasGroup']]"
Ilss'interdisent toute baby-sitter et toute présence féminine dans la maison,573954,,"[[17, 34, 'HasGroup'], [53, 61, 'HasGroup']]"
"A partir du 8 avril, de jeunes avocats dubarreau de Paris y effectueront des permanences juridiques gratuites",231269,,"[[21, 57, 'HasGroup']]"
» Les particuliers sont invités à signaler les principaux points de rassemblements de ces petits félins en contactant celine.houdet@gmail.com ou sur le site Facebook de Shana,1388093,,"[[2, 18, 'HasGroup']]"
"» S'il est impatient de découvrir l'Aren'Ice pour le grand show inaugural du 19 novembre auquel il doit participer, il prévient : « Je n'oublierai jamais l'ambiance des séances et mes premiers souvenirs lorsque je voyais les grands passer à fond à côté de moi",1392701,,"[[221, 231, 'HasGroup']]"
"Entourant Mourad, le père d'Anissa portant lunettes noires et djellaba blanche, les hommes ont repris le chemin du funérarium pour une ultime prière",658712,,"[[80, 90, 'HasGroup']]"
"De retour de vacances, l'ancien candidat à la mairie et actuel patron, à l'Hôtel-de-Ville, des élus RPR orthodoxes, est apparu, en effet, barbu",99512,,"[[91, 114, 'HasGroup']]"
"« Si Cergy-Pontoise veut attirerde nouvelles entreprises et de nouveaux habitants, et ne pas perdre ceux qui sont là, l'améliorationdes transports doit être une priorité absolue, confirme Jean-Louis Jacquet",278848,,"[[32, 56, 'HasGroup'], [60, 81, 'HasGroup']]"
"Trente volontaires ont ainsi pu être vaccinés par ce biais mercredi, et 480 jeudi",1622185,,"[[0, 18, 'HasGroup']]"
"On a bien commencé la saison, eux un peu moins...» Pour autant, les Beauvaisiens n'imaginent pas autre chose qu'une quatrième victoire cet après-midi pour leur deuxième apparition à Pierre-Brisson",1479563,,"[[64, 80, 'HasGroup']]"
"» Le mot de la fin à Alain Boghossian, l'un des adjoints, l'ancien compagnon d'armes de 1998",775721,,"[[44, 56, 'HasGroup']]"
"Pour inciter les filles à s'inscrire dans les associations sportives au collège, le conseil général prévoit un coup de pouce financier",950338,,"[[13, 23, 'HasGroup'], [42, 68, 'HasGroup']]"
»Manuel Aeschlimann prophétise : « Tout ça se réglera tôt ou tard par une exclusion de l'UMP,605263,,"[[87, 92, 'HasGroup']]"
"» Pour les heureux élus, c'est la garantie de participer à un spectacleà la fin de l'année mais, surtout, à une formidable aventure humaine et collective",228536,,"[[7, 23, 'HasGroup']]"
"« Ce projet va nous déposséder de nos communes où il y a des ressources, s'insurge Bernard Rigault (UMP), maire de Moussy-le-Neuf et président de Plaines-et-Monts-de-France",1156866,,"[[100, 103, 'HasGroup']]"
"Malgré les déceptions du passé,  le public parisien rêve encore de ces soirées étoilées et a tout oublié en deux coups de génie de Di Maria",1596563,,"[[33, 51, 'HasGroup']]"
"Face à cette situation, le groupe a présenté jeudi lors d'un comité central d'entreprise (CCE), à son siège de La Défense, un plan de réorganisation de ses raffineries sur plusieurs années.Si, en 2009-2010, l'officialisation de la fermeture de la raffinerie des Flandres à Dunkerque avait provoqué un tollé (plusieurs semaines de grève, des milliers de tonnes de pétrole brut bloqués), Total a tenté de rassurer les 3 800 salariés qu'il emploie dans cette activité",1222726,,"[[412, 464, 'HasGroup']]"
"Le jaguar Aramis arrive en tête des dons, suivi par deux espèces jamais vues au zoo de Vincennes : Léna, le lynx de Scandinavie (deuxième) et Diablo, le loup d'Espagne (quatrième).Adeline, choisie pour représenter les seize girafes du parc, décroche la troisième place.Pour améliorer le confort des animaux et des visiteurs et remettre en état les infrastructures, 167 millions d'euros ont été investis.Si le grand rocher artificiel, emblème du zoo, demeure, les murets et le béton ont fait place à de larges vitres d'observation et à des filets.Grosse bulle de verre, une serre de la superficie d'un terrain de football restitue l'atmosphère chaude et moite des forêts tropicales pour accueillir reptiles et petits primates",1115809,,"[[310, 323, 'HasGroup']]"
"»JOUY-LE MOUTIER, LYCEE DE L'HAUTIL, HIER.Depuis hier matin, dans l'espace OlivierMazzotti du lycée, une rose orange et un poème écrit par ses élèves sont posés près du portraitdu professeur disparu il y a un an lors de la tuerie de Nanterre.",231545,,"[[139, 149, 'HasGroup']]"
"Les novices, eux, devraient se délecter devant la magie de cette odyssée.",466718,,"[[0, 11, 'HasGroup']]"
La victime raconte sa mésaventure aux enquêteurs,262977,,"[[34, 48, 'HasGroup']]"
"»Les phrases des écoliers « souvent sensuelles,jamais sexistes », glisse l'institutrice, doivent donner lieu à un disque, un site Internetet un livre, « trois autres supports d'écriture »",282983,,"[[13, 25, 'HasGroup']]"
"Et les coéquipiers du numéro un français n'ont pas fait mieux : Freitas s'est incliné face à Yang Chen malgré une belle résistance et Franz, qui menait pourtant 2-0, s'est laissé renversé par Le Guen lors de l'ultime opposition.PONTOISE-CERGY - SAINT-MAUR : 3-3",882574,,"[[3, 40, 'HasGroup']]"
"Selon lui, les entreprises françaises, face au « poids » accru « des cotisations sociales », ne peuvent rivaliser",795648,,"[[11, 37, 'HasGroup']]"
"«Les titres [de séjour] délivrés à de nouveaux salariés étrangers en 2011 ont diminué de 26% par rapport à 2010, passant de 12 404 à 9 154.",21972,,"[[37, 67, 'HasGroup']]"
"Une fois leur caisse spéciale supprimée, les danseurs craignent de voir leur pension disparaître.",21975,,"[[41, 53, 'HasGroup']]"
Il y a une génération d'agriculteurs qui a tout fait perdre.,21981,,"[[7, 36, 'HasGroup']]"
"Mi-juillet, les ministres réunis se montrent hostiles à un transfert de compétence législative en Corse.",21997,,"[[12, 25, 'HasGroup']]"
"Nous irons dans toutes les capitales européennes expliquer que contrairement aux Etats-Unis, il y a en France une majorité qui gouverne et qui n'est pas entravée dans une cohabitation avec l'opposition.",22008,,"[[189, 201, 'HasGroup']]"
"L'existence du porno ne change rien au fait qu'à partir d'un certain âge, les enfants se mettent à vouloir comprendre.",22010,,"[[74, 85, 'HasGroup']]"
"Sa mère a quitté la Hongrie communiste à la fin des années 80, est arrivée comme jeune fille au pair à 28 ans, restée proche des milieux d’opposition de gauche libérale de son pays d’origine, anti-Orban encore aujourd’hui.",22019,,"[[125, 190, 'HasGroup']]"
Il a précisé avoir reçu 20 à 25 signatures mardi et a ajouté : «Ca va se jouer à rien.» Il en a profité pour stigmatiser le PS et le PCF les accusant d'avoir «tout fait» pour qu'il n'obtienne pas les 500 paraphes requis.,22025,,"[[130, 136, 'HasGroup'], [121, 126, 'HasGroup']]"
"Aux responsables politiques, la résolution demande de mettre enfin en place une législation qui considère l'immigré «comme un sujet de droit».",22026,,"[[0, 27, 'HasGroup'], [106, 115, 'HasGroup']]"
"S'il y a consensus entre les ministres pour abandonner le droit de veto, le vote à la majorité qualifiée s'imposera, sur ces sujets, au sein du Conseil des ministres.",22030,,"[[25, 38, 'HasGroup']]"
"Alain Lamassoure, secrétaire national de l'UMP et ancien ministre des Affaires européennes, s'est servi de l'Airbus A 380 pour illustrer les divisions du camp d'en face : «Certains proposent de placer tous les moteurs de l'Airbus sous l'aile gauche.",22031,,"[[41, 46, 'HasGroup']]"
"Partisan d'un «remaniement de l'opposition», il a lancé hier, dans l'indifférence générale, une pétition pour que la droite et le centre s'unissent aux européennes.",22032,,"[[30, 42, 'HasGroup'], [114, 123, 'HasGroup'], [127, 136, 'HasGroup']]"
"Un pantin à l’effigie du président Emmanuel Macron a été décapité vendredi soir lors d’une manifestation de gilets jaunes à Angoulême, d’après la préfecture de Charente.",22036,,"[[105, 121, 'HasGroup']]"
TO GO WITH AFP STORY BY EMMANUEL PARISSE - (FILES) - US troops disembark from landing crafts during D-Day 06 June 1944 after Allied forces stormed the Normandy beaches.,22041,,"[[54, 63, 'HasGroup'], [126, 139, 'HasGroup']]"
"Paritaire et intégrant les peuples autochtones, elle doit rendre ses travaux d’ici un an.",22043,,"[[23, 46, 'HasGroup']]"
"Un ponte de la majorité rappelle, au passage, que Borne n’a pas été étrangère aux missions les plus ardues : «Dans le premier quinquennat, il y avait deux réformes impossibles : la SNCF et l’assurance chômage.",22045,,"[[12, 23, 'HasGroup']]"
Celle qui se dit «libre des attaches partisanes» devra aussi adresser des signaux à l’électorat d’Eric Zemmour sans rebuter ceux qui auraient cru à son grimage en inoffensive amie des chats.,22056,,"[[124, 189, 'HasGroup'], [84, 110, 'HasGroup']]"
"La fin des incorporations

Les jeunes gens nés avant le 1er janvier 1979 restaient soumis aux obligations militaires théoriquement jusqu'au 21 décembre 2002.",22057,,"[[27, 72, 'HasGroup']]"
"Mais le revers, alors, avait presque le goût des conquêtes : si ce n'était pas une victoire, c'était déjà autre chose que l'écrasement souvent promis à la candidate Les Républicains (LR).",22058,,"[[165, 186, 'HasGroup']]"
"L'idée est qu'en sanctionnant les parents, on va les responsabiliser et leur faire prendre conscience qu'ils doivent envoyer leurs enfants à l'école.",22064,,"[[30, 41, 'HasGroup'], [125, 138, 'HasGroup']]"
"Il y perd de 105 voix (sur 2 827 suffrages exprimés), la candidate du PS l'emportant avec 51,85% des voix.",22065,,"[[67, 72, 'HasGroup']]"
"Pour autant, depuis quelques années, des crises récurrentes ne cessent de secouer les producteurs de lait, de porc, de viande bovine… Pour ne citer qu’eux.",22067,,"[[82, 132, 'HasGroup']]"
L'union des droites ?,22068,,"[[8, 19, 'HasGroup']]"
Le lien des prévenus avec des milieux d’extrême droite avait été mis en avant au tribunal.,22069,,"[[26, 54, 'HasGroup']]"
Un événement considérable dont la finalité est de rééquilibrer les rapports entre les deux parties de l’humanité : hommes et femmes.,22071,,"[[115, 121, 'HasGroup'], [125, 131, 'HasGroup']]"
Il y a de très bons profs.,22081,,"[[7, 25, 'HasGroup']]"
"En plus des locaux, les équipes ne sont pas au point.",22083,,"[[20, 31, 'HasGroup']]"
Une position jugée «illisible» par de nombreux communistes.,22087,,"[[35, 58, 'HasGroup']]"
"Sorte de Parlement du FN, et censé être convoqué annuellement, le comité central ne l'a pas été depuis 2014.",22089,,"[[19, 24, 'HasGroup']]"
"Lorsqu’un don de gamètes ou d’embryon est réalisé, on prend soin de faire en sorte que le donneur ressemble aux parents stériles (couleur de la peau, des yeux, cheveux).",22092,,"[[108, 128, 'HasGroup']]"
Les entreprises acceptent et ne portent quasiment jamais plainte.,22095,,"[[0, 15, 'HasGroup']]"
"«Ce serait aberrant de dire ""ceux qui arrivent on les traite avec rapidité, et les autres on les laisse dehors.""",22097,,"[[29, 46, 'HasGroup']]"
"Manière de célébrer la réconciliation, selon les uns, falsification de l'histoire par Vergès, pour beaucoup d'élus de droite, dont le sénateur Virapoullé qui a boycotté les festivités.",22098,,"[[99, 124, 'HasGroup']]"
"Nous, les élus de la République, on est devenus le défouloir de la population.» Bien loin de ce qu'imaginait l'élu sans étiquette de 53 ans, ses deux mandats auront été rythmés par la gestion des conflits et la lutte contre l'incivisme.",22101,,"[[6, 31, 'HasGroup']]"
Il y a les ouvriers qui arrivent et ceux qui repartent.,22119,,"[[7, 32, 'HasGroup'], [36, 54, 'HasGroup']]"
Lundi 16 avril s'engagent en interne des primaires pour désigner le candidat qui représentera les Verts en 2002.,22125,,"[[94, 103, 'HasGroup']]"
"Malgré son souhait de développer la voiture à hydrogène, l'eurodéputée FN ne remet pas en cause le transport sur route et le tout voiture - elle s'est d'ailleurs opposée à l'écotaxe ou à la taxation du diesel - et elle dénonce «l'écologie punitive» comme l'interdiction de circulation sur les voies sur berges à Paris.",22137,,"[[71, 73, 'HasGroup']]"
"Nous avons besoin d'un projet valorisant dans lequel on puisse se retrouver et décider ensemble où on veut aller.»

Tracts, pétitions pour le salaire à vie, circulaire d'appels à la grève généralisée: à la Bastille, la convergence est en marche entre les manifestants.",22143,,"[[251, 267, 'HasGroup']]"
C'est une circonscription difficile à lire et le PS ne doit surtout pas faire un calque en se basant sur le vote Royal.,22145,,"[[46, 51, 'HasGroup']]"
"Ce traité «mettra en place une Assemblée parlementaire qui remplacera l'Eurogroupe [la réunion mensuelle des ministres des Finances de la zone euro, ndlr]».",22147,,"[[105, 147, 'HasGroup']]"
"Un épilogue qui fait bondir les syndicats de l'inspection : «Fait doublement surprenant : d'une part, c'est le [directeur régional] qui signe, alors même qu'habituellement cette décision est déléguée au chef de pôle Travail, d'autre part, c'est la première fois qu'un avertissement est prononcé suite à un rapport faisant état de tels manquements, alors même que les services instructeurs avaient préconisé une amende d'un montant conséquent, adapté à l'ampleur de la fraude sociale révélée par le contrôle.",22149,,"[[28, 41, 'HasGroup']]"
"Quinze «engagements», trois «moyens clés pour réussir», le tout en 76 pages : Marie-George Buffet, candidate de «la gauche populaire et antilibérale» a présenté, hier, son programme présidentiel (www.mgbuffet.org).",22152,,"[[115, 150, 'HasGroup']]"
"Quant à politiser le débat, c’est précisément ce dont ont besoin les responsables religieux qui ont commencé à faire bouger les choses au sein de l’institution.",22154,,"[[65, 91, 'HasGroup']]"
"Les permanents sont payés par le parti, mais au service de tel ou tel.»

Le climat social n'est pas non plus aux lendemains qui chantent.",22155,,"[[0, 14, 'HasGroup']]"
"On y apprend notamment la convocation d'agents municipaux pour des séances de formation au maniement du «tonfa», une matraque, et au tir de pistolet.",22156,,"[[38, 57, 'HasGroup']]"
"Des centaines d’internautes se sont indignées tour à tour des questions posées, ainsi que des dessins utilisés pour illustrer les réponses des sondés.",22157,,"[[0, 27, 'HasGroup']]"
"On le sait aujourd'hui, son expérience, celle du Front populaire va façonner la conscience de la gauche française, du rayon de soleil de l'été 1936 jusqu'aux désillusions répétées de l'exercice du pouvoir.",22162,,"[[46, 64, 'HasGroup'], [94, 113, 'HasGroup']]"
La lettre de Valls offre sur un plateau à la droite les divergences gouvernementales sur la réforme pénale.,22170,,"[[42, 51, 'HasGroup']]"
Ce qui promet d’ailleurs de nouvelles interrogations dans les rédactions : comment représenter le nouveau mouvement fondé par Hamon ?,22173,,"[[95, 131, 'HasGroup']]"
(1) Sondage Ipsos effectué les 22 et 23 juillet sur 528 salariés âgés de 18 à 65 ans.,22175,,"[[52, 84, 'HasGroup']]"
Des grilles répertoriant la répartition «occulte-déclaré» pour le paiement des employés ont été saisies chez une salariée.,22176,,"[[75, 87, 'HasGroup']]"
"Le groupe socialiste proposera un candidat, la fédération décidera.",22184,,"[[0, 20, 'HasGroup'], [44, 57, 'HasGroup']]"
"Il pourra compter sur la voix de cette militante communiste «sciée», dit-elle, qu'un maire PCF puisse envisager la création d'une police municipale.",22191,,"[[91, 94, 'HasGroup']]"
"26,3 % des hommes âgés de 20 à 39 ans disent ne pas vouloir de descendance.",22195,,"[[7, 37, 'HasGroup']]"
"Le commentaire critique est toutefois plutôt nuancé: «Je ne pense pas que les enseignants aient l'intention de développer le paganisme, mais je les soupçonne d'inculture», déplore le pasteur Jean-Arnold de Clermont, président de la Fédération protestante de France.",22197,,"[[74, 89, 'HasGroup'], [229, 264, 'HasGroup']]"
"Sur ces bases fragiles est bâtie l’expérience des circassiens, chasseurs et autres exploiteurs de tous bords.",22204,,"[[46, 61, 'HasGroup'], [63, 72, 'HasGroup'], [76, 108, 'HasGroup']]"
"A l'évidence, les responsables communistes parisiens souhaitent, je pense, avoir des bases qui permettent un accord, c'est notre cas aussi», a-t-il assuré sans entrer dans les détails programmatiques.",22205,,"[[14, 52, 'HasGroup']]"
Le candidat du Front de gauche aimerait voir resurgir les débats de 2005.,22206,,"[[12, 30, 'HasGroup']]"
"Vouloir réconcilier les Français, c'est laminer l'intérêt même pour le débat public.» Les choix économiques ne l'emballent pas, même si ni lui ni aucun des badauds de la rue du Poteau ne s'attendaient «à des miracles» : «On est dans le néolibéralisme mou.» Mais quand le sujet tombe sur l'université, il lâche ses coups : «Je suis vraiment malheureux.",22212,,"[[20, 32, 'HasGroup']]"
"Aboyez chiennes de gardes, applaudissez suffragettes.",22213,,"[[42, 54, 'HasGroup']]"
"Concernant le nombre de morts, il minimise : «Ce sont souvent des malades qui ont une maladie chronique, des gens qui sont fragilisés, en fin de vie et naturellement la part des choses est difficile à faire.» L’image est désastreuse.",22217,,"[[62, 103, 'HasGroup']]"
En lieu et place des citoyens siègent des magistrats professionnels.,22222,,"[[38, 67, 'HasGroup'], [17, 29, 'HasGroup']]"
"Copé a surenchéri, parlant de «miracle là où la gauche avait laissé prospérer la violence et la désespérance».",22223,,"[[45, 54, 'HasGroup']]"
L'entourage du ministre a aussi fait valoir que «les policiers et les gendarmes qui garantissent le droit de manifester sont trop souvent soumis à un haut niveau de violence dans l'exercice de leurs missions».,22225,,"[[66, 79, 'HasGroup']]"
"«Le jour où les maires auront disparu, les technocrates auront gagné et la France aura perdu», a prédit Henri de Raincourt, président du groupe libéral.",22229,,"[[12, 22, 'HasGroup'], [39, 55, 'HasGroup'], [134, 151, 'HasGroup']]"
"Le Syndicat de la magistrature (SM, classé à gauche) s'est dit «surpris», et un avocat niçois, Me Christian Boitel, habituel soutien du magistrat, a écrit au Premier ministre pour se plaindre de cet «acte de déstabilisation et d'intimidation».",22235,,"[[0, 30, 'HasGroup']]"
"Si nous voulons que nos idées puissent l'emporter, les personnes doivent dépasser les vieux réflexes tactiques et partisans.»

«Sauter comme un cabri»

Pour le reste, il laisse la vedette à Nicolas Dupont-Aignan, président de Debout la France, au député du Nord Sébastien Chenu, ex-UMP devenu porte-parole du parti de Marine Le Pen, à Jean-Frédéric Poisson, député des Yvelines et président du Parti chrétien démocrate ou à l'essayiste Paul-Marie Coûteaux, ancien séguiniste passé par le villiérisme et le FN version fille Le Pen.",22238,,"[[226, 242, 'HasGroup'], [503, 508, 'HasGroup'], [51, 64, 'HasGroup'], [282, 285, 'HasGroup']]"
"Et pour beaucoup, enfin, ce qui a joué est le statut de la femme, de son corps.",22241,,"[[56, 64, 'HasGroup']]"
La position officielle de LR est un pis-aller.,22248,,"[[26, 28, 'HasGroup']]"
"C'est une erreur fondamentale.» Il y a selon lui un travail à faire sur la terminologie, sur le retour aux textes, «utilisés de manière totalement contraire aux valeurs de l'islam par l'Etat islamique».",22252,,"[[184, 200, 'HasGroup']]"
"Le sixième critère évoque «la réelle volonté d'intégration de ces familles, caractérisée notamment par leur maîtrise du français, le suivi éducatif des enfants».",22253,,"[[148, 159, 'HasGroup'], [62, 74, 'HasGroup']]"
"Maire de Serre-Chevalier et vice-président de l'Assemblée nationale, Patrick Ollier, 55 ans, est également conseiller officiel de MAM à la tête du parti; il y est chargé de la vie du mouvement.",22268,,"[[144, 152, 'HasGroup'], [180, 192, 'HasGroup']]"
"Il s’agit du parti animaliste, mouvement créé il y a cinq ans pour défendre la cause animale et qui prétend pour la première fois à l’Elysée.",22272,,"[[10, 29, 'HasGroup']]"
"Voilà pour les chiffres volontiers mis en avant par l'entreprise qui, rappelons-le, travaille avec la fonction publique.",22273,,"[[99, 119, 'HasGroup']]"
"L'étude de Terra Nova, que Libération révèle en exclusivité, affirme pourtant qu'après les entreprises, ce sont les ménages plus aisés qui ont profité en majorité des largesses du sarkozysme.",22277,,"[[87, 102, 'HasGroup'], [112, 134, 'HasGroup']]"
L'une des manières de déverrouiller les partis politiques.,22279,,"[[36, 57, 'HasGroup']]"
"Paris

Un studio dans un quartier coté

C'est un petit quartier de la capitale très prisé par les grandes fortunes de la planète.",22280,,"[[94, 128, 'HasGroup']]"
"Evoquant la «grève de solidarité» des professeurs, Maëlle, élève en première STG à Lurçat, estime «normal qu'on en soit arrivé là, cette lettre est grave et irrespectueuse».",22283,,"[[34, 49, 'HasGroup']]"
"Raoult met en avant l'HCQ comme une immense découverte, continue comme à son habitude à ridiculiser ses détracteurs : «Les médecins qui me critiquent ne sont ni dans mon champ ni dans ma catégorie de poids.» Il fustige l'immobilisme de petits officiers de santé aigris, tout juste bons à suivre les diktats des autorités, qui, empêtrées dans leur calamiteuse gestion de la crise, n'osent intervenir.",22284,,"[[233, 268, 'HasGroup'], [100, 115, 'HasGroup']]"
"Selon le récit des policiers, Guillaume Vadot aurait appelé à l'émeute à la confrontation directe avec eux, il se serait violemment débattu, jusqu'à se cogner lui-même «malencontreusement».",22287,,"[[15, 28, 'HasGroup']]"
"Elle fait la moue : «Oui, bien sûr, mais il est très tourné sur l'aspect financier des start-up, en regardant les chiffres des levées de fonds.",22292,,"[[83, 95, 'HasGroup']]"
"Imaginer que l'on peut dire la même chose dans un langage poli, rationnel ou non émotionnel a toujours été le stratagème des censeurs.",22296,,"[[121, 133, 'HasGroup']]"
"Pour baisser les frais bancaires, une loi plafonnera le coût des services facturés par les banques.",22302,,"[[87, 98, 'HasGroup']]"
"Pour d'autres mineurs, ce sont les tests osseux - jugés peu fiables par les associations - qui font d'eux des majeurs.",22315,,"[[5, 21, 'HasGroup'], [106, 117, 'HasGroup']]"
"Il n'en reste pas moins qu'après l'annulation par le Conseil constitutionnel du système de sanctions collectives inscrit dans la loi de finances de la Sécu, la ministre de la Solidarité se trouve dépourvue d'outils propres à freiner les ardeurs des médecins trop dépensiers.",22332,,"[[245, 273, 'HasGroup']]"
"Quoique toujours importante à leurs yeux, elle n’est plus une priorité pour les Américains.",22333,,"[[76, 90, 'HasGroup']]"
"En majorité des Anglais, des jeunes, étudiants, salariés ou entre petits boulots et chômage.",22337,,"[[12, 23, 'HasGroup'], [25, 35, 'HasGroup'], [37, 46, 'HasGroup'], [48, 56, 'HasGroup'], [60, 91, 'HasGroup']]"
"En septembre dernier, alors qu'il était en train de prendre le pouvoir sur le parti, Karim Zéribi avait défendu devant les siens une liste autonome.",22341,,"[[75, 83, 'HasGroup']]"
"Les autorités vont déployer ce lundi soir 148 000 membres des forces de sécurité, dont 12 000 dans la capitale, théâtre de scènes de guérilla urbaine lors des manifestations des «gilets jaunes».",22343,,"[[176, 195, 'HasGroup']]"
"De mon côté, cela me révolte et je me renseigne pour donner des cours à des migrants.",22350,,"[[72, 84, 'HasGroup']]"
"«Je me méfie énormément de ce qui peut fracturer la majorité, fait valoir Eric Alauzet.",22355,,"[[49, 60, 'HasGroup']]"
"C'était tout juste deux jours après le dépôt de l'amendement prévoyant de porter de cinq à sept ans de prison la peine pour un vol «lorsqu'il est facilité par l'état d'une personne» particulièrement vulnérable en raison de son âge, et de sept à dix ans de prison pour les vols avec violence à l'encontre de ces mêmes victimes.",22358,,"[[307, 325, 'HasGroup']]"
"Les poursuites judiciaires seront coordonnées.»

Tiré d'un argumentaire sur le site www.ouisocialiste.net

NON

«Je suis un nationaliste français, je pense que la nation reste, même aujourd'hui au début du XXIe siècle, la formule la plus efficace pour défendre la liberté, la sécurité et l'identité.»

Jean-Marie Le Pen, président du FN, le 16 mars sur France Info

Article I-42

§1.",22360,,"[[331, 336, 'HasGroup']]"
"«Lors de son congrès tenu en 1959 dans la ville de Bad Godesberg, le SPD, qui est le parti historique de Marx, abandonne le marxisme comme doctrine de référence pour se convertir à une doctrine réformiste, proche de l'économie sociale de marché mise en place par les conservateurs dans les années 1950.",22361,,"[[66, 72, 'HasGroup'], [263, 280, 'HasGroup']]"
"Beaucoup de résidents, autistes ou à tendance autistique, ne parlent pas.",22365,,"[[0, 56, 'HasGroup']]"
"Cela commence par des gestes déplacés et des remarques humiliantes ou condescendantes, mais ne s'arrête pas là, comme en témoignent des centaines de femmes dans les médias.»

Insomnia n’en est pas à sa première campagne.",22376,,"[[132, 155, 'HasGroup']]"
"«L’occasion de rappeler toutes les propositions que nous avons portées ou soutenues, qui ont été adoptées souverainement par l’Assemblée nationale, mais qui auront été supprimées par le recours aux 49.3″, font valoir les socialistes.",22381,,"[[217, 232, 'HasGroup']]"
"«On ne peut pas dire que cela soulève l'enthousiasme de mes collègues, rapporte un député PS.",22388,,"[[90, 92, 'HasGroup']]"
Gratuit pour les abonnés. ],22389,,"[[13, 24, 'HasGroup']]"
Les personnes arrivant du Royaume-Uni sont soumises jusqu’à présent à la présentation d’un test de moins de quarante-huit heures.,22400,,"[[0, 37, 'HasGroup']]"
"«C'est la journée de mobilisation la plus importante depuis le début de l'année», s'est réjoui François Chérèque (CFDT).",22403,,"[[114, 118, 'HasGroup']]"
Nous acceptons comme allant de soi la définition que les riches donnent des pauvres.,22405,,"[[53, 63, 'HasGroup'], [72, 83, 'HasGroup']]"
"Venue du monde de la nuit, je connaissais les petits casseurs qui venaient fourguer manteaux de fourrure et bijoux volés aux filles du bar.» Elle a donc suivi Mesrine, alias «Bruno», dans sa fuite en Italie, au Maroc et à Londres, dans ses planques minables du XVIIIe à jouer au Mastermind, à dîner sur la table en formica des plats mijotés, à dormir sur un matelas en mousse et à regarder les infos télévisées «commentées par Jacques».",22406,,"[[42, 61, 'HasGroup']]"
Les joueurs déposent leurs jetons sur les cases correspondantes.,22407,,"[[0, 11, 'HasGroup']]"
"Mais l'organisation patronale plaide avant tout pour une «réforme importante», aboutissant à un mécanisme permettant de «mieux indemniser ceux qui en ont le plus besoin et moins ceux qui en ont le moins besoin».",22425,,"[[5, 29, 'HasGroup'], [138, 168, 'HasGroup'], [178, 209, 'HasGroup']]"
"Parmi eux, les drapeaux orange de la CFDT.",22427,,"[[34, 41, 'HasGroup']]"
"Quant à Philippe Vigier, porte-parole de l'UDI, il «estime que l'ampleur de l'échec de François Hollande sur le chômage exige de sa part une rupture totale avec la politique qu'il a menée depuis son arrivée au pouvoir.",22429,,"[[41, 46, 'HasGroup']]"
"Lorsqu'il était président de la métropole, Collomb avait négocié le ralliement des maires de droite de l'Ouest lyonnais, mais rien ne dit que cette alliance survivra dans les urnes.",22435,,"[[79, 119, 'HasGroup']]"
"Même en déconfiture économique, c’est à la France de dire aux Européens qu’il n’est pas temps de rompre avec l’Union mais de réaliser qu’elle est la première puissance économique mondiale, qu’ils ne peuvent plus automatiquement compter sur la protection militaire des Etats-Unis et que leur unité est la condition de leur force et de leur sécurité.",22442,,"[[58, 71, 'HasGroup']]"
"«Avec une puissance de feu comme la nôtre, les hadjis peuvent toujours se pointer», fait l'un des soldats en armant son M16.",22443,,"[[43, 53, 'HasGroup']]"
Les relations entre Euro-Américains et Indiens vont se durcir.,22445,,"[[20, 35, 'HasGroup'], [39, 46, 'HasGroup']]"
"Ce qui ne bouge pas vraiment non plus, c’est le statut des femmes.",22447,,"[[55, 65, 'HasGroup']]"
"»

Elle poursuit : « Les CRS semblent paumés [...].",22449,,"[[21, 28, 'HasGroup']]"
Quel effet a l’obtention d’une place en crèche sur la situation professionnelle des femmes?,22463,,"[[80, 90, 'HasGroup']]"
"Celle que les Romains nommaient Mare Nostrum serait plutôt, selon le linguiste Louis-Jean Calvet, «linguae nostrae», «nos langues».",22468,,"[[10, 21, 'HasGroup']]"
"Devant les étudiants, le député des Landes a dénoncé «un élargissement mené en dépit du bon sens».",22469,,"[[7, 20, 'HasGroup']]"
"Des délais qui pénalisaient au premier chef les familles modestes ou les patients faisant l'objet d'un suivi médical régulier, dont l'avance des dépenses pèse sur les budgets.",22477,,"[[44, 65, 'HasGroup'], [69, 125, 'HasGroup']]"
"«Mais la circonscription n'est pas acquise à la gauche», fait volontiers remarquer l'entourage du candidat du PS.",22480,,"[[107, 112, 'HasGroup'], [45, 54, 'HasGroup']]"
"Analyse
Rachat de RTT: au Sénat, la droite «assume parfaitement de mettre un coin dans les 35 heures»
Politique
2 août 2022
abonnés
Les sénateurs ont déjà droitisé la copie de l’Assemblée en y ajoutant de vieilles marottes de LR, comme la monétisation des RTT ou la pérennisation du plafonnement à 7 500 euros de la défiscalisation des heures supplémentaires.",22483,,"[[132, 145, 'HasGroup'], [33, 42, 'HasGroup']]"
"En sus, Mancel s'est offert en 1998 une exclusion du RPR pour avoir appelé à une alliance avec l'extrême droite.",22504,,"[[95, 111, 'HasGroup']]"
"Des vacanciers d'un jour, qui vont à la mer pour 1 euro.",22509,,"[[0, 24, 'HasGroup']]"
Les médecins universitaires sont par exemple payés 200 euros de plus par garde que les praticiens hospitaliers et les libéraux ont obtenu la défiscalisation d’une partie ou de l’intégralité de leur revenus pour la permanence des soins.,22510,,"[[0, 27, 'HasGroup'], [83, 110, 'HasGroup'], [114, 126, 'HasGroup']]"
Le Premier ministre a renouvelé ses critiques contre les 35 heures instaurées il y a dix ans par l'actuel maire de Lille et chef du PS.,22511,,"[[129, 134, 'HasGroup']]"
"Nicolas Sarkozy veut rallier à lui les électeurs du Front national mais sa stratégie anti-Hollande pourrait aussi être de faire se rallier au candidat socialiste des personnalités emblématiques de son camp, Claude Guéant, Brice Hortefeux, les époux Balkany - pour le compromettre.",22515,,"[[35, 66, 'HasGroup']]"
"« Alors que seulement 20% des personnes prostituées dans l'espace public étaient de nationalité étrangère en 1990, elles en représentent aujourd'hui, et depuis les années 2000, près de 90%.",22522,,"[[26, 51, 'HasGroup']]"
"Favorable à la concomitance de la présidentielle et des législatives, le PRG a finalement jugé que la démarche de Jospin «n'était pas contraire à la logique du régime présidentiel».",22523,,"[[70, 76, 'HasGroup']]"
"Mais de là à en faire toute une histoire… C’est pourtant bien ce à quoi se sont livrés les élus de la communauté de communes Terres du Lauragais, près de Toulouse, en votant le 11 juillet dernier une «taxe couches-culottes».",22524,,"[[87, 144, 'HasGroup']]"
"La gauche réformiste n’a jamais cessé d’y veiller et de mettre en œuvre ce système, comme sous le gouvernement Jospin.",22531,,"[[0, 20, 'HasGroup']]"
"Concernant l'UMP, il prendra sa décision en juin, quand seront achevés les travaux de révision des statuts du parti.",22535,,"[[11, 16, 'HasGroup'], [107, 115, 'HasGroup']]"
"Ces jeunes font partie de notre avenir.»

Le salon de détente est accueillant.",22541,,"[[0, 10, 'HasGroup']]"
"Un comité politique LR se tiendra ce lundi à 10h30, puis un bureau politique à 17h.",22549,,"[[20, 22, 'HasGroup']]"
Cela reviendrait à expulser toutes les personnes mises sur écoute.,22553,,"[[28, 65, 'HasGroup']]"
"Notre chagrin est immense», a écrit le président du Modem et désormais haut-commissaire au Plan.",22567,,"[[49, 57, 'HasGroup']]"
"Apeurés par la déferlante de journalistes, les parents comme les oncles de Maxime ont quitté Le Bosc-Roger-en-Roumois (Eure), 3 200 habitants, escortés par les gendarmes et dissimulés derrière de grands draps blancs.",22569,,"[[156, 169, 'HasGroup']]"
"C'était la priorité des priorités vendredi, rue de Grenelle : lors de son allocution, jeudi, Macron a annoncé un service de garde pour que les personnes «indispensables à la gestion de la crise sanitaire puissent continuer à travailler».",22578,,"[[139, 203, 'HasGroup']]"
Qu’en est-il des communes avec une importante proportion de retraités ?,22587,,"[[57, 69, 'HasGroup']]"
"Mais à une condition, souligne son entourage: que l’UMP organise pour désigner son candidat des primaires ouvertes à tous les électeurs de droite et du centre-droit.",22590,,"[[50, 55, 'HasGroup'], [117, 164, 'HasGroup']]"
"Du «triomphe annoncé» dans le Sunday Telegraph (conservateur) à un «adieu Bling, bonjour les piques contre les riches» du Sunday Times (centre droit), l'ensemble de la presse britannique a depuis plusieurs jours déjà enterré Sarkozy, rappelant qu'en cas de défaite au second tour, il serait «le premier président à ne remplir qu'un seul mandat depuis Valéry Giscard d'Estaing, battu par François Mitterrand en 1981».",22595,,"[[107, 117, 'HasGroup']]"
"«Des Noirs, jeunes réfugiés et musulmans dans un village où la moitié de la population a plus de 60 ans, ça a fait causer dans les chaumières», raconte Micheline, 66 ans, l'une des bénévoles de l'antenne locale des Restos du cœur.",22597,,"[[1, 10, 'HasGroup'], [12, 27, 'HasGroup'], [31, 40, 'HasGroup']]"
"Il y a de plus en plus de situations «limites», qui laissent les médecins «pas tranquilles», au bord du signalement («on ne peut pas se dire qu'il ne va rien se passer»).",22599,,"[[61, 73, 'HasGroup']]"
Une partie (14%) des électeurs de Bayrou de 2007 se sont cette fois abstenus: ce n'est pas en proposant de durcir les accords de Schengen qu'ils reviendront dans le giron de la droite.,22600,,"[[174, 183, 'HasGroup']]"
"A écouter le président de Rhône-Alpes, on imagine volontiers la Droite accomplir cette mission.",22601,,"[[61, 70, 'HasGroup']]"
"Une baisse regrettée par plusieurs associations écologistes qui ont qualifié cette journée de «cache-misère», et dénoncé «de nombreuses contradictions entre les déclarations et les actes concrets», citant notamment «l'incroyable suppression des maigres aides aux transports collectifs», qui pourrait être annoncée jeudi dans le budget 2004.",22602,,"[[25, 59, 'HasGroup']]"
"Les Gaulois n’étaient pas plus français que les Romains n’étaient italiens, d’autant que le territoire de la Gaule ne correspond pas à l’actuel territoire français dont les frontières ont évolué au cours des siècles.",22609,,"[[0, 11, 'HasGroup'], [44, 55, 'HasGroup']]"
Quels ménages âgés aujourd’hui peuvent payer 6 000 euros par mois pour bénéficier d’un environnement adapté à leur état de santé ?,22615,,"[[0, 18, 'HasGroup']]"
"C'est fou ce que ça rapporte, les petits, sans compter les grandes clameurs médiatiques contre les «pédocriminels»; des affreux, certes.",22631,,"[[95, 114, 'HasGroup']]"
"""La gauche voit disparaître le scénario annoncé par les instituts de sondage, qui prédisaient pour DSK une quasi-élection de maréchal au printemps 2012"", selon l'éditorialiste.",22632,,"[[1, 10, 'HasGroup']]"
"Selon François-Marie Banier, l’homme a été placé en cellule de dégrisement et a reconnu devant les policiers qu’il avait insulté et frappé le photographe.",22637,,"[[95, 108, 'HasGroup']]"
"Concrètement, le texte, adopté le 5 juillet sans remous par le Sénat, concerne tous les délinquants ou criminels répondant d'une infraction passible de trois ans ou plus d'emprisonnement.",22642,,"[[79, 186, 'HasGroup']]"
"Dans un communiqué, Edouard de Rothschild évoque «certains actionnaires historiques» mais aussi «de nouveaux actionnaires qui font leur entrée parmi lesquels des professionnels du monde des médias».",22644,,"[[50, 83, 'HasGroup'], [158, 196, 'HasGroup']]"
"Ce sondage ""Mercure"", donne Nicolas Sarkozy en tête, Ségolène Royal éliminée, et François Bayrou et Jean-Marie Le Pen au coude à coude, avec une «conjoncture positive» pour le leader du FN.",22649,,"[[183, 188, 'HasGroup']]"
"A Paris, Lyon ou Nice, la même faune ambitionnait de «casser du Marocain» après la demi-finale France-Maroc.",22663,,"[[61, 72, 'HasGroup']]"
"Les délais d’attente pour avoir un rendez-vous avec un psy sont parfois de plusieurs mois, tandis que les centres médico-psychologiques (CMP) sont débordés et que les infirmières et infirmiers scolaires restent largement en sous-effectifs.",22664,,"[[163, 202, 'HasGroup']]"
"Sans l’assumer, le gouvernement veut trier les étudiants à l’entrée de l’université et empêcher des jeunes, toujours les mêmes, de faire des études.",22666,,"[[43, 56, 'HasGroup'], [96, 106, 'HasGroup']]"
Un tel geste permet à Nicolas Sarkozy de ne pas se défausser tout en se protégeant des «paquets de mer» qui vont balayer le mouvement gaulliste.,22670,,"[[121, 143, 'HasGroup']]"
"« Mais là, il faut une proposition de la Commission et elle fera tout pour être présente, ce qui ne plaira pas forcément aux ministres », décrypte un diplomate.",22671,,"[[121, 134, 'HasGroup']]"
Une large majorité de Français estiment être mieux représentés.,22677,,"[[0, 30, 'HasGroup']]"
"Le tournant une fois pris, cette identification non seulement à Israël, mais aussi à la politique de gouvernements de plus en plus à droite, s'accentue au fil des années, si bien qu'au grand dam d'Enderlin, ni le Crif ni le Consistoire n'émettent plus de réserves devant la politique annexionniste du Likoud et de ses alliés religieux.",22679,,"[[210, 217, 'HasGroup'], [221, 235, 'HasGroup'], [298, 307, 'HasGroup'], [314, 334, 'HasGroup']]"
"Les conditions de ressources financières ont été rehaussées, exigeant des étudiants de justifier de 7 685 euros annuels sur un compte en banque.",22680,,"[[70, 83, 'HasGroup']]"
"Les étudiants ont besoin d’une hausse de leur pouvoir d’achat.» Imane Ouelhadj, présidente de l’Union nationale des étudiants de France (Unef), parle de «poudre de perlimpinpin» : «Aujourd’hui on sait qu’il n’y a pas assez d’argent sur la table, alors on préfère donner des clopinettes aux étudiants plutôt que de vraiment se questionner sur ce qui se passe dans l’enseignement supérieur.»
Angle mort de l’arsenal du gouvernement à ce stade : les étudiants non boursiers.",22692,,"[[0, 13, 'HasGroup'], [286, 299, 'HasGroup'], [443, 470, 'HasGroup']]"
La mesure risque de toucher directement les étudiants de milieux modestes.,22694,,"[[40, 73, 'HasGroup']]"
"La parlementaire LREM, élue en juin dans la onzième circonscription du département, distribuait des tracts sur le marché lorsqu'elle a été frappée par un homme aux alentours de 11 heures.",22698,,"[[17, 21, 'HasGroup']]"
"Allons donc, les Roms seraient donc devenus la source de tous les problèmes du territoire ?",22701,,"[[13, 21, 'HasGroup']]"
Un salarié pourrait-il voir son contrat suspendu en cas de non-présentation du pass sanitaire ?,22703,,"[[0, 10, 'HasGroup']]"
"Ce fut chose faite, contre l'avis de la droite.",22713,,"[[37, 46, 'HasGroup']]"
"En l’occurrence, un décret prévoit la durée du travail des moniteurs, qui bénéficient d’un repos hebdomadaire minimum de 24 heures.",22714,,"[[55, 68, 'HasGroup']]"
"Or le taux d'épargne des ménages est aujourd'hui très élevé.» Henri Emmanuelli, ex-président PS de la commission des Finances, en fait une question de principe : «La délinquance financière n'a pas, aux yeux de la droite, les mêmes inconvénients que les autres formes de délinquance : il y a vol et vol !",22717,,"[[21, 32, 'HasGroup'], [93, 95, 'HasGroup'], [210, 219, 'HasGroup']]"
"Martine Aubry, première secrétaire du PS, a jugé jeudi que Valérie Trierweiler, compagne du président François Hollande, devait être «plus discrète».",22720,,"[[35, 40, 'HasGroup']]"
"La proportion variant logiquement selon le degré d'exposition : 29 % chez les personnes directement menacées, 19 % chez les témoins sur les lieux, 8 % chez les témoins à proximité et 36 % chez les endeuillés/proches exclusifs.»

Dans une tout autre optique, des chercheurs ont ausculté les conséquences de la forte couverture médiatique des attentats de novembre 2015 à Paris (Bataclan, terrasses des cafés et Stade de France).",22727,,"[[74, 108, 'HasGroup'], [120, 145, 'HasGroup'], [156, 179, 'HasGroup'], [193, 225, 'HasGroup']]"
Effarement des policiers et magistrats.,22728,,"[[11, 24, 'HasGroup'], [28, 38, 'HasGroup']]"
"Il sait changer d'avis.» Plus vachard, un député UMP croit savoir que «ce n'est pas le Premier ministre qui a voulu cette réforme.",22730,,"[[49, 52, 'HasGroup']]"
"Porte de Versailles, à deux stations de métro du siège du parti, rue de Vaugirard, les équipes du candidat auront droit à des «volumes généreux» sur des «plateaux lumineux».",22731,,"[[83, 106, 'HasGroup']]"
Il est possible de respecter le droit d’une femme de ne pas élever son enfant et le droit de cet enfant de savoir d‘où il vient sans que cela n’ébranle les fondations d’une famille adoptive.,22739,,"[[40, 49, 'HasGroup'], [67, 77, 'HasGroup'], [169, 189, 'HasGroup'], [93, 103, 'HasGroup']]"
"Le nombre de visiteurs varie selon la composition des familles, les milieux sociaux et la pathologie.",22748,,"[[50, 62, 'HasGroup']]"
"Paris Métropole, assemblée de 190 collectivités, a sondé ses membres sur le sujet et leur a demandé de fournir une contribution pour rédiger un Livre Vert sur la gouvernance.",22754,,"[[57, 68, 'HasGroup']]"
"Le 14 octobre 2004, Jean-Jack Queyranne, président socialiste du conseil régional, avait lu au nom des groupes PS, PCF, Verts, PRG, UMP et UDF un texte qui pointait les «propos négationnistes et à forte connotation raciste» de Gollnisch.",22757,,"[[111, 113, 'HasGroup'], [115, 118, 'HasGroup'], [120, 125, 'HasGroup'], [127, 130, 'HasGroup'], [132, 135, 'HasGroup'], [139, 142, 'HasGroup']]"
"Cela peut surprendre mais c'est statistiquement implacable  : «Quand la gauche est au pouvoir, l'intolérance a tendance à progresser.",22768,,"[[69, 78, 'HasGroup']]"
"J'ai du respect pour les femmes, je comprends leurs réactions.»

«Je comprends que ce la puisse choquer.",22775,,"[[21, 31, 'HasGroup']]"
Le cocktail drogue et sécurité routière est monté hier à la tête des députés de droite à l'Assemblée.,22780,,"[[67, 88, 'HasGroup']]"
Le communiste Roland Muzeau s'est aussi retiré face au PS Guillaume Bachelay dans les Hauts-de-Seine.,22795,,"[[55, 57, 'HasGroup']]"
"«LREM peut devenir un espace de régulation au sein du mouvement», veut croire un député.",22797,,"[[1, 5, 'HasGroup']]"
"C'est bien un mouvement générationnel», estime ainsi Guillaume Vuilletet, président du groupe des élus républicains au conseil régional d'Ile-de-France et allié de Catherine Coutard.",22808,,"[[84, 151, 'HasGroup']]"
"Yvon Robert va vraisemblablement fusionner avec la liste d'Europe-Ecologie les Verts de Jean-Michel Bérégovoy (11,09%), qui figure dans la majorité sortante.",22812,,"[[136, 156, 'HasGroup']]"
A quoi doit ressembler La France insoumise de demain ?,22816,,"[[23, 42, 'HasGroup']]"
"Mais aussi en raison de la réalité concrète ordinaire à laquelle le mot renvoie, qui est en fait un rejet du musulman plutôt que de l’islam.",22817,,"[[106, 117, 'HasGroup']]"
Seconde disposition de la directive européenne : l'instauration d'un congé parental d'au moins quatre mois - dont deux mois seront non transférables d'un parent à l'autre – pouvant être pris jusqu'aux douze ans de l'enfant.,22820,,"[[214, 222, 'HasGroup']]"
"Il se donne pour objectif de traiter la question de la récidive qui contribue à saturer les prisons, les mêmes détenus y revenant à intervalles réguliers.",22826,,"[[101, 118, 'HasGroup']]"
"Au moment où tout le monde à gauche a la tête aux municipales, au remaniement ministériel ou au «pacte de responsabilité», le lancement de la campagne d'une élection annoncée comme catastrophique pour la majorité relevait d'un pari audacieux… avec le risque d'être inaudible.",22833,,"[[13, 35, 'HasGroup']]"
"Qui ne résiste pas au tacle : «On peut seulement regretter que ce budget ait été divisé par cinq sous le précédent mandat…» Pour son adversaire PS, Claude Bartolone, lui abandonner le terrain électoral jusqu'au 28 novembre ne va donc pas être sans risque.",22834,,"[[144, 146, 'HasGroup']]"
Finie la trêve hivernale qui empêche l'éviction des locataires du 1er novembre au 15 mars.,22835,,"[[48, 62, 'HasGroup']]"
La majorité rigole et c’est de bonne guerre.,22837,,"[[2, 13, 'HasGroup']]"
"L'objectif est de convaincre 10.000 jeunes dès cette année, contre moins de 3000 par an pour le service civil.",22842,,"[[29, 42, 'HasGroup']]"
"La génération des poètes de la négritude des années 50 se retrouve dans diverses anthologies dont l'Anthologie de la poésie africaine et malgache par Langston Hughes et Christiane Reynault (Seghers, 1962).",22846,,"[[0, 54, 'HasGroup']]"
"Une mesure de la loi santé permet désormais aux généralistes, gynécologues et sages-femmes de prescrire une contraception, mais elle reste peu connue.",22854,,"[[44, 60, 'HasGroup'], [62, 74, 'HasGroup'], [78, 90, 'HasGroup']]"
Aux scénaristes d’écrire des personnages transgenres ancrés dans la réalité et qui seront incarnés par des acteurs et actrices transgenres talentueux et talentueuses.,22860,,"[[103, 138, 'HasGroup']]"
"Les candidats reçus passeront l’oral en juin, puis seront affectés en septembre.",22864,,"[[0, 13, 'HasGroup']]"
Le chef de l'UMP ne répond pas à cette question.,22866,,"[[11, 16, 'HasGroup']]"
"Le secrétaire d'Etat à l'Emploi Laurent Wauquiez veut développer des «formations commando» de cinq ou six mois pour aider certains chômeurs à se réorienter dans des secteurs d'activité qui recrutent, comme le BTP ou les services à la personne.Son idée: réformer la formation professionnelle pour permettre à des gens dans une impasse de se réorienter vers des secteurs où ils pourront plus facilement trouver un emploi.",22875,,"[[124, 141, 'HasGroup']]"
"La gauche est sur le point d'obtenir la majorité des sièges à l'Assemblée, même si la droite parlementaire devancerait le PS en voix au premier tour des législatives dimanche, selon un sondage Ipsos-Logica Consulting pour France Télévisions, Radio France et Le Monde publié vendredi.",22879,,"[[2, 11, 'HasGroup'], [85, 108, 'HasGroup'], [121, 126, 'HasGroup']]"
"Du coup, politiquement, qui peut se retrouver en phase avec ce mouvement ?",22893,,"[[60, 72, 'HasGroup']]"
"Quand les écoles n'enseigneront que des livres de Gertrude Stein et Virginia Woolf et que James Joyce et Gustave Flaubert seront devenus des écrivains «masculinistes», quand les musées d'art consacreront une semaine par an à l'exploration des œuvres inconnues des «artistes masculins» et quand les historiens publieront chaque décennie un magazine pour parler du rôle des «hommes invisibles dans l'histoire», alors, à ce moment-là, vous pourrez nous appeler des féminazies.",22894,,"[[260, 284, 'HasGroup'], [368, 407, 'HasGroup'], [294, 308, 'HasGroup']]"
"«La pression sociale, les stéréotypes qui classent, rangent les garçons du côté des chiffres et les filles du côté des lettres tout cela est vrai, mais il faut comprendre ces phénomènes pour comprendre à quel moment les filles s'éliminent», explique la sociologue.",22899,,"[[60, 71, 'HasGroup'], [96, 106, 'HasGroup'], [216, 226, 'HasGroup']]"
"Les pasteurs, issus des communautés, y ont acquis une légitimité dans les négociations avec les pouvoirs publics.",22908,,"[[0, 12, 'HasGroup']]"
Ça consolera les mal indemnisés : ne les a-t-il pas tous vengés ?,22917,,"[[13, 31, 'HasGroup']]"
"Pour le président du Modem, François Bayrou, l'Etat a «le devoir de déposer un recours contre l'arbitrage» rendu en faveur de Tapie.",22923,,"[[20, 28, 'HasGroup']]"
"Une position partagée par Jean-Luc Mélenchon, candidat LFI, qui affirme à chaque prise de parole que «nous ne sommes pas chez nous au Mali» et que «nous ne sommes pas gendarme du monde».",22930,,"[[55, 58, 'HasGroup']]"
"Tout d'abord, précisons que cet argument des tenants du « non » irlandais est quelque peu mensonger.",22934,,"[[41, 73, 'HasGroup']]"
"Et la droite entame cette rentrée avec des propositions, et même un programme entier dans le cas d'Alain Juppé, dont tout n'est pas à jeter ( Libération du 26 août).",22937,,"[[3, 12, 'HasGroup']]"
"«Les Français qui hébergent des réfugiés qui ont été protégés par la France, qui ont un titre de séjour», pourraient «déduire [de leurs impôts, ndlr] jusqu'à 1 500 euros par an pour les frais que peut occasionner cet acte de solidarité», a-t-il détaillé.",22939,,"[[1, 103, 'HasGroup']]"
"Pas de révolution, ni «d'angélisme», pas de Grenelle de la sécurité, mais «des réunions de travail police-justice dans les régions sur des problématiques d'urgence», à commencer par la délinquance des mineurs.",22940,,"[[197, 208, 'HasGroup']]"
"Avec son homologue au Sénat, Gérard Longuet, il a pris l'initiative de cette réunion au lendemain de la «réelle défaite» de la droite aux régionales.",22946,,"[[124, 133, 'HasGroup']]"
"En 1998, les généticiens européens, dont Dominique Stoppa-Lyonnet, sont invités à visiter les impressionnants locaux de Myriad, à Salt Lake City.",22949,,"[[9, 34, 'HasGroup']]"
"Ce texte, que le gouvernement soumettra aux centrales syndicales cette semaine, prévoit en effet de ne pas retenir les années de chômage ou de maladie comme des années travaillées pour l'ouverture du droit au départ anticipé.",22952,,"[[40, 64, 'HasGroup']]"
"C’est cette conscience, à la fois lucide et décidée, que nous avons réaffirmée, dès le 16 octobre, avec des centaines de nos pairs du monde entier, devant le secrétaire général de l’ONU, Ban Ki Moon, et les représentants des Etats membres des Nations Unies, au sommet mondial des villes, prélude de la Conférence Habitat III.",22954,,"[[203, 256, 'HasGroup']]"
"Hier matin, une cinquantaine de douaniers ont mis en place un barrage filtrant pendant quatre heures entre Nantes et Saint-Nazaire (Loire-Atlantique).",22957,,"[[12, 41, 'HasGroup']]"
Les prostituées sont son «seul plaisir».,22962,,"[[0, 15, 'HasGroup']]"
Le calendrier est bien fait : son examen en deuxième lecture aura lieu quelques jours après le congrès du PS.,22972,,"[[103, 108, 'HasGroup']]"
"Troubles du langage, baisse du quotient intellectuel, retard de développement, augmentation de la sédentarité, les études foisonnent sur les possibles effets délétères d'une exposition prolongée des enfants aux écrans.",22973,,"[[195, 206, 'HasGroup']]"
"Elle défilera à Beaucaire (Gard), commune administrée par Julien Sanchez, ancien responsable des sites internet du FN et dont le député est l’avocat Gilbert Collard, membre du Rassemblement bleu Marine, alliance électorale née à la faveur des législatives de 2012.",22977,,"[[112, 117, 'HasGroup'], [173, 201, 'HasGroup']]"
"«En 1998, j'ai été élue, alors que M. Mancel avait fait une alliance publique avec le Front national, donc pour moi, ce sont les mêmes», a-t-elle lancé.",22978,,"[[83, 100, 'HasGroup']]"
"On peut être constructif dans l'opposition.» Et l'élu en est convaincu : grâce à cette démarche, «on est en train d'installer un match entre la droite et le gouvernement».",22980,,"[[141, 150, 'HasGroup']]"
"Le téléphone pleure
Il est désormais prêt à envoyer du steak avec La France insoumise.",22987,,"[[66, 85, 'HasGroup']]"
"Ces derniers jours, l’hypothèse d’une nomination de Catherine Vautrin, ex-ministre chiraquienne, a suffisamment circulé pour qu’une partie de la Macronie ne lance un tir de barrage.",22990,,"[[142, 153, 'HasGroup']]"
"Or, le bilan est là : pour la première fois depuis 2004, le régime des retraites est à l'équilibre ; la modulation des allocations familiales a conduit à une revalorisation de 25 à 30 % pour les familles les plus démunies ; le versement des pensions alimentaires est désormais garanti par l'Etat ; la généralisation des complémentaires santé a offert une meilleure couverture pour plus d'un million de personnes qui n'en avaient pas ; le tiers payant se met en place progressivement ; le déficit de la Sécu a été réduit sans le moindre déremboursement et nous venons de créer la prime d'activité pour les travailleurs modestes.",22992,,"[[191, 221, 'HasGroup'], [381, 432, 'HasGroup'], [601, 626, 'HasGroup']]"
"(REUTERS))

Polytechnicien, haut fonctionnaire, ancien membre du RPR : lorsqu’il arrive au Front national dans les années 1980, Bruno Mégret semble incarner le nouveau statut du parti, passé en quelques années de l’état groupusculaire à celui de force parlementaire.",22993,,"[[88, 105, 'HasGroup']]"
Les sénateurs ont entamé hier l'examen du projet de loi sur les OGM.,22996,,"[[2, 15, 'HasGroup']]"
Reconquérir l’électorat de droite ?,23003,,"[[12, 33, 'HasGroup']]"
"Le 7 février, à Paris, le conseil national de l’UMP était censé approuver les grandes lignes d’un programme d’alternance que portera la droite en 2017.",23004,,"[[46, 51, 'HasGroup'], [133, 142, 'HasGroup']]"
"Dont l'ensemble des poids lourds d'Europe Ecologie-Les Verts et pas moins de trois ex-candidats à la présidentielle: Dominique Voynet, Noël Mamère et José Bové.",23005,,"[[5, 60, 'HasGroup']]"
Elle montre un risque de troubles neuro-comportementaux précoces qui peut être multiplié par 10 pour un enfant dont la mère a pris ce médicament contre l’épilepsie pendant sa grossesse.,23007,,"[[101, 184, 'HasGroup']]"
"Ce jour-là, 5 000 manifestants demandaient dans les rues de Bayonne la création de ce fameux département.",23014,,"[[12, 30, 'HasGroup']]"
"«Au nom de mon expérience, je vous le dis : les hedge funds, les fonds de pension, les paradis fiscaux, les traders et les banquiers ne feront plus la loi !» a-t-elle clamé avec des accents mélenchonistes.",23016,,"[[119, 132, 'HasGroup'], [104, 115, 'HasGroup']]"
"Pour Valérie Rabault, ces mesures soutiennent les deux priorités du groupe socialiste : «Préserver le pouvoir d'achat notamment des personnes qui ont les revenus les moins élevés», d'une part; «protéger» la reprise de la croissance d'autre part, et donc éviter «via des coupes budgétaires qui pourraient être trop importantes, un effet récessif».",23018,,"[[65, 85, 'HasGroup'], [128, 178, 'HasGroup']]"
"La juge d'instruction Eva Joly a longtemps privilégié un financement politique, confortée par ce témoignage d'un banquier d'Ibsa, pilote de l'opération : «On m'a toujours dit qu'il s'agissait de fonds pour le RPR.» Avant de se rendre tardivement à l'évidence : «Il est évident que, dans la tête de M. Hersant, il fallait constituer un trésor de guerre», indique le parquet.",23019,,"[[206, 212, 'HasGroup']]"
"Aujourd'hui, comme hier, tout est possible chez les Verts.",23039,,"[[48, 57, 'HasGroup']]"
"Je suis assez surprise d'ailleurs de l'addition d'un certain nombre de votes.»

Malgré d’intenses négociations en coulisse, c’est une alliance de circonstance entre la droite et la composante radicale de gauche de la majorité sénatoriale qui a mis en minorité le gouvernement.",23041,,"[[165, 174, 'HasGroup'], [178, 237, 'HasGroup']]"
"Trente kilomètres au nord de Nouméa, une centaine d'indépendantistes avaient installé un barrage sur la principale route du territoire qui dessert l'aéroport international de la Tontouta.",23045,,"[[37, 68, 'HasGroup']]"
Medef.,23048,,"[[0, 5, 'HasGroup']]"
"Grâce à l'argent de ses bouquins, il a créé Seuil, une association qui, en coopération avec les juges, offre à des adolescents emprisonnés la possibilité de sortir de prison.",23051,,"[[92, 101, 'HasGroup'], [111, 138, 'HasGroup']]"
A noter que ce sont les directeurs d'école qui sont le plus victimes des parents.,23063,,"[[20, 42, 'HasGroup'], [69, 80, 'HasGroup']]"
"Après l'annus horribilis 2017 et une année 2018 vécue dans une indifférence quasi générale, le PS verrait-il le bout du tunnel à l'approche des européennes ?",23067,,"[[94, 99, 'HasGroup']]"
"Cet ancien de la rue, «né dans les poubelles», féru de moto et de culture celtique, a mis son terrain de deux hectares à disposition des SDF.",23073,,"[[133, 140, 'HasGroup']]"
"L’Union populaire a rassemblé deux fois plus d’électeurs que l’ensemble des autres composantes de la gauche, et cinq fois plus que chacune d’entre elles.»
Le chef de LFI assure pourtant garantir «à chacun l’existence d’un groupe à l’Assemblée nationale».",23087,,"[[0, 17, 'HasGroup'], [45, 56, 'HasGroup'], [166, 169, 'HasGroup'], [98, 107, 'HasGroup']]"
"Il est assez désolant de voir qu'une gauche, il y a quatre-vingts ans, a su se mettre d'accord sur le temps de travail et la création de conventions collectives au nom du «progrès» et que celle de 2016, dans un contexte inquiétant de montée de l'extrême droite en Europe, est incapable, au nom de ce même «progrès», pour des raisons de postures individuelles et de calculs politiques, de le faire sur la simple «hiérarchie des normes» et la démocratie sociale dans l'entreprise.",23088,,"[[33, 43, 'HasGroup'], [244, 260, 'HasGroup']]"
"Il ne se mouille pas parce qu'il est déjà trop mouillé», lâche, dégoûté, Hubert, 56 ans, encarté à la CGT.",23093,,"[[99, 105, 'HasGroup']]"
"A l'inverse de la plupart des responsables policiers, Christian Balle-Andui témoignera, ce lundi, devant la cour d'assises spéciale au procès d'Abdelkader Merah, le frère aîné de Mohammed, suspecté de l'avoir endoctriné.",23094,,"[[15, 52, 'HasGroup']]"
"«On ne se rend pas compte, même si les prix de nos médicaments sont faibles, pour beaucoup de patients c'est encore trop», poursuit Joël Siccardi, président d'HoméoFrance, qui fédère l'ensemble des associations de patients.",23103,,"[[82, 102, 'HasGroup']]"
"Je suis revenu en France pour y faire des opérations, j'ai essayé de m'allier avec des Français pour faire ces coups-là mais j'ai trouvé personne.»

Infiltrer la Légion

En juillet 2010, à Toulouse, Mohamed Merah passe une nuit avec les recrues de la Légion étrangère puis repart le matin, sans explication : «Je voulais m'engager à la Légion étrangère pour aller en Afghanistan et retourner mon arme contre les légionnaires et rejoindre les talibans.»

«Pendant un combat, j'aurais tué tous les militaires qui auraient été avec moi et j'aurais rejoint les talibans.",23112,,"[[408, 424, 'HasGroup'], [438, 450, 'HasGroup'], [553, 565, 'HasGroup']]"
"Elles n'ont pas les moyens de dire non à ce que tu leur imposes.» La galaxie de sa sexualité échappe aux valeurs qu'il défend par ailleurs, la solidarité, l'égalité entre hommes et femmes.",23115,,"[[171, 177, 'HasGroup'], [181, 187, 'HasGroup']]"
"Vers une «peine de probation»

Une loi sur la justice des mineurs sera «soumise au Parlement au cours de l'année 2013».",23116,,"[[54, 65, 'HasGroup']]"
"Particularité de 2017, cette fois, ce ne sont pas seulement les «petits partis» pour lesquels la possibilité de former un groupe parlementaire est un point d'interrogation : même le Parti socialiste pourrait ne pas avoir son propre groupe (du moins s'il ne s'allie pas à la poignée de députés écolos et radicaux de gauche qui devraient être élus dimanche 18).",23120,,"[[60, 79, 'HasGroup'], [179, 198, 'HasGroup']]"
"Mardi prochain, l'UDF devrait lui préférer Michel Mercier.",23123,,"[[16, 21, 'HasGroup']]"
"Au lendemain du drame de Charlie Hebdo, le gouvernement avait tenu un discours sur la nécessaire nouvelle organisation du Conseil français du culte musulman.",23126,,"[[119, 156, 'HasGroup']]"
"Le député-maire d'Evry (Essonne) s'étonne même qu'après le vote des militants sur la rénovation, «l'annonce principale soit le retour de responsables».",23133,,"[[64, 77, 'HasGroup']]"
"Première mesure d'urgence, «une baisse des charges dans les très petites entreprises, chez les artisans», propose Xavier Bertrand, prévoyant que «le contrat de génération ne marchera pas, hélas».",23135,,"[[56, 84, 'HasGroup'], [91, 103, 'HasGroup']]"
"Changer l’équation plombante : plainte égale x temps de prison ; épargner aux victimes la deuxième humiliation du classement, du non-lieu ou de l’acquittement ; éviter à la fois le piège délétère d’énièmes réformes de la prescription, du seuil de consentement ou pire encore, des règles de preuve, et la censure incompréhensible des victimes évoquant des faits prescrits.",23146,,"[[74, 86, 'HasGroup'], [329, 341, 'HasGroup']]"
"Victoire historique du PS à La Réunion, qui rafle 4 des 5 sièges en ballottage au second tour après en avoir gagné 1 au premier.",23147,,"[[20, 25, 'HasGroup']]"
"Tous les autres ont décliné : j’avais vraiment l’impression de dialoguer avec le PCUS, c’est dire.",23151,,"[[78, 85, 'HasGroup']]"
Il n’y a pas que les économistes de gauche à réfléchir au concept d’impôt juste.,23157,,"[[19, 44, 'HasGroup']]"
"«Il ne s'agit pas d'hostilité, il s'agit de cohérence, de confiance», assure Hollande, qui rêve d'un rendez-vous portant au-delà du parti : «Il faut que nous lancions un message aux Français pour qu'ils aillent voter à la primaire, c'est dans cette perspective que doit se dérouler La Rochelle.» Pour la maire de Lille, «on va débattre sur les différences que l'on peut avoir, ce qui ne remet pas en cause la fraternité.",23161,,"[[178, 190, 'HasGroup']]"
"«Je suis sans doute un sale con»
C’est dans ce contexte qu’elle se présente comme une militante au siège de l’UMP.",23162,,"[[108, 113, 'HasGroup']]"
"Celle qui est surnommée «la loi esclavagiste» permettra aux employeurs d’exiger de leurs employés jusqu’à 400 heures supplémentaires par an, payables jusqu’à trois ans plus tard.",23164,,"[[56, 70, 'HasGroup'], [83, 97, 'HasGroup']]"
"«Défaiseuse de rail»

Une touche de rose qui n'a pourtant jamais valu adhésion au PS, alors qu'elle est désormais membre de LREM, rappellera plus tard Libé dans un second portrait.",23166,,"[[79, 84, 'HasGroup'], [124, 128, 'HasGroup']]"
