category,hypothesis_label,label_short,direction,condition,reportable,n_pos_fr,n_pos_de,category_folder,accuracy,precision_binary,recall_binary,f1_binary,f1_macro,cohen_kappa,prevalence,roc_auc,pr_auc,n_sentences_x,n_pos_entail,precision_lo,precision_hi,recall_lo,recall_hi,f1_lo,f1_hi,src,tgt,n_sentences_y,n_pos_sentences,n_train_pos_label,min_both
Socio-economic,"capital owners, investors and shareholders","capital owners, investors",de2fr,pooled_cv,True,61,105,Socio-Economic Position,0.9962697274031564,0.913793103448276,0.8688524590163934,0.8907563025210085,0.9444293846570886,0.8888599962221475,0.0175035868005738,0.9816627087482762,0.9268928672493454,3485,61,0.8363500678426051,0.9800098039215686,0.7818181818181819,0.9500204918032786,0.8268685567010309,0.9459532112757918,de,fr,,,,61
Socio-economic,"capital owners, investors and shareholders","capital owners, investors",de2fr,within_matched,True,61,105,Socio-Economic Position,0.9965566714490676,0.9298245614035088,0.8688524590163934,0.8983050847457628,0.9482768856303244,0.8965558183023479,0.0175035868005738,0.9755151677646698,0.9064657735598028,3485,61,0.8571428571428571,0.9850746268656716,0.7818181818181819,0.9500204918032786,0.8363561847988078,0.9504950495049505,de,fr,2762.8,113.0,46.6,61
Socio-economic,"capital owners, investors and shareholders","capital owners, investors",de2fr,cross_matched,True,61,105,Socio-Economic Position,0.9948350071736012,0.8412698412698413,0.8688524590163934,0.8548387096774194,0.9261047185547482,0.8522101334891413,0.0175035868005738,0.9871591083192892,0.8392790685538376,3485,61,0.75,0.9230769230769232,0.7818181818181819,0.9500204918032786,0.7884350393700787,0.9160305343511452,de,fr,2764.0,113.0,66.4,61
Socio-economic,"capital owners, investors and shareholders","capital owners, investors",de2fr,cross_full,True,61,105,Socio-Economic Position,0.987374461979914,0.5913978494623656,0.9016393442622952,0.7142857142857143,0.8539151576123407,0.7081150636535298,0.0175035868005738,0.993885973647924,0.8946611264850053,3485,61,0.4838621056362992,0.6862863217576187,0.8166346153846153,0.9661016949152542,0.621828836797877,0.7857343499197431,de,fr,3749.0,178.0,105.0,61
Socio-economic,lower class,lower class,de2fr,pooled_cv,False,39,18,Socio-Economic Position,0.9928263988522238,0.7333333333333333,0.5641025641025641,0.6376811594202898,0.8170292480190856,0.6341207349081365,0.0111908177905308,0.9167596767712844,0.5323882613035473,3485,39,0.5714285714285714,0.8888888888888888,0.4146131202691337,0.725,0.4999999999999999,0.7576237054085156,de,fr,,,,18
Socio-economic,lower class,lower class,de2fr,within_matched,False,39,18,Socio-Economic Position,0.9913916786226684,0.6551724137931034,0.4871794871794871,0.5588235294117647,0.7772384815995363,0.5545718692217896,0.0111908177905308,0.9380701519413068,0.5612580840977118,3485,39,0.4827266922094508,0.8261490683229813,0.3333333333333333,0.6579246411483254,0.4074074074074074,0.6933333333333334,de,fr,2762.8,113.0,30.2,18
Socio-economic,lower class,lower class,de2fr,cross_matched,False,39,18,Socio-Economic Position,0.9893830703012912,0.5833333333333334,0.1794871794871795,0.2745098039215686,0.6345811051693404,0.2706689517474646,0.0111908177905308,0.8934401833415183,0.3910287688511096,3485,39,0.3,0.8571428571428571,0.0713870431893687,0.3111458333333333,0.1198846153846153,0.4363636363636364,de,fr,2764.0,113.0,11.4,18
Socio-economic,lower class,lower class,de2fr,cross_full,False,39,18,Socio-Economic Position,0.9888091822094692,0.5,0.4615384615384615,0.48,0.7371718636693256,0.4743528756569863,0.0111908177905308,0.9637037367739631,0.4357742486716022,3485,39,0.3331395348837209,0.6750367647058824,0.2999324324324324,0.6170369211514393,0.3264555822328931,0.6067415730337078,de,fr,3749.0,178.0,18.0,18
Socio-economic,middle class,middle class,de2fr,pooled_cv,False,16,8,Socio-Economic Position,0.998852223816356,0.875,0.875,0.875,0.9372117324877488,0.8744234649754973,0.0045911047345767,0.9929554626693572,0.8275647681815034,3485,16,0.6998913043478261,1.0,0.6837719298245615,1.0,0.7272727272727272,0.9743589743589745,de,fr,,,,8
Socio-economic,middle class,middle class,de2fr,within_matched,False,16,8,Socio-Economic Position,0.9985652797704448,0.8235294117647058,0.875,0.8484848484848485,0.923882037908274,0.8477647408287539,0.0045911047345767,0.9982703949264916,0.7614624193208752,3485,16,0.6426948051948053,1.0,0.6837719298245615,1.0,0.6956521739130435,0.967741935483871,de,fr,2762.8,113.0,12.0,8
Socio-economic,middle class,middle class,de2fr,cross_matched,False,16,8,Socio-Economic Position,0.9974175035868006,0.7692307692307693,0.625,0.6896551724137931,0.8441792646393991,0.688372462716967,0.0045911047345767,0.9801635918132028,0.7816873968111534,3485,16,0.5,1.0,0.375,0.8573051948051946,0.4444444444444445,0.8571428571428571,de,fr,2764.0,113.0,5.0,8
Socio-economic,middle class,middle class,de2fr,cross_full,False,16,8,Socio-Economic Position,0.9991391678622668,0.9333333333333332,0.875,0.9032258064516128,0.9513967337489366,0.9027939193900796,0.0045911047345767,0.9952976362063994,0.8864128507986266,3485,16,0.7777777777777778,1.0,0.6874177631578947,1.0,0.7692307692307692,1.0,de,fr,3749.0,178.0,8.0,8
Socio-economic,skilled or qualified,skilled or qualified,de2fr,pooled_cv,False,9,27,Socio-Economic Position,0.9971305595408896,0.0,0.0,0.0,0.4992816091954023,-0.0005167661920071,0.0025824964131994,0.8958573072497122,0.1470496762544339,3485,9,0.0,0.0,0.0,0.0,0.0,0.0,de,fr,,,,9
Socio-economic,skilled or qualified,skilled or qualified,de2fr,within_matched,False,9,27,Socio-Economic Position,0.9968436154949784,0.0,0.0,0.0,0.4992096565598505,-0.0009399723230372,0.0025824964131994,0.848165196266462,0.1629403051508623,3485,9,0.0,0.0,0.0,0.0,0.0,0.0,de,fr,2762.8,113.0,7.0,9
Socio-economic,skilled or qualified,skilled or qualified,de2fr,cross_matched,False,9,27,Socio-Economic Position,0.9951219512195122,0.2142857142857142,0.3333333333333333,0.2608695652173913,0.6292112328749977,0.258538477904459,0.0025824964131994,0.9180731364275668,0.2920734031866129,3485,9,0.0,0.4666666666666667,0.0,0.6666666666666666,0.0,0.5,de,fr,2764.0,113.0,18.0,9
Socio-economic,skilled or qualified,skilled or qualified,de2fr,cross_full,False,9,27,Socio-Economic Position,0.9974175035868006,0.5,0.4444444444444444,0.4705882352941176,0.7346469150007191,0.4692983198253836,0.0025824964131994,0.8082406341900014,0.3906376940616464,3485,9,0.1666666666666666,0.875,0.125,0.7777777777777778,0.1538461538461538,0.7368421052631577,de,fr,3749.0,178.0,27.0,9
Socio-economic,unskilled or unqualified,unskilled or unqualified,de2fr,pooled_cv,False,11,14,Socio-Economic Position,0.998852223816356,0.8888888888888888,0.7272727272727273,0.8,0.8997122302158274,0.7994302322235332,0.0031563845050215,0.915109645679594,0.7270032534050639,3485,11,0.6,1.0,0.4166666666666667,1.0,0.533157894736842,0.9565217391304348,de,fr,,,,11
Socio-economic,unskilled or unqualified,unskilled or unqualified,de2fr,within_matched,False,11,14,Socio-Economic Position,0.9977044476327116,0.6666666666666666,0.5454545454545454,0.6,0.7994244604316547,0.5988604644470663,0.0031563845050215,0.9343434343434344,0.6209316682979389,3485,11,0.2857142857142857,1.0,0.2,0.8571428571428571,0.25,0.8237745098039213,de,fr,2762.8,113.0,8.4,11
Socio-economic,unskilled or unqualified,unskilled or unqualified,de2fr,cross_matched,False,11,14,Socio-Economic Position,0.998852223816356,0.8888888888888888,0.7272727272727273,0.8,0.8997122302158274,0.7994302322235332,0.0031563845050215,0.8509708483801748,0.6637577424550352,3485,11,0.6,1.0,0.4166666666666667,1.0,0.533157894736842,0.9565217391304348,de,fr,2764.0,113.0,9.0,11
Socio-economic,unskilled or unqualified,unskilled or unqualified,de2fr,cross_full,False,11,14,Socio-Economic Position,0.9991391678622668,1.0,0.7272727272727273,0.8421052631578947,0.9208368352906436,0.8416844591832099,0.0031563845050215,0.901371225205422,0.7306083353443096,3485,11,1.0,1.0,0.4545454545454545,1.0,0.625,1.0,de,fr,3749.0,178.0,14.0,11
Socio-economic,upper class,upper class,de2fr,pooled_cv,False,20,11,Socio-Economic Position,0.9965566714490676,0.9,0.45,0.6,0.7991354466858789,0.5984637542006721,0.0057388809182209,0.9215295815295816,0.6228121222596886,3485,20,0.6666666666666666,1.0,0.2352941176470588,0.6820804195804193,0.3570378151260504,0.7857683982683983,de,fr,,,,11
Socio-economic,upper class,upper class,de2fr,within_matched,False,20,11,Socio-Economic Position,0.9959827833572452,0.8,0.4,0.5333333333333333,0.7656580211335254,0.5315410465674508,0.0057388809182209,0.8983982683982684,0.4482146742733793,3485,20,0.5,1.0,0.1764705882352941,0.6153846153846154,0.2727272727272727,0.7272727272727274,de,fr,2762.8,113.0,15.2,11
Socio-economic,upper class,upper class,de2fr,cross_matched,False,20,11,Socio-Economic Position,0.9948350071736012,1.0,0.1,0.1818181818181818,0.5896137541215262,0.18096357226792,0.0057388809182209,0.9556132756132756,0.4305816175180537,3485,20,0.0,1.0,0.0,0.25,0.0,0.4,de,fr,2764.0,113.0,6.6,11
Socio-economic,upper class,upper class,de2fr,cross_full,False,20,11,Socio-Economic Position,0.9951219512195122,0.7142857142857143,0.25,0.3703703703703703,0.683960930540219,0.3684911794489155,0.0057388809182209,0.963939393939394,0.4467778159159566,3485,20,0.3333333333333333,1.0,0.0625,0.45,0.1111111111111111,0.5925925925925926,de,fr,3749.0,178.0,11.0,11
Socio-economic,"capital owners, investors and shareholders","capital owners, investors",fr2de,pooled_cv,True,61,105,Socio-Economic Position,0.9914643905041344,0.8543689320388349,0.8380952380952381,0.8461538461538461,0.9208821356969504,0.8417646888132088,0.0280074686583088,0.9805237572526266,0.8521459844960775,3749,105,0.7830086136177195,0.9175384485381104,0.7618938401048493,0.9111181434599156,0.7891816816816817,0.8965594556981599,fr,de,,,,61
Socio-economic,"capital owners, investors and shareholders","capital owners, investors",fr2de,within_matched,True,61,105,Socio-Economic Position,0.9885302747399306,0.7980769230769231,0.7904761904761904,0.7942583732057417,0.8941795364450988,0.7883592118167102,0.0280074686583088,0.970032930845225,0.7658381058969337,3749,105,0.7155635648754916,0.8725534759358289,0.7130703904005409,0.8709884201819685,0.7303326199393614,0.8558471760797343,fr,de,2983.0,138.0,81.2,61
Socio-economic,"capital owners, investors and shareholders","capital owners, investors",fr2de,cross_matched,True,61,105,Socio-Economic Position,0.9887970125366764,0.8795180722891566,0.6952380952380952,0.776595744680851,0.8854250953226417,0.7709308652248676,0.0280074686583088,0.9162824734723746,0.7127266049648582,3749,105,0.8094984802431611,0.9467179487179488,0.6,0.7849487488694603,0.7051136363636364,0.841628891804843,fr,de,2983.0,138.0,57.0,61
Socio-economic,"capital owners, investors and shareholders","capital owners, investors",fr2de,cross_full,True,61,105,Socio-Economic Position,0.9869298479594558,0.8783783783783784,0.6190476190476191,0.7262569832402235,0.859781039782429,0.7197676387539262,0.0280074686583088,0.9412576446604988,0.7532790282265996,3749,105,0.8,0.945659518213866,0.5272629521016617,0.702978457186378,0.6466781626620177,0.7894736842105263,fr,de,3485.0,148.0,61.0,61
Socio-economic,lower class,lower class,fr2de,pooled_cv,False,39,18,Socio-Economic Position,0.9965324086423046,0.7777777777777778,0.3888888888888889,0.5185185185185185,0.7583892284735545,0.516972417962517,0.0048012803414243,0.9758628904970368,0.5392587031162817,3749,18,0.444047619047619,1.0,0.1428571428571428,0.6297979797979797,0.2222222222222222,0.7369395711500973,fr,de,,,,18
Socio-economic,lower class,lower class,fr2de,within_matched,False,39,18,Socio-Economic Position,0.9954654574553214,0.5714285714285714,0.2222222222222222,0.32,0.6588625719255988,0.3181667433376484,0.0048012803414243,0.950772804431341,0.3797042908586283,3749,18,0.1666666666666666,1.0,0.0555555555555555,0.4118872549019606,0.0868659420289855,0.5263157894736842,fr,de,2983.0,138.0,14.0,18
Socio-economic,lower class,lower class,fr2de,cross_matched,False,39,18,Socio-Economic Position,0.994665244065084,0.4166666666666667,0.2777777777777778,0.3333333333333333,0.6653276200678451,0.3307627769149752,0.0048012803414243,0.9428660770124184,0.2987719968180704,3749,18,0.133125,0.7,0.0769230769230769,0.481944444444444,0.1,0.5384615384615384,fr,de,2983.0,138.0,36.6,18
Socio-economic,lower class,lower class,fr2de,cross_full,False,39,18,Socio-Economic Position,0.9951987196585756,0.0,0.0,0.0,0.4987967914438502,0.0,0.0048012803414243,0.6754816998719437,0.0085934777896483,3749,18,0.0,0.0,0.0,0.0,0.0,0.0,fr,de,3485.0,148.0,39.0,18
Socio-economic,middle class,middle class,fr2de,pooled_cv,False,16,8,Socio-Economic Position,0.998666311016271,1.0,0.375,0.5454545454545454,0.7723933606129412,0.5449248622271856,0.0021339023739663,0.8813819834268913,0.6224441105233439,3749,8,0.0,1.0,0.0,0.75,0.0,0.8571428571428571,fr,de,,,,8
Socio-economic,middle class,middle class,fr2de,within_matched,False,16,8,Socio-Economic Position,0.9981328354227794,0.5555555555555556,0.625,0.5882352941176471,0.7936497951673651,0.5873028353960591,0.0021339023739663,0.999031007751938,0.6992063492063492,3749,8,0.2,0.875,0.25,1.0,0.2219298245614035,0.8333333333333333,fr,de,2983.0,138.0,6.4,8
Socio-economic,middle class,middle class,fr2de,cross_matched,False,16,8,Socio-Economic Position,0.9981328354227794,0.5714285714285714,0.5,0.5333333333333333,0.7661989398191456,0.5324020455071896,0.0021339023739663,0.9894079123229084,0.5426183595760518,3749,8,0.0,1.0,0.0,0.8571428571428571,0.0,0.8004545454545452,fr,de,2983.0,138.0,15.0,8
Socio-economic,middle class,middle class,fr2de,cross_full,False,16,8,Socio-Economic Position,0.9951987196585756,0.2222222222222222,0.5,0.3076923076923077,0.6526416570581453,0.3056407301463174,0.0021339023739663,0.8553528468323979,0.2413029701638708,3749,8,0.05,0.4444444444444444,0.1424107142857143,0.8571428571428571,0.0768518518518518,0.5294117647058824,fr,de,3485.0,148.0,16.0,8
Socio-economic,skilled or qualified,skilled or qualified,fr2de,pooled_cv,False,9,27,Socio-Economic Position,0.9970658842357962,0.9444444444444444,0.6296296296296297,0.7555555555555555,0.8770398199084635,0.7541390185592579,0.0072019205121365,0.9667940374549724,0.717581019258359,3749,27,0.8333333333333334,1.0,0.4482758620689655,0.8095982142857142,0.6,0.8772143774069319,fr,de,,,,9
Socio-economic,skilled or qualified,skilled or qualified,fr2de,within_matched,False,9,27,Socio-Economic Position,0.995998933048813,0.7727272727272727,0.6296296296296297,0.6938775510204082,0.8459319289536193,0.6918849616191723,0.0072019205121365,0.9439568531454612,0.7182146805994907,3749,27,0.6,0.95,0.44,0.8260869565217391,0.5365853658536585,0.8308333333333332,fr,de,2983.0,138.0,20.8,9
Socio-economic,skilled or qualified,skilled or qualified,fr2de,cross_matched,False,9,27,Socio-Economic Position,0.9930648172846092,0.6,0.1111111111111111,0.1875,0.5920087731047414,0.1856672626109041,0.0072019205121365,0.964246621688857,0.3502960213431053,3749,27,0.0,1.0,0.0,0.25,0.0,0.3846153846153846,fr,de,2983.0,138.0,8.0,9
Socio-economic,skilled or qualified,skilled or qualified,fr2de,cross_full,False,9,27,Socio-Economic Position,0.9927980794878636,0.0,0.0,0.0,0.4981930129835363,0.0,0.0072019205121365,0.5792584631918324,0.0122001852582785,3749,27,0.0,0.0,0.0,0.0,0.0,0.0,fr,de,3485.0,148.0,9.0,9
Socio-economic,unskilled or unqualified,unskilled or unqualified,fr2de,pooled_cv,False,11,14,Socio-Economic Position,0.998666311016271,1.0,0.6428571428571429,0.782608695652174,0.8909698996655518,0.7819715033439953,0.0037343291544411,0.958768406961178,0.735251923078344,3749,14,1.0,1.0,0.384375,0.9,0.5553030303030303,0.9473684210526316,fr,de,,,,11
Socio-economic,unskilled or unqualified,unskilled or unqualified,fr2de,within_matched,False,11,14,Socio-Economic Position,0.9970658842357962,0.6666666666666666,0.4285714285714285,0.5217391304347826,0.760133779264214,0.5203373073567897,0.0037343291544411,0.9253585771658062,0.5635206960774253,3749,14,0.3333333333333333,1.0,0.1666666666666666,0.7142857142857143,0.2352941176470588,0.75,fr,de,2983.0,138.0,11.0,11
Socio-economic,unskilled or unqualified,unskilled or unqualified,fr2de,cross_matched,False,11,14,Socio-Economic Position,0.997332622032542,0.6666666666666666,0.5714285714285714,0.6153846153846154,0.8070231428100807,0.6140542321233708,0.0037343291544411,0.9188563778925224,0.6012456276273986,3749,14,0.375,0.9168269230769228,0.3076923076923077,0.8422064777327933,0.3529411764705882,0.8125578703703703,fr,de,2983.0,138.0,10.0,11
Socio-economic,unskilled or unqualified,unskilled or unqualified,fr2de,cross_full,False,11,14,Socio-Economic Position,0.9975993598292878,1.0,0.3571428571428571,0.5263157894736842,0.7625562100196339,0.5253829598683377,0.0037343291544411,0.7533754063874546,0.3658715878699382,3749,14,1.0,1.0,0.0997727272727272,0.625,0.1814393939393939,0.7692307692307693,fr,de,3485.0,148.0,11.0,11
Socio-economic,upper class,upper class,fr2de,pooled_cv,False,20,11,Socio-Economic Position,0.995998933048813,0.1666666666666666,0.0909090909090909,0.1176470588235294,0.5578209896443539,0.1158157890599204,0.0029341157642037,0.903521572060898,0.2010067864763407,3749,11,0.0,0.5,0.0,0.3076923076923077,0.0,0.3529411764705882,fr,de,,,,11
Socio-economic,upper class,upper class,fr2de,within_matched,False,20,11,Socio-Economic Position,0.9975993598292878,1.0,0.1818181818181818,0.3076923076923077,0.6532449514413443,0.3070667241697984,0.0029341157642037,0.8705676346125785,0.3084327905504968,3749,11,0.0,1.0,0.0,0.4444444444444444,0.0,0.6153846153846153,fr,de,2983.0,138.0,8.6,11
Socio-economic,upper class,upper class,fr2de,cross_matched,False,20,11,Socio-Economic Position,0.9967991464390504,0.4285714285714285,0.2727272727272727,0.3333333333333333,0.6658645276292335,0.3318084600760456,0.0029341157642037,0.9562721922272484,0.2621712026764968,3749,11,0.0,0.8339285714285709,0.0,0.5833333333333334,0.0,0.6002173913043476,fr,de,2983.0,138.0,19.0,11
Socio-economic,upper class,upper class,fr2de,cross_full,False,20,11,Socio-Economic Position,0.9970658842357962,0.0,0.0,0.0,0.4992653933484707,0.0,0.0029341157642037,0.7104187946884576,0.0980086765443548,3749,11,0.0,0.0,0.0,0.0,0.0,0.0,fr,de,3485.0,148.0,20.0,11
Profession,athletes,athletes,de2fr,pooled_cv,True,139,228,Profession,0.9824964131994262,0.7954545454545454,0.7553956834532374,0.7749077490774908,0.8829009561927237,0.7658082334239247,0.0398852223816355,0.977911991984416,0.8533401693969355,3485,139,0.7217951127819549,0.8620821268754935,0.6834502398081534,0.8250043706293706,0.7202919301594878,0.8267920173771381,de,fr,,,,139
Profession,athletes,athletes,de2fr,within_matched,True,139,228,Profession,0.981922525107604,0.7835820895522388,0.7553956834532374,0.7692307692307693,0.8799117859891341,0.7598268561170832,0.0398852223816355,0.956314207450537,0.7800977916806473,3485,139,0.7182910439737663,0.8456023755656108,0.6817795299938156,0.825189393939394,0.7107303086523865,0.8196803278688524,de,fr,2770.8,1008.0,109.0,139
Profession,athletes,athletes,de2fr,cross_matched,True,139,228,Profession,0.9773314203730272,0.7272727272727273,0.6906474820143885,0.7084870848708487,0.8483471399872977,0.6967024662375418,0.0398852223816355,0.969444886410059,0.7525462837931826,3485,139,0.6521486349848332,0.8,0.6090053258145364,0.7656402191558441,0.6439328631138976,0.7666666666666666,de,fr,2772.0,1008.0,152.0,139
Profession,athletes,athletes,de2fr,cross_full,True,139,228,Profession,0.9773314203730272,0.7083333333333334,0.7338129496402878,0.7208480565371025,0.8545170445688354,0.7090379329185614,0.0398852223816355,0.9769659466688456,0.7950101153459201,3485,139,0.632258064516129,0.7784647945488333,0.6616482150257533,0.80556592039801,0.6605315426085311,0.7761220123160422,de,fr,3749.0,1501.0,228.0,139
Profession,authors and artists,authors and artists,de2fr,pooled_cv,True,92,86,Profession,0.9870875179340028,0.7701149425287356,0.7282608695652174,0.7486033519553073,0.870988467319135,0.7419822410732354,0.0263988522238163,0.9851036020451313,0.7301080133372149,3485,92,0.6831622796425985,0.8539325842696629,0.6333333333333333,0.813360824742268,0.6746852578854745,0.8160978184377198,de,fr,,,,86
Profession,authors and artists,authors and artists,de2fr,within_matched,True,92,86,Profession,0.9865136298421808,0.7419354838709677,0.75,0.745945945945946,0.869509450496923,0.7390191089094713,0.0263988522238163,0.9595650892502466,0.6953859302392237,3485,92,0.648928982173663,0.8280475382003395,0.6555459770114943,0.8314636309875814,0.6736842105263158,0.8095559845559845,de,fr,2770.8,1008.0,72.6,86
Profession,authors and artists,authors and artists,de2fr,cross_matched,True,92,86,Profession,0.9850789096126256,0.7325581395348837,0.6847826086956522,0.7078651685393258,0.8501045512896864,0.7002180292668725,0.0263988522238163,0.95516985097195,0.7435818261051587,3485,92,0.6352654232424677,0.8193007987004196,0.5930232558139535,0.7789473684210526,0.6303030303030304,0.7772314801848481,de,fr,2772.0,1008.0,58.0,86
Profession,authors and artists,authors and artists,de2fr,cross_full,True,92,86,Profession,0.987374461979914,0.7926829268292683,0.7065217391304348,0.7471264367816092,0.8703260200388329,0.7406739703231174,0.0263988522238163,0.9914946372967364,0.798072339627068,3485,92,0.7,0.8765474378488077,0.614429718875502,0.8041355610854367,0.6719883211678833,0.8210577167556573,de,fr,3749.0,1501.0,86.0,86
Profession,doctors,doctors,de2fr,pooled_cv,False,17,51,Profession,0.998852223816356,0.9333333333333332,0.8235294117647058,0.875,0.9372117324877488,0.8744257274119449,0.0048780487804878,0.9989992536807112,0.923602705638502,3485,17,0.7692307692307693,1.0,0.625,1.0,0.7271464646464647,0.9714285714285714,de,fr,,,,17
Profession,doctors,doctors,de2fr,within_matched,False,17,51,Profession,0.9985652797704448,0.875,0.8235294117647058,0.8484848484848485,0.923882037908274,0.8477647408287539,0.0048780487804878,0.9997286111676504,0.959528386518006,3485,17,0.6842105263157895,1.0,0.6428571428571429,1.0,0.6955685618729097,0.9565217391304348,de,fr,2770.8,1008.0,13.6,17
Profession,doctors,doctors,de2fr,cross_matched,False,17,51,Profession,0.9968436154949784,0.625,0.8823529411764706,0.7317073170731707,0.8650598932024823,0.7301663276295322,0.0048780487804878,0.9979815455594002,0.6610782201379634,3485,17,0.4347826086956521,0.8095238095238095,0.7058823529411765,1.0,0.5640000000000001,0.8648648648648648,de,fr,2772.0,1008.0,33.8,17
Profession,doctors,doctors,de2fr,cross_full,False,17,51,Profession,0.9977044476327116,0.7368421052631579,0.8235294117647058,0.7777777777777778,0.8883120212800051,0.7766276219013892,0.0048780487804878,0.999117986294864,0.8993335735023715,3485,17,0.5,0.928690476190476,0.6153846153846154,1.0,0.592483660130719,0.9142857142857144,de,fr,3749.0,1501.0,51.0,17
Profession,farmers and fishermen,farmers and fishermen,de2fr,pooled_cv,False,37,36,Profession,0.9965566714490676,0.8571428571428571,0.8108108108108109,0.8333333333333334,0.9157968493283076,0.8315950549671808,0.0106169296987087,0.9534003260801404,0.8409469581813263,3485,37,0.7333333333333333,0.9655172413793104,0.6799642857142858,0.9286525974025972,0.7213114754098361,0.9176567020250724,de,fr,,,,36
Profession,farmers and fishermen,farmers and fishermen,de2fr,within_matched,False,37,36,Profession,0.9948350071736012,0.7567567567567568,0.7567567567567568,0.7567567567567568,0.8770732739700258,0.7541465479400514,0.0106169296987087,0.9865256788110616,0.8076660152839464,3485,37,0.6152777777777778,0.8889880952380951,0.6136180351906159,0.8975,0.631578947368421,0.8571428571428571,de,fr,2770.8,1008.0,29.0,36
Profession,farmers and fishermen,farmers and fishermen,de2fr,cross_matched,False,37,36,Profession,0.9951219512195122,0.8125,0.7027027027027027,0.7536231884057971,0.8755798886529782,0.7511728413209743,0.0106169296987087,0.9963943061390856,0.8263040207508601,3485,37,0.6666666666666666,0.9333333333333332,0.5428571428571428,0.8461538461538461,0.6274363476733977,0.8571428571428572,de,fr,2772.0,1008.0,24.0,36
Profession,farmers and fishermen,farmers and fishermen,de2fr,cross_full,False,37,36,Profession,0.994261119081779,0.8695652173913043,0.5405405405405406,0.6666666666666666,0.831886155330439,0.6639311854501972,0.0106169296987087,0.992200727409544,0.7978484372581397,3485,37,0.7142857142857143,1.0,0.3823179271708683,0.7096774193548387,0.5116279069767441,0.7931171319102354,de,fr,3749.0,1501.0,36.0,36
Profession,health and care professionals,health and care professionals,de2fr,pooled_cv,False,14,20,Profession,0.9962697274031564,0.5714285714285714,0.2857142857142857,0.3809523809523809,0.68954080408966,0.3792900300045212,0.0040172166427546,0.8711775116269498,0.3911877422391226,3485,14,0.1246527777777777,1.0,0.0586029411764706,0.5714285714285714,0.0833333333333333,0.6666666666666665,de,fr,,,,14
Profession,health and care professionals,health and care professionals,de2fr,within_matched,False,14,20,Profession,0.9956958393113344,0.4444444444444444,0.2857142857142857,0.3478260869565217,0.6728334407720568,0.3457692452098169,0.0040172166427546,0.9871794871794872,0.4245765838252805,3485,14,0.1428571428571428,0.8,0.0769230769230769,0.5714285714285714,0.1,0.5926426426426427,de,fr,2770.8,1008.0,11.2,14
Profession,health and care professionals,health and care professionals,de2fr,cross_matched,False,14,20,Profession,0.9951219512195122,0.2857142857142857,0.1428571428571428,0.1904761904761904,0.5940148976557093,0.1883023469289894,0.0040172166427546,0.8716919784335514,0.1947009668739824,3485,14,0.0,0.6666666666666666,0.0,0.375,0.0,0.4285714285714285,de,fr,2772.0,1008.0,13.0,14
Profession,health and care professionals,health and care professionals,de2fr,cross_full,False,14,20,Profession,0.993974175035868,0.2307692307692307,0.2142857142857142,0.2222222222222222,0.6095987965496823,0.2192017582229998,0.0040172166427546,0.963616907437132,0.2918281926113136,3485,14,0.0,0.5,0.0,0.4547202797202795,0.0,0.4242746615087039,de,fr,3749.0,1501.0,20.0,14
Profession,journalists,journalists,de2fr,pooled_cv,False,18,23,Profession,0.9982783357245336,0.875,0.7777777777777778,0.8235294117647058,0.9113321799307958,0.8226673677425921,0.0051649928263988,0.9309201038361696,0.8504633978628338,3485,18,0.6470588235294118,1.0,0.5714285714285714,0.9473684210526316,0.6426948051948052,0.9473684210526316,de,fr,,,,18
Profession,journalists,journalists,de2fr,within_matched,False,18,23,Profession,0.9985652797704448,0.9333333333333332,0.7777777777777778,0.8484848484848485,0.923882037908274,0.8477700607172498,0.0051649928263988,0.9256962471557222,0.8181163021319097,3485,18,0.7495833333333334,1.0,0.5555555555555556,0.954681818181818,0.6666666666666666,0.9655728587319244,de,fr,2770.8,1008.0,14.4,18
Profession,journalists,journalists,de2fr,cross_matched,False,18,23,Profession,0.9982783357245336,0.875,0.7777777777777778,0.8235294117647058,0.9113321799307958,0.8226673677425921,0.0051649928263988,0.945950709867641,0.8214802098281904,3485,18,0.6470588235294118,1.0,0.5714285714285714,0.9473684210526316,0.6426948051948052,0.9473684210526316,de,fr,2772.0,1008.0,15.0,18
Profession,journalists,journalists,de2fr,cross_full,False,18,23,Profession,0.9985652797704448,0.8823529411764706,0.8333333333333334,0.8571428571428571,0.9282109383046656,0.8564224681327917,0.0051649928263988,0.9811556581097972,0.8718485198993227,3485,18,0.6874177631578947,1.0,0.6470588235294118,1.0,0.7058028616852147,0.972972972972973,de,fr,3749.0,1501.0,23.0,18
Profession,legal professionals,legal professionals,de2fr,pooled_cv,False,18,31,Profession,0.9965566714490676,0.65,0.7222222222222222,0.6842105263157895,0.8412397120903818,0.6824842456912915,0.0051649928263988,0.9435310707303785,0.4819070074754006,3485,18,0.4210526315789473,0.85,0.5,0.9230769230769232,0.4848484848484848,0.8333333333333333,de,fr,,,,18
Profession,legal professionals,legal professionals,de2fr,within_matched,False,18,31,Profession,0.9954088952654232,0.5625,0.5,0.5294117647058824,0.7635524798154556,0.5271129806469121,0.0051649928263988,0.9730634874851776,0.4847072302437457,3485,18,0.3,0.8125,0.262828947368421,0.7272727272727273,0.2777777777777778,0.7111904761904762,de,fr,2770.8,1008.0,14.2,18
Profession,legal professionals,legal professionals,de2fr,cross_matched,False,18,31,Profession,0.9956958393113344,0.5789473684210527,0.6111111111111112,0.5945945945945946,0.7962155145192791,0.5924326178651345,0.0051649928263988,0.8875588885684069,0.5990848622329896,3485,18,0.3333333333333333,0.8,0.3747159090909091,0.8334999999999999,0.3636363636363637,0.761904761904762,de,fr,2772.0,1008.0,21.0,18
Profession,legal professionals,legal professionals,de2fr,cross_full,False,18,31,Profession,0.993974175035868,0.44,0.6111111111111112,0.5116279069767442,0.7542981457794071,0.5086771172501763,0.0051649928263988,0.9944877095151108,0.6315257387077563,3485,18,0.2399523809523809,0.6429147465437788,0.375,0.8334999999999999,0.3029545454545455,0.681877990430622,de,fr,3749.0,1501.0,31.0,18
Profession,other professions,other professions,de2fr,pooled_cv,True,130,187,Profession,0.9733142037302726,0.6868686868686869,0.5230769230769231,0.5938864628820961,0.7900451451037094,0.5803515359466547,0.0373027259684361,0.9314226756849708,0.6153442365423425,3485,130,0.5925627240143369,0.776598326791985,0.4384504132231405,0.6025735294117647,0.5164309628261372,0.6614800957797067,de,fr,,,,130
Profession,other professions,other professions,de2fr,within_matched,True,130,187,Profession,0.9701578192252512,0.6203703703703703,0.5153846153846153,0.5630252100840336,0.7737883032000679,0.5477132339177637,0.0373027259684361,0.9148022469333944,0.5546292760709549,3485,130,0.5208333333333334,0.7155172413793104,0.4210305174701459,0.6029502916869227,0.475769855865874,0.6352061618638872,de,fr,2770.8,1008.0,102.4,130
Profession,other professions,other professions,de2fr,cross_matched,True,130,187,Profession,0.9641319942611192,0.5257731958762887,0.3923076923076923,0.4493392070484581,0.7154007321020135,0.4312061367716664,0.0373027259684361,0.897908976269632,0.4511098322194674,3485,130,0.4226689576174112,0.6235661764705882,0.3043478260869565,0.4804052537045352,0.3643875192604006,0.5259068987209059,de,fr,2772.0,1008.0,126.8,130
Profession,other professions,other professions,de2fr,cross_full,True,130,187,Profession,0.963845050215208,0.5208333333333334,0.3846153846153846,0.4424778761061947,0.7118973010424212,0.4242312987608995,0.0373027259684361,0.9239321334403302,0.4650533940291346,3485,130,0.4210101867572156,0.6226637069922308,0.2975206611570248,0.4647918211020509,0.3563883888388839,0.5190913663530387,de,fr,3749.0,1501.0,187.0,130
Profession,politicians and high-ranking officials,"politicians, high officials",de2fr,pooled_cv,True,613,671,Profession,0.9586800573888092,0.8764044943820225,0.8907014681892332,0.883495145631068,0.9291908933596568,0.8583837849095088,0.175896700143472,0.9823937141870428,0.9160783345658398,3485,613,0.8500761876022858,0.9023599632690542,0.8663366336633663,0.9138575797231592,0.8642167593578669,0.9028773652013088,de,fr,,,,613
Profession,politicians and high-ranking officials,"politicians, high officials",de2fr,within_matched,True,613,671,Profession,0.9500717360114778,0.8456692913385827,0.8760195758564437,0.8605769230769231,0.9150839875783078,0.8301794850970519,0.175896700143472,0.9669796584676486,0.8927069784161807,3485,613,0.8155336252114458,0.8743807565465319,0.8491439480365162,0.9018729742300258,0.8392704936187764,0.8815404984423677,de,fr,2770.8,1008.0,483.4,613
Profession,politicians and high-ranking officials,"politicians, high officials",de2fr,cross_matched,True,613,671,Profession,0.933428981348637,0.8138385502471169,0.8058727569331158,0.8098360655737705,0.8847441197434069,0.7694894224348956,0.175896700143472,0.9577750753179712,0.8171413629380148,3485,613,0.7840122833093958,0.843550742711451,0.7747072265255004,0.8357993106498498,0.7853492333901193,0.8340958679173133,de,fr,2772.0,1008.0,449.6,613
Profession,politicians and high-ranking officials,"politicians, high officials",de2fr,cross_full,True,613,671,Profession,0.9400286944045912,0.8136645962732919,0.8548123980424144,0.8337311058074781,0.8985739372902259,0.7971750167984694,0.175896700143472,0.9723044572789196,0.8667212229471939,3485,613,0.784821772940968,0.8420413421107051,0.8242875299987369,0.8821627677216752,0.8115905431122824,0.854832660043576,de,fr,3749.0,1501.0,671.0,613
Profession,scientists and professors,scientists and professors,de2fr,pooled_cv,False,38,45,Profession,0.9925394548063128,0.6363636363636364,0.7368421052631579,0.6829268292682927,0.8395760743321719,0.6791725974237499,0.0109038737446198,0.9573236834470858,0.680728333974866,3485,38,0.4997549019607843,0.7674865831842576,0.5897058823529412,0.8684847198641765,0.5671641791044776,0.7878933566433567,de,fr,,,,38
Profession,scientists and professors,scientists and professors,de2fr,within_matched,False,38,45,Profession,0.9911047345767576,0.5714285714285714,0.7368421052631579,0.6436781609195402,0.8195871554270808,0.6392472059064149,0.0109038737446198,0.9897393614584764,0.6571377646972777,3485,38,0.4363519813519813,0.7083522727272727,0.5853150406504065,0.8709884201819685,0.5205342465753424,0.7527021365731044,de,fr,2770.8,1008.0,30.0,38
Profession,scientists and professors,scientists and professors,de2fr,cross_matched,False,38,45,Profession,0.9931133428981348,0.6590909090909091,0.7631578947368421,0.7073170731707317,0.8519163763066202,0.7038516283911538,0.0109038737446198,0.974043027499122,0.663327898831409,3485,38,0.5227272727272727,0.7948717948717948,0.6153225806451613,0.8888888888888888,0.5881960784313724,0.8101436879917893,de,fr,2772.0,1008.0,30.6,38
Profession,scientists and professors,scientists and professors,de2fr,cross_full,False,38,45,Profession,0.993400286944046,0.7142857142857143,0.6578947368421053,0.684931506849315,0.8407983618051128,0.6816024151423067,0.0109038737446198,0.9876857068694364,0.6703187499402101,3485,38,0.5681818181818182,0.8571428571428571,0.5110992907801418,0.8125,0.5526088929219601,0.8,de,fr,3749.0,1501.0,45.0,38
Profession,security forces,security forces,de2fr,pooled_cv,True,119,119,Profession,0.9859397417503588,0.8125,0.7647058823529411,0.7878787878787878,0.8903038397028603,0.7806145849258523,0.0341463414634146,0.981395766862895,0.8248180799045178,3485,119,0.7339431044687778,0.8760369933097205,0.6813973376961403,0.8392857142857143,0.7191873281985685,0.8436229594523433,de,fr,,,,119
Profession,security forces,security forces,de2fr,within_matched,True,119,119,Profession,0.9845050215208034,0.7407407407407407,0.8403361344537815,0.7874015748031497,0.8896805372526766,0.779394180948585,0.0341463414634146,0.951294956485268,0.7529947518041784,3485,119,0.6639983606557377,0.8114892764698631,0.7698260073260074,0.906282825630252,0.726528781916354,0.8425013683634375,de,fr,2770.8,1008.0,94.0,119
Profession,security forces,security forces,de2fr,cross_matched,True,119,119,Profession,0.9790530846484936,0.7674418604651163,0.5546218487394958,0.6439024390243903,0.8165558019216557,0.6333994757600254,0.0341463414634146,0.9631110911387728,0.7022082572182117,3485,119,0.6732164654821647,0.8500337837837837,0.4594215711038141,0.6484375,0.5591147786946736,0.7227780876679218,de,fr,2772.0,1008.0,80.4,119
Profession,security forces,security forces,de2fr,cross_full,True,119,119,Profession,0.9847919655667144,0.7704918032786885,0.7899159663865546,0.7800829875518672,0.8861033157405643,0.7722078956747804,0.0341463414634146,0.9888005112918608,0.8490250220025225,3485,119,0.6964198179271709,0.8443095838587642,0.7105050933786078,0.857172619047619,0.7169578383414861,0.8333487084870849,de,fr,3749.0,1501.0,119.0,119
Profession,sex workers,sex workers,de2fr,pooled_cv,False,16,11,Profession,0.999426111908178,0.8888888888888888,1.0,0.9411764705882352,0.970444059976932,0.940889122580864,0.0045911047345767,0.9999459498414528,0.9891493055555556,3485,16,0.7140756302521009,1.0,1.0,1.0,0.8331896551724137,1.0,de,fr,,,,11
Profession,sex workers,sex workers,de2fr,within_matched,False,16,11,Profession,0.9991391678622668,0.8421052631578947,1.0,0.9142857142857144,0.9569265629827994,0.9138563200870088,0.0045911047345767,1.0,1.0,3485,16,0.6666666666666666,1.0,1.0,1.0,0.8,1.0,de,fr,2770.8,1008.0,12.8,11
Profession,sex workers,sex workers,de2fr,cross_matched,False,16,11,Profession,0.9968436154949784,0.7777777777777778,0.4375,0.56,0.7792080633549316,0.5585407142116839,0.0045911047345767,0.9566878062842318,0.688756138123043,3485,16,0.4285714285714285,1.0,0.1666666666666666,0.6875,0.2608695652173912,0.7693181818181818,de,fr,2772.0,1008.0,7.0,11
Profession,sex workers,sex workers,de2fr,cross_full,False,16,11,Profession,0.9977044476327116,0.9,0.5625,0.6923076923076923,0.8455778092874867,0.6912171890574814,0.0045911047345767,0.9993513980974345,0.8835861866092845,3485,16,0.6666666666666666,1.0,0.3125,0.8333333333333334,0.4615384615384615,0.88,de,fr,3749.0,1501.0,11.0,11
Profession,soldiers,soldiers,de2fr,pooled_cv,False,42,35,Profession,0.9931133428981348,0.7045454545454546,0.7380952380952381,0.7209302325581395,0.8587219437049849,0.7174457964825988,0.0120516499282639,0.994937969378864,0.7076311204886555,3485,42,0.5609756097560976,0.8292682926829268,0.6,0.860544397463002,0.5999425287356321,0.8193431259283709,de,fr,,,,35
Profession,soldiers,soldiers,de2fr,within_matched,False,42,35,Profession,0.99454806312769,0.7555555555555555,0.8095238095238095,0.7816091954022989,0.8894243855843399,0.7788520949184243,0.0120516499282639,0.9832233793895137,0.8567043723993178,3485,42,0.6222072072072072,0.872406914893617,0.6851608187134504,0.9210655314757482,0.6803512143980429,0.8687088274044795,de,fr,2770.8,1008.0,33.0,35
Profession,soldiers,soldiers,de2fr,cross_matched,False,42,35,Profession,0.9928263988522238,0.717948717948718,0.6666666666666666,0.691358024691358,0.8438645254825639,0.6877340874308714,0.0120516499282639,0.9838319295188306,0.7722898387482567,3485,42,0.5713474025974026,0.8571428571428571,0.5121809415768577,0.8181818181818182,0.5678928928928929,0.8035970853858784,de,fr,2772.0,1008.0,23.8,35
Profession,soldiers,soldiers,de2fr,cross_full,False,42,35,Profession,0.9922525107604018,0.631578947368421,0.8571428571428571,0.7272727272727273,0.8616715841282863,0.7234346480438061,0.0120516499282639,0.9962034770341478,0.8113900792192298,3485,42,0.5,0.7548145738451528,0.7441860465116279,0.950030487804878,0.615340909090909,0.8190476190476189,de,fr,3749.0,1501.0,35.0,35
Profession,teachers and educators,teachers and educators,de2fr,pooled_cv,False,30,32,Profession,0.9948350071736012,0.7307692307692307,0.6333333333333333,0.6785714285714286,0.83798400760362,0.6759814049586776,0.0086083213773314,0.9675253256150508,0.645585073380566,3485,30,0.5454545454545454,0.8929041353383459,0.4570779220779221,0.8,0.5237577639751553,0.8070175438596492,de,fr,,,,30
Profession,teachers and educators,teachers and educators,de2fr,within_matched,False,30,32,Profession,0.9948350071736012,0.7,0.7,0.7,0.848697539797395,0.6973950795947902,0.0086083213773314,0.9534780511336228,0.7424371078580226,3485,30,0.53125,0.8710685483870967,0.5277412280701754,0.8518790849673202,0.5555555555555556,0.8235760971055089,de,fr,2770.8,1008.0,23.6,30
Profession,teachers and educators,teachers and educators,de2fr,cross_matched,False,30,32,Profession,0.9948350071736012,0.75,0.6,0.6666666666666666,0.8320320030846347,0.6640963855421687,0.0086083213773314,0.9005885190545104,0.6917879696732901,3485,30,0.56,0.9231481481481482,0.4285714285714285,0.7812839673913043,0.5,0.8,de,fr,2772.0,1008.0,21.2,30
Profession,teachers and educators,teachers and educators,de2fr,cross_full,False,30,32,Profession,0.9956958393113344,0.8,0.6666666666666666,0.7272727272727273,0.8625517649378821,0.7251215985276719,0.0086083213773314,0.992301013024602,0.7020908338662947,3485,30,0.6128584229390681,0.95,0.4799565217391304,0.838741935483871,0.5650404448938322,0.8571428571428571,de,fr,3749.0,1501.0,32.0,30
Profession,athletes,athletes,fr2de,pooled_cv,True,139,228,Profession,0.9794611896505736,0.8325991189427313,0.8289473684210527,0.8307692307692308,0.9099181948251946,0.8198364458712974,0.0608162176580421,0.9897930711470524,0.8827446495100676,3749,228,0.7809874900939657,0.8773905477193625,0.7767221331194868,0.8789274168317864,0.7927482538718493,0.8635461025735974,fr,de,,,,139
Profession,athletes,athletes,fr2de,within_matched,True,139,228,Profession,0.9773272872766072,0.8177777777777778,0.8070175438596491,0.8123620309050773,0.900148368184973,0.8002972995499772,0.0608162176580421,0.9778322545927444,0.8583773087172992,3749,228,0.7685941390883828,0.8648711502199875,0.7499729437229438,0.8577405857740585,0.7707128093072697,0.8484916888980093,fr,de,2982.4,1184.0,179.8,139
Profession,athletes,athletes,fr2de,cross_matched,True,139,228,Profession,0.9719925313416912,0.783410138248848,0.7456140350877193,0.7640449438202247,0.8745788309062842,0.749167332015168,0.0608162176580421,0.9621220048132256,0.8016943451259851,3749,228,0.7285698125404008,0.8333520179372198,0.6903378260108524,0.7990877549799605,0.7207027027027026,0.8054298642533936,fr,de,2988.0,1184.0,129.0,139
Profession,athletes,athletes,fr2de,cross_full,True,139,228,Profession,0.9730594825286744,0.812807881773399,0.7236842105263158,0.765661252900232,0.8756847371052738,0.7514204815883923,0.0608162176580421,0.9836513500450929,0.867594765540744,3749,228,0.7560975609756098,0.8660786290322581,0.6633904497272821,0.7778005464480874,0.7162120453787122,0.8078646483156582,fr,de,3485.0,1278.0,139.0,139
Profession,authors and artists,authors and artists,fr2de,pooled_cv,True,92,86,Profession,0.989330488130168,0.7804878048780488,0.7441860465116279,0.7619047619047619,0.8782238679919443,0.7564509003975781,0.0229394505201387,0.9957557980813796,0.8324099722238902,3749,86,0.6866669208479488,0.8690605590062112,0.6547508818342151,0.8356164383561644,0.6864761558063341,0.8266666666666665,fr,de,,,,86
Profession,authors and artists,authors and artists,fr2de,within_matched,True,92,86,Profession,0.989330488130168,0.7948717948717948,0.7209302325581395,0.7560975609756098,0.8753217556718791,0.7506567789564698,0.0229394505201387,0.9830168434819596,0.7615052962591771,3749,86,0.6956389183457051,0.8767175974710221,0.6144578313253012,0.8190533562822719,0.6740818942764497,0.8235294117647058,fr,de,2982.4,1184.0,67.8,86
Profession,authors and artists,authors and artists,fr2de,cross_matched,True,92,86,Profession,0.9885302747399306,0.7362637362637363,0.7790697674418605,0.7570621468926554,0.8755943161727312,0.7511934325326699,0.0229394505201387,0.9937432146734472,0.7780977633126676,3749,86,0.6458267405063292,0.8229623067010309,0.6896435228331781,0.8679297117976363,0.6779613935969869,0.8248683560967582,fr,de,2988.0,1184.0,84.6,86
Profession,authors and artists,authors and artists,fr2de,cross_full,True,92,86,Profession,0.987996799146439,0.8059701492537313,0.627906976744186,0.7058823529411765,0.8498778680975454,0.6998521544354559,0.0229394505201387,0.9924543994311436,0.8127804800042527,3749,86,0.7169732704402515,0.8958512931034482,0.5226727895392279,0.7303622337749455,0.6128747628083492,0.782135049793539,fr,de,3485.0,1278.0,92.0,86
Profession,doctors,doctors,fr2de,pooled_cv,False,17,51,Profession,0.9967991464390504,0.8979591836734694,0.8627450980392157,0.88,0.9391889699918896,0.8783785975744927,0.0136036276340357,0.9791355157530832,0.9127988632333474,3749,51,0.8055253623188406,0.9777777777777776,0.7580318221447254,0.9508196721311476,0.7999999999999999,0.9425369458128078,fr,de,,,,17
Profession,doctors,doctors,fr2de,within_matched,False,17,51,Profession,0.9967991464390504,0.8823529411764706,0.8823529411764706,0.8823529411764706,0.9403652212642764,0.8807304425285528,0.0136036276340357,0.9909437003573738,0.921651069587862,3749,51,0.7948113207547169,0.9655172413793104,0.7817727272727273,0.9615566037735848,0.8098941405887269,0.946452067669173,fr,de,2982.4,1184.0,40.2,17
Profession,doctors,doctors,fr2de,cross_matched,False,17,51,Profession,0.9954654574553214,0.925,0.7254901960784313,0.8131868131868132,0.9054458434774352,0.8109256287101837,0.0136036276340357,0.9891568309313992,0.8675732054213429,3749,51,0.8461538461538461,1.0,0.6078431372549019,0.8444871794871794,0.7297217806041335,0.8913357887172115,fr,de,2988.0,1184.0,16.0,17
Profession,doctors,doctors,fr2de,cross_full,False,17,51,Profession,0.994665244065084,0.9428571428571428,0.6470588235294118,0.7674418604651163,0.8823717667139397,0.7648379771926084,0.0136036276340357,0.9850051432146684,0.9313769018276714,3749,51,0.8611111111111112,1.0,0.5166532258064517,0.7812839673913043,0.6664705882352941,0.8636363636363636,fr,de,3485.0,1278.0,17.0,17
Profession,farmers and fishermen,farmers and fishermen,fr2de,pooled_cv,False,37,36,Profession,0.9978660976260336,0.9117647058823528,0.8611111111111112,0.8857142857142857,0.9423186398953766,0.8846381672577333,0.0096025606828487,0.997927701469312,0.937912935826166,3749,36,0.8064122738001573,1.0,0.75,0.9666666666666668,0.8,0.960025974025974,fr,de,,,,36
Profession,farmers and fishermen,farmers and fishermen,fr2de,within_matched,False,37,36,Profession,0.998666311016271,0.9696969696969696,0.8888888888888888,0.927536231884058,0.9634315968950508,0.9268644778681648,0.0096025606828487,0.9773094532722866,0.9539935266694638,3749,36,0.902378048780488,1.0,0.7741935483870968,0.9756381168462848,0.8524590163934426,0.9836065573770492,fr,de,2982.4,1184.0,28.2,36
Profession,farmers and fishermen,farmers and fishermen,fr2de,cross_matched,False,37,36,Profession,0.9983995732195252,0.9166666666666666,0.9166666666666666,0.9166666666666666,0.9579293473381812,0.9158586946763624,0.0096025606828487,0.9825388275428674,0.9551195083057828,3749,36,0.8107328482328483,1.0,0.8235294117647058,1.0,0.8399677419354838,0.9737010796221324,fr,de,2988.0,1184.0,34.0,36
Profession,farmers and fishermen,farmers and fishermen,fr2de,cross_full,False,37,36,Profession,0.9983995732195252,0.9166666666666666,0.9166666666666666,0.9166666666666666,0.9579293473381812,0.9158586946763624,0.0096025606828487,0.999431427117934,0.9620711522248454,3749,36,0.8108108108108109,1.0,0.8157651072124756,1.0,0.8398860759493669,0.9756381168462848,fr,de,3485.0,1278.0,37.0,36
Profession,health and care professionals,health and care professionals,fr2de,pooled_cv,False,14,20,Profession,0.9965324086423046,0.6842105263157895,0.65,0.6666666666666666,0.8324619028466729,0.6649249575458401,0.0053347559349159,0.996379726468222,0.5255054584167141,3749,20,0.4615384615384615,0.8947368421052632,0.4347826086956521,0.8571428571428571,0.4666666666666667,0.8181818181818182,fr,de,,,,14
Profession,health and care professionals,health and care professionals,fr2de,within_matched,False,14,20,Profession,0.9957321952520672,0.6111111111111112,0.55,0.5789473684210527,0.7884012981515451,0.5768085676793047,0.0053347559349159,0.988736926790024,0.5174539561853259,3749,20,0.3809523809523809,0.8400526315789473,0.3333333333333333,0.75,0.3636363636363636,0.7501388888888887,fr,de,2982.4,1184.0,16.0,14
Profession,health and care professionals,health and care professionals,fr2de,cross_matched,False,14,20,Profession,0.9917311283008804,0.3103448275862069,0.45,0.3673469387755102,0.6815926531708132,0.3633265951210961,0.0053347559349159,0.9109412711182624,0.2747612258583882,3749,20,0.146953781512605,0.4865194462755438,0.238095238095238,0.6876201923076922,0.1851851851851852,0.5333333333333333,fr,de,2988.0,1184.0,13.0,14
Profession,health and care professionals,health and care professionals,fr2de,cross_full,False,14,20,Profession,0.9930648172846092,0.2857142857142857,0.2,0.2352941176470588,0.6159053653615787,0.231919688588404,0.0053347559349159,0.9848216680075088,0.2583574842207495,3749,20,0.0714285714285714,0.5384615384615384,0.047564935064935,0.3888888888888889,0.0625,0.4117647058823529,fr,de,3485.0,1278.0,14.0,14
Profession,journalists,journalists,fr2de,pooled_cv,False,18,23,Profession,0.9981328354227794,0.8333333333333334,0.8695652173913043,0.851063829787234,0.925062179287658,0.8501247865493236,0.0061349693251533,0.9984947139956593,0.927704705070434,3749,23,0.66640625,0.9643165024630542,0.7142857142857143,1.0,0.7233747044917257,0.9455023923444976,fr,de,,,,18
Profession,journalists,journalists,fr2de,within_matched,False,18,23,Profession,0.9975993598292878,0.7916666666666666,0.8260869565217391,0.8085106382978723,0.903651373369846,0.8073032969919873,0.0061349693251533,0.9801278909659502,0.879095590120728,3749,23,0.6,0.944517543859649,0.6538461538461539,0.9629629629629628,0.6666666666666666,0.9166666666666666,fr,de,2982.4,1184.0,18.2,18
Profession,journalists,journalists,fr2de,cross_matched,False,18,23,Profession,0.997332622032542,0.76,0.8260869565217391,0.7916666666666666,0.8951621923937361,0.7903267301260612,0.0061349693251533,0.9963943149198348,0.8294420643468796,3749,23,0.5769230769230769,0.9166666666666666,0.6470113851992411,0.9583333333333334,0.6399574468085106,0.8947822141560798,fr,de,2988.0,1184.0,17.0,18
Profession,journalists,journalists,fr2de,cross_full,False,18,23,Profession,0.9975993598292878,0.7916666666666666,0.8260869565217391,0.8085106382978723,0.903651373369846,0.8073032969919873,0.0061349693251533,0.9994865691147984,0.9371345142512189,3749,23,0.6206896551724138,0.9565217391304348,0.6521739130434783,0.9685483870967736,0.6666666666666666,0.923076923076923,fr,de,3485.0,1278.0,18.0,18
Profession,legal professionals,legal professionals,fr2de,pooled_cv,False,18,31,Profession,0.9957321952520672,0.7272727272727273,0.7741935483870968,0.75,0.873923863330643,0.7478498465677414,0.0082688716991197,0.9517603984105224,0.7775299824912746,3749,31,0.5666666666666667,0.8709677419354839,0.6215983224603914,0.9210526315789472,0.6153846153846153,0.8572259136212623,fr,de,,,,18
Profession,legal professionals,legal professionals,fr2de,within_matched,False,18,31,Profession,0.9954654574553214,0.7333333333333333,0.7096774193548387,0.7213114754098361,0.8595128037261632,0.7190262268052146,0.0082688716991197,0.9517603984105224,0.7184350567859658,3749,31,0.5554597701149425,0.8750946969696969,0.53328125,0.8696002805049088,0.5671517412935323,0.8387295898048587,fr,de,2982.4,1184.0,24.4,18
Profession,legal professionals,legal professionals,fr2de,cross_matched,False,18,31,Profession,0.994665244065084,0.7894736842105263,0.4838709677419355,0.6,0.7986573576799141,0.5974703659165091,0.0082688716991197,0.9488799042148918,0.5919531009272904,3749,31,0.6,0.9523809523809524,0.3043148880105402,0.6666666666666666,0.4242132867132867,0.75,fr,de,2988.0,1184.0,16.4,18
Profession,legal professionals,legal professionals,fr2de,cross_full,False,18,31,Profession,0.9943985062683384,0.7083333333333334,0.5483870967741935,0.6181818181818182,0.8076801876076363,0.6154064101374159,0.0082688716991197,0.9739540856166168,0.6521834455357844,3749,31,0.521695652173913,0.8947368421052632,0.3793103448275862,0.72,0.4614583333333333,0.758655172413793,fr,de,3485.0,1278.0,18.0,18
Profession,other professions,other professions,fr2de,pooled_cv,True,130,187,Profession,0.9626567084555882,0.6766917293233082,0.481283422459893,0.5625,0.7714979799387016,0.5435753927603053,0.0498799679914643,0.9235640915546456,0.5781597792578437,3749,187,0.5948275862068966,0.7518291970802919,0.4117570465686274,0.5538082437275985,0.4940017245215843,0.623159985917618,fr,de,,,,130
Profession,other professions,other professions,fr2de,within_matched,True,130,187,Profession,0.9565217391304348,0.5895522388059702,0.4224598930481283,0.4922118380062305,0.7347501993430902,0.470146438997913,0.0498799679914643,0.8722582698538044,0.4907466043453258,3749,187,0.5,0.6742468287526426,0.3480287114845938,0.4943835830212235,0.42,0.5593326937426712,fr,de,2982.4,1184.0,147.4,130
Profession,other professions,other professions,fr2de,cross_matched,True,130,187,Profession,0.9581221659109096,0.6973684210526315,0.2834224598930481,0.403041825095057,0.6906708779932784,0.3853219057127311,0.0498799679914643,0.8654349085864758,0.4915200322726018,3749,187,0.5852839461230432,0.7976785714285715,0.2203305084745762,0.3463687150837989,0.3222883268611636,0.4740430289554803,fr,de,2988.0,1184.0,120.8,130
Profession,other professions,other professions,fr2de,cross_full,True,130,187,Profession,0.9546545745532142,0.6545454545454545,0.1925133689839572,0.2975206611570248,0.6370458873591078,0.2812240607744776,0.0498799679914643,0.8774594876999342,0.4246842782081372,3749,187,0.5208125,0.767452242524917,0.1333333333333333,0.2515626030740813,0.217811020232458,0.3709300439337613,fr,de,3485.0,1278.0,130.0,130
Profession,politicians and high-ranking officials,"politicians, high officials",fr2de,pooled_cv,True,613,671,Profession,0.9765270738863696,0.9370314842578712,0.9314456035767512,0.9342301943198804,0.9599722400170831,0.9199446354422468,0.178981061616431,0.9904110126284414,0.9627592835980064,3749,671,0.919112678855326,0.9549715320910972,0.9120706725727218,0.9504803708369456,0.9193894035886144,0.947207155189811,fr,de,,,,613
Profession,politicians and high-ranking officials,"politicians, high officials",fr2de,within_matched,True,613,671,Profession,0.9775940250733528,0.942684766214178,0.9314456035767512,0.9370314842578712,0.9617019848284812,0.9234045658191088,0.178981061616431,0.989332012484155,0.9624673033654882,3749,671,0.9256471992106948,0.9607911856331318,0.9104429774205892,0.9497901721664276,0.9227182761512124,0.9504047447879224,fr,de,2982.4,1184.0,528.8,613
Profession,politicians and high-ranking officials,"politicians, high officials",fr2de,cross_matched,True,613,671,Profession,0.9642571352360628,0.9296,0.8658718330849479,0.8966049382716049,0.9374995023508944,0.8750319033501378,0.178981061616431,0.973417910288776,0.9315126948687952,3749,671,0.9090909090909092,0.9490850072385087,0.8385241052304291,0.89140446876425,0.877650388630847,0.9128609930961232,fr,de,2988.0,1184.0,567.8,613
Profession,politicians and high-ranking officials,"politicians, high officials",fr2de,cross_full,True,613,671,Profession,0.9677247265937584,0.939297124600639,0.8763040238450075,0.9067077872012336,0.9435974027120504,0.887223200503386,0.178981061616431,0.987196768761336,0.9589459138228354,3749,671,0.920906976744186,0.9565234243343445,0.8504593166754486,0.9012008016367854,0.89002069246755,0.9228468076412556,fr,de,3485.0,1278.0,613.0,613
Profession,scientists and professors,scientists and professors,fr2de,pooled_cv,False,38,45,Profession,0.995998933048813,0.8571428571428571,0.8,0.8275862068965517,0.912781094272726,0.8255646234447847,0.0120032008535609,0.9577453803695704,0.8421052975598342,3749,45,0.7428341013824885,0.951219512195122,0.6773956356736243,0.9069767441860463,0.7272068511198946,0.9047744360902256,fr,de,,,,38
Profession,scientists and professors,scientists and professors,fr2de,within_matched,False,38,45,Profession,0.9962656708455588,0.8780487804878049,0.8,0.8372093023255814,0.9176602366997578,0.8353246068698936,0.0120032008535609,0.954337652987761,0.8391695412333018,3749,45,0.7714285714285715,0.9643165024630542,0.6749854651162791,0.9038690476190476,0.7396539293439076,0.9122892181911088,fr,de,2982.4,1184.0,35.4,38
Profession,scientists and professors,scientists and professors,fr2de,cross_matched,False,38,45,Profession,0.9938650306748468,0.8928571428571429,0.5555555555555556,0.684931506849315,0.840916931875836,0.6820034149957405,0.0120032008535609,0.9732661387089032,0.68258330827271,3749,45,0.7665476190476191,1.0,0.4116978609625668,0.7068965517241379,0.5538461538461539,0.7999999999999999,fr,de,2988.0,1184.0,35.0,38
Profession,scientists and professors,scientists and professors,fr2de,cross_full,False,38,45,Profession,0.9954654574553214,0.9375,0.6666666666666666,0.7792207792207793,0.8884649914160763,0.776995937619186,0.0120032008535609,0.9844432445404367,0.7484804126468343,3749,45,0.84375,1.0,0.5199807692307693,0.8048780487804879,0.6575244618395303,0.8735632183908045,fr,de,3485.0,1278.0,38.0,38
Profession,security forces,security forces,fr2de,pooled_cv,True,119,119,Profession,0.9890637503334222,0.825,0.8319327731092437,0.8284518828451883,0.9114018609707412,0.8228038240776713,0.03174179781275,0.9777415098270712,0.8841067788847786,3749,119,0.7539623312011372,0.894749373433584,0.7602955283353011,0.8962345478204294,0.7698113207547169,0.8800238095238095,fr,de,,,,119
Profession,security forces,security forces,fr2de,within_matched,True,119,119,Profession,0.9847959455854894,0.746031746031746,0.7899159663865546,0.7673469387755102,0.879744060867143,0.7594947536175447,0.03174179781275,0.9772785147116698,0.8153495961874128,3749,119,0.6744142001409443,0.8235411764705882,0.7121109746109746,0.8596491228070176,0.7053477353585113,0.8240008583690986,fr,de,2982.4,1184.0,93.8,119
Profession,security forces,security forces,fr2de,cross_matched,True,119,119,Profession,0.9802614030408108,0.6771653543307087,0.7226890756302521,0.6991869918699187,0.8444914551186329,0.6889940674507975,0.03174179781275,0.9656665972173992,0.6784924950351863,3749,119,0.5984833571939872,0.7623098698664863,0.645153753391619,0.8000413223140496,0.6320232399179768,0.764484442425619,fr,de,2988.0,1184.0,110.6,119
Profession,security forces,security forces,fr2de,cross_full,True,119,119,Profession,0.9826620432115232,0.6928571428571428,0.8151260504201681,0.749034749034749,0.8700278041347249,0.7401167360406795,0.03174179781275,0.9873856980808852,0.7537509573651637,3749,119,0.6165413533834586,0.7655172413793103,0.7446588711095481,0.8865979381443299,0.6883573608334209,0.8032804033198436,fr,de,3485.0,1278.0,119.0,119
Profession,sex workers,sex workers,fr2de,pooled_cv,False,16,11,Profession,0.998666311016271,0.75,0.8181818181818182,0.782608695652174,0.8909698996655518,0.7819410676686481,0.0029341157642037,0.9978111775864584,0.5721469999489924,3749,11,0.4542929292929293,1.0,0.5,1.0,0.5,0.9473684210526316,fr,de,,,,11
Profession,sex workers,sex workers,fr2de,within_matched,False,16,11,Profession,0.9983995732195252,0.8571428571428571,0.5454545454545454,0.6666666666666666,0.8329322638146167,0.6659042300380228,0.0029341157642037,0.9432851792402354,0.6768293482816764,3749,11,0.5,1.0,0.2222222222222222,0.8571428571428571,0.3333333333333333,0.8888888888888888,fr,de,2982.4,1184.0,8.8,11
Profession,sex workers,sex workers,fr2de,cross_matched,False,16,11,Profession,0.998666311016271,0.75,0.8181818181818182,0.782608695652174,0.8909698996655518,0.7819410676686481,0.0029341157642037,0.924996351962644,0.660437817121668,3749,11,0.4444444444444444,1.0,0.5,1.0,0.5,0.9473684210526316,fr,de,2988.0,1184.0,15.0,11
Profession,sex workers,sex workers,fr2de,cross_full,False,16,11,Profession,0.9989330488130168,0.7692307692307693,0.9090909090909092,0.8333333333333334,0.9163990723396664,0.8328018731185194,0.0029341157642037,0.9976652560922225,0.6233975175151645,3749,11,0.5,1.0,0.7,1.0,0.6153846153846153,0.96,fr,de,3485.0,1278.0,16.0,11
Profession,soldiers,soldiers,fr2de,pooled_cv,False,42,35,Profession,0.9957321952520672,0.7878787878787878,0.7428571428571429,0.7647058823529411,0.8812762251603199,0.7625543301850195,0.0093358228861029,0.9874221093930302,0.770759706414471,3749,35,0.641,0.9200263157894736,0.5769230769230769,0.8889393939393938,0.6332142857142857,0.8727400768245838,fr,de,,,,35
Profession,soldiers,soldiers,fr2de,within_matched,False,42,35,Profession,0.994665244065084,0.7142857142857143,0.7142857142857143,0.7142857142857143,0.8557965997384414,0.7115931994768829,0.0093358228861029,0.9833525655819676,0.6924870892639479,3749,35,0.5526088929219601,0.8636363636363636,0.5454545454545454,0.8717948717948718,0.5714285714285714,0.8333791208791208,fr,de,2982.4,1184.0,27.6,35
Profession,soldiers,soldiers,fr2de,cross_matched,False,42,35,Profession,0.9957321952520672,0.8275862068965517,0.6857142857142857,0.75,0.873923863330643,0.7478668045362454,0.0093358228861029,0.972736364335718,0.6835332031054168,3749,35,0.6774193548387096,0.9524350649350648,0.5184587813620072,0.8461538461538461,0.6122448979591836,0.8627673796791443,fr,de,2988.0,1184.0,38.6,35
Profession,soldiers,soldiers,fr2de,cross_full,False,42,35,Profession,0.995998933048813,0.9166666666666666,0.6285714285714286,0.7457627118644068,0.8718731559053181,0.7438169385588878,0.0093358228861029,0.9472805600430804,0.7459343787881834,3749,35,0.7916118421052631,1.0,0.4642857142857143,0.7931288032454361,0.608695652173913,0.8571428571428571,fr,de,3485.0,1278.0,42.0,35
Profession,teachers and educators,teachers and educators,fr2de,pooled_cv,False,30,32,Profession,0.9970658842357962,0.8387096774193549,0.8125,0.8253968253968254,0.911958668246496,0.8239177124118819,0.0085356094958655,0.9455626177024482,0.8576329434586606,3749,32,0.6923076923076923,0.9615384615384616,0.6666666666666666,0.9411764705882352,0.7094793435200906,0.9117776057791538,fr,de,,,,30
Profession,teachers and educators,teachers and educators,fr2de,within_matched,False,30,32,Profession,0.9975993598292878,0.896551724137931,0.8125,0.8524590163934426,0.9256244255020863,0.8512518019864834,0.0085356094958655,0.9585939601829432,0.8657206737629172,3749,32,0.7666176470588236,1.0,0.6666666666666666,0.9411764705882352,0.741905615292712,0.9393939393939392,fr,de,2982.4,1184.0,25.2,30
Profession,teachers and educators,teachers and educators,fr2de,cross_matched,False,30,32,Profession,0.9962656708455588,0.78125,0.78125,0.78125,0.8896833804143126,0.7793667608286252,0.0085356094958655,0.9918196798493408,0.8529519611604679,3749,32,0.6399722222222223,0.9166666666666666,0.6086568322981367,0.9168269230769228,0.6537790697674418,0.8788181818181817,fr,de,2988.0,1184.0,28.0,30
Profession,teachers and educators,teachers and educators,fr2de,cross_full,False,30,32,Profession,0.9965324086423046,0.8275862068965517,0.75,0.7868852459016393,0.8925686146141247,0.7851414917582539,0.0085356094958655,0.9954011972020448,0.8315536521685039,3749,32,0.6774193548387096,0.9545454545454546,0.5897058823529412,0.8889880952380951,0.6521739130434783,0.8852459016393444,fr,de,3485.0,1278.0,30.0,30
Age and family,couples,couples,de2fr,pooled_cv,False,20,16,Age and Family Status,0.998852223816356,0.8333333333333334,1.0,0.9090909090909092,0.9542566875803952,0.908518178238614,0.0057388809182209,0.9996536796536796,0.9287491266903034,3485,20,0.6666666666666666,0.9629629629629628,1.0,1.0,0.8,0.981132075471698,de,fr,,,,16
Age and family,couples,couples,de2fr,within_matched,False,20,16,Age and Family Status,0.9985652797704448,0.8260869565217391,0.95,0.8837209302325582,0.9414995585189064,0.8830026521636956,0.0057388809182209,0.9995526695526694,0.9189773153384512,3485,20,0.6666666666666666,0.9629629629629628,0.8333333333333334,1.0,0.7726398601398601,0.9643165024630542,de,fr,2774.0,357.0,16.0,16
Age and family,couples,couples,de2fr,cross_matched,False,20,16,Age and Family Status,0.9959827833572452,0.6363636363636364,0.7,0.6666666666666666,0.8323229407236336,0.6646504914427109,0.0057388809182209,0.997777777777778,0.7385959022774021,3485,20,0.4284632034632034,0.8422064777327933,0.5,0.8947368421052632,0.4761278195488722,0.8125264830508474,de,fr,2774.0,357.0,15.0,16
Age and family,couples,couples,de2fr,cross_full,False,20,16,Age and Family Status,0.998852223816356,0.8333333333333334,1.0,0.9090909090909092,0.9542566875803952,0.908518178238614,0.0057388809182209,0.9995526695526696,0.9134413929275282,3485,20,0.6666666666666666,0.9655459770114942,1.0,1.0,0.8,0.982471008028546,de,fr,3749.0,381.0,16.0,16
Age and family,elderly,elderly,de2fr,pooled_cv,False,21,14,Age and Family Status,0.9962697274031564,0.75,0.5714285714285714,0.6486486486486487,0.823386779250042,0.6468079798554645,0.0060258249641319,0.9756268558231608,0.621137848575156,3485,21,0.5,0.9524350649350648,0.3683014354066986,0.7857142857142857,0.4444444444444444,0.8095559845559845,de,fr,,,,14
Age and family,elderly,elderly,de2fr,within_matched,False,21,14,Age and Family Status,0.9965566714490676,0.7142857142857143,0.7142857142857143,0.7142857142857143,0.8562768063345431,0.7125536126690861,0.0060258249641319,0.974320906191576,0.6059023252099475,3485,21,0.5,0.9090909090909092,0.5237577639751553,0.9,0.55,0.8571428571428572,de,fr,2774.0,357.0,16.4,14
Age and family,elderly,elderly,de2fr,cross_matched,False,21,14,Age and Family Status,0.994261119081779,1.0,0.0476190476190476,0.0909090909090909,0.5440152823572513,0.0904108158897529,0.0060258249641319,0.9935252391949853,0.7204057571429168,3485,21,0.0,1.0,0.0,0.1579473684210526,0.0,0.2728056426332287,de,fr,2774.0,357.0,13.0,14
Age and family,elderly,elderly,de2fr,cross_full,False,21,14,Age and Family Status,0.993974175035868,0.0,0.0,0.0,0.4984889912217585,0.0,0.0060258249641319,0.9928378972836248,0.7805236413272161,3485,21,0.0,0.0,0.0,0.0,0.0,0.0,de,fr,3749.0,381.0,14.0,14
Age and family,middle-aged and pre-retirement age groups,middle-aged,de2fr,pooled_cv,False,10,9,Age and Family Status,0.9977044476327116,0.75,0.3,0.4285714285714285,0.7137106711574797,0.4276329295832477,0.0028694404591104,0.9553381294964028,0.5329303354912696,3485,10,0.0,1.0,0.0,0.5837499999999997,0.0,0.7142857142857143,de,fr,,,,9
Age and family,middle-aged and pre-retirement age groups,middle-aged,de2fr,within_matched,False,10,9,Age and Family Status,0.9971305595408896,0.0,0.0,0.0,0.4992816091954023,0.0,0.0028694404591104,0.880546762589928,0.2127851820200694,3485,10,0.0,0.0,0.0,0.0,0.0,0.0,de,fr,2774.0,357.0,8.0,9
Age and family,middle-aged and pre-retirement age groups,middle-aged,de2fr,cross_matched,False,10,9,Age and Family Status,0.9971305595408896,0.0,0.0,0.0,0.4992816091954023,0.0,0.0028694404591104,0.8839136690647482,0.1327886054049837,3485,10,0.0,0.0,0.0,0.0,0.0,0.0,de,fr,2774.0,357.0,9.0,9
Age and family,middle-aged and pre-retirement age groups,middle-aged,de2fr,cross_full,False,10,9,Age and Family Status,0.9971305595408896,0.0,0.0,0.0,0.4992816091954023,0.0,0.0028694404591104,0.9292661870503596,0.1637797238006917,3485,10,0.0,0.0,0.0,0.0,0.0,0.0,de,fr,3749.0,381.0,9.0,9
Age and family,"minors, including children and pupils",minors,de2fr,pooled_cv,True,213,136,Age and Family Status,0.9779053084648494,0.8090909090909091,0.8356807511737089,0.8221709006928406,0.9051958985642572,0.8103950794362973,0.061119081779053,0.9886747133165742,0.8715217819438991,3485,213,0.7558632337008476,0.8609986799448683,0.7881326642193236,0.8840595260309759,0.7830144418028226,0.8584269662921349,de,fr,,,,136
Age and family,"minors, including children and pupils",minors,de2fr,within_matched,True,213,136,Age and Family Status,0.9787661406025824,0.8232558139534883,0.8309859154929577,0.8271028037383178,0.907895639105478,0.8157915413681527,0.061119081779053,0.9889329866730948,0.8965882214107548,3485,213,0.7714030612244899,0.8733730444736507,0.7803620936368109,0.8809550031466331,0.7889861568270421,0.8647480074309344,de,fr,2774.0,357.0,168.2,136
Age and family,"minors, including children and pupils",minors,de2fr,cross_matched,True,213,136,Age and Family Status,0.9652797704447632,0.7771084337349398,0.6056338028169014,0.6807387862796834,0.831190209404445,0.662678715845705,0.061119081779053,0.9818362087767026,0.7858587393757472,3485,213,0.7105146371846777,0.8379928633706849,0.5363603425559947,0.6718884698275862,0.6242633037363685,0.7333462532299742,de,fr,2774.0,357.0,127.2,136
Age and family,"minors, including children and pupils",minors,de2fr,cross_full,True,213,136,Age and Family Status,0.9635581061692968,0.8071428571428572,0.5305164319248826,0.6402266288951841,0.8105168205681905,0.6218962637700598,0.061119081779053,0.98692993330808,0.8192541226082746,3485,213,0.7412457912457913,0.8702419899257413,0.4631367363131446,0.5981944256069442,0.5811681772406847,0.6958888521953882,de,fr,3749.0,381.0,136.0,136
Age and family,parents and families,parents and families,de2fr,pooled_cv,True,83,107,Age and Family Status,0.9919655667144908,0.7894736842105263,0.9036144578313252,0.8426966292134831,0.919287066079062,0.8385933571523091,0.0238163558106169,0.9858977355630636,0.850578927857559,3485,83,0.7037037037037037,0.8706057076295864,0.8332865168539326,0.963855421686747,0.7796500110059432,0.898891266868795,de,fr,,,,83
Age and family,parents and families,parents and families,de2fr,within_matched,True,83,107,Age and Family Status,0.9925394548063128,0.8352941176470589,0.8554216867469879,0.8452380952380952,0.9207078450315732,0.8414162451651295,0.0238163558106169,0.9793388722438254,0.880509906635229,3485,83,0.753082788671024,0.9189344516930724,0.7777450980392157,0.9277323580034424,0.7814569536423841,0.902189009661836,de,fr,2774.0,357.0,65.6,83
Age and family,parents and families,parents and families,de2fr,cross_matched,True,83,107,Age and Family Status,0.9842180774748924,0.6129032258064516,0.9156626506024096,0.7342995169082126,0.8630835156624458,0.7264954459904311,0.0238163558106169,0.9844669684027114,0.7059978109667353,3485,83,0.5272692036645524,0.6936982901268616,0.8510516018586451,0.967391304347826,0.6636681163665863,0.7982062780269058,de,fr,2774.0,357.0,100.6,83
Age and family,parents and families,parents and families,de2fr,cross_full,True,83,107,Age and Family Status,0.9853658536585366,0.626984126984127,0.9518072289156626,0.7559808612440191,0.8742187992065384,0.7487663421674213,0.0238163558106169,0.9899315073344525,0.8367012474334676,3485,83,0.5454051383399209,0.7083415354330709,0.8953180574555404,0.988509012539185,0.6899631147540983,0.8134011840077853,de,fr,3749.0,381.0,107.0,83
Age and family,singles,singles,de2fr,pooled_cv,False,11,16,Age and Family Status,0.999426111908178,0.9090909090909092,0.9090909090909092,0.9090909090909092,0.9544015282357252,0.9088030564714502,0.0031563845050215,0.9999476631600984,0.9841597796143252,3485,11,0.7142857142857143,1.0,0.6666666666666666,1.0,0.7367543859649122,1.0,de,fr,,,,11
Age and family,singles,singles,de2fr,within_matched,False,11,16,Age and Family Status,0.999713055954089,1.0,0.9090909090909092,0.9523809523809524,0.9761185233915124,0.9522373740834646,0.0031563845050215,0.9997644842204428,0.9590909090909092,3485,11,1.0,1.0,0.6666666666666666,1.0,0.8,1.0,de,fr,2774.0,357.0,8.8,11
Age and family,singles,singles,de2fr,cross_matched,False,11,16,Age and Family Status,0.9979913916786228,0.6666666666666666,0.7272727272727273,0.6956521739130435,0.8473222723602931,0.6946464557960221,0.0031563845050215,0.996257915947035,0.7989188804091806,3485,11,0.4,0.9333333333333332,0.4166666666666667,1.0,0.4444444444444444,0.888888888888889,de,fr,2774.0,357.0,14.8,11
Age and family,singles,singles,de2fr,cross_full,False,11,16,Age and Family Status,0.998852223816356,0.7692307692307693,0.9090909090909092,0.8333333333333334,0.9163787311642192,0.8327614751541618,0.0031563845050215,0.999869157900246,0.9715909090909092,3485,11,0.5,1.0,0.6923076923076923,1.0,0.6,0.962962962962963,de,fr,3749.0,381.0,16.0,11
Age and family,"youth, including students and apprentices",youth,de2fr,pooled_cv,True,166,144,Age and Family Status,0.9833572453371592,0.7872340425531915,0.891566265060241,0.8361581920903954,0.9136957828650284,0.8274272288123872,0.0476327116212338,0.9851366901774016,0.8023467844484247,3485,166,0.7216480201499531,0.8439298780487804,0.8402077807250221,0.9360496041563582,0.7882309043020193,0.875714385768315,de,fr,,,,144
Age and family,"youth, including students and apprentices",youth,de2fr,within_matched,True,166,144,Age and Family Status,0.981922525107604,0.7814207650273224,0.8614457831325302,0.8194842406876791,0.9049845308558468,0.8099928256724959,0.0476327116212338,0.9849497417207244,0.8019532445255976,3485,166,0.7211869995289685,0.8404950111238455,0.8050206029060941,0.9144931980374664,0.7727048655569784,0.8634099268879704,de,fr,2774.0,357.0,130.6,144
Age and family,"youth, including students and apprentices",youth,de2fr,cross_matched,True,166,144,Age and Family Status,0.9715925394548064,0.6425531914893617,0.9096385542168676,0.7531172069825436,0.8690232099762771,0.7385190209668313,0.0476327116212338,0.9791307441274588,0.6932968441549276,3485,166,0.5777750809061488,0.7022088748290013,0.8612366996796877,0.9493688664485848,0.7005508474576271,0.7948283572608309,de,fr,2774.0,357.0,135.2,144
Age and family,"youth, including students and apprentices",youth,de2fr,cross_full,True,166,144,Age and Family Status,0.9721664275466284,0.6396761133603239,0.9518072289156626,0.7651331719128329,0.8751699106475862,0.7509432321938907,0.0476327116212338,0.9882494727327508,0.7945245011296171,3485,166,0.5804855586302318,0.6976199425915801,0.9176225490196078,0.981132075471698,0.7159563995581577,0.807101446327224,de,fr,3749.0,381.0,144.0,144
Age and family,couples,couples,fr2de,pooled_cv,False,20,16,Age and Family Status,0.9978660976260336,0.7222222222222222,0.8125,0.7647058823529411,0.8818170354958703,0.763637796516668,0.0042678047479327,0.9989033619073132,0.8681737012987013,3749,16,0.5211956521739131,0.9232142857142857,0.5997727272727272,1.0,0.5882352941176471,0.9,fr,de,,,,16
Age and family,couples,couples,fr2de,within_matched,False,20,16,Age and Family Status,0.9981328354227794,0.8461538461538461,0.6875,0.7586206896551724,0.8788417412661991,0.7576935506209317,0.0042678047479327,0.9740155371015268,0.7057349034886251,3749,16,0.625,1.0,0.4375,0.9167499999999998,0.5517241379310345,0.9167229729729728,fr,de,2977.0,296.0,12.2,16
Age and family,couples,couples,fr2de,cross_matched,False,20,16,Age and Family Status,0.997332622032542,0.75,0.5625,0.6428571428571429,0.8207592273857334,0.6415458752438139,0.0042678047479327,0.8734596839003482,0.6200103143792042,3749,16,0.5,1.0,0.3333333333333333,0.8,0.4,0.8387096774193549,fr,de,2977.0,296.0,13.2,16
Age and family,couples,couples,fr2de,cross_full,False,20,16,Age and Family Status,0.9978660976260336,0.9,0.5625,0.6923076923076923,0.8456185142480646,0.6912942338967001,0.0042678047479327,0.974877779266006,0.6624096094984874,3749,16,0.7,1.0,0.3075,0.8181818181818182,0.4347826086956522,0.8695652173913044,fr,de,3485.0,453.0,20.0,16
Age and family,elderly,elderly,fr2de,pooled_cv,False,21,14,Age and Family Status,0.9967991464390504,0.5833333333333334,0.5,0.5384615384615384,0.7684277713720968,0.5368650785480451,0.0037343291544411,0.8899407152419201,0.5008122124684644,3749,14,0.26625,0.8571428571428571,0.2139285714285714,0.8,0.25,0.75,fr,de,,,,14
Age and family,elderly,elderly,fr2de,within_matched,False,21,14,Age and Family Status,0.9957321952520672,0.3333333333333333,0.1428571428571428,0.2,0.5989301952393689,0.1982034967652248,0.0037343291544411,0.8870529737999618,0.2190570327037395,3749,14,0.0,0.75,0.0,0.4,0.0,0.4545454545454545,fr,de,2977.0,296.0,11.2,14
Age and family,elderly,elderly,fr2de,cross_matched,False,21,14,Age and Family Status,0.9954654574553214,0.4117647058823529,0.5,0.4516129032258064,0.7246681095746014,0.449357628539091,0.0037343291544411,0.961675272518646,0.3977133305281223,3749,14,0.1666666666666666,0.6666666666666666,0.2139285714285714,0.8,0.1902597402597402,0.6666666666666667,fr,de,2977.0,296.0,13.6,14
Age and family,elderly,elderly,fr2de,cross_full,False,21,14,Age and Family Status,0.9965324086423046,0.5384615384615384,0.5,0.5185185185185185,0.7583892284735545,0.5167808524772206,0.0037343291544411,0.9847580799388028,0.5846639486024291,3749,14,0.2351809954751131,0.8333333333333334,0.2220238095238095,0.7694444444444443,0.2352941176470588,0.7272727272727272,fr,de,3485.0,453.0,21.0,14
Age and family,middle-aged and pre-retirement age groups,middle-aged,fr2de,pooled_cv,False,10,9,Age and Family Status,0.9975993598292878,0.0,0.0,0.0,0.4993991187074376,0.0,0.0024006401707121,0.9243612596553772,0.6197397868001542,3749,9,0.0,0.0,0.0,0.0,0.0,0.0,fr,de,,,,9
Age and family,middle-aged and pre-retirement age groups,middle-aged,fr2de,within_matched,False,10,9,Age and Family Status,0.9975993598292878,0.5,0.1111111111111111,0.1818181818181818,0.5903080491032942,0.1811033177195834,0.0024006401707121,0.9754901960784312,0.2664322464060789,3749,9,0.0,1.0,0.0,0.3575892857142853,0.0,0.5,fr,de,2977.0,296.0,7.2,9
Age and family,middle-aged and pre-retirement age groups,middle-aged,fr2de,cross_matched,False,10,9,Age and Family Status,0.9975993598292878,0.0,0.0,0.0,0.4993991187074376,0.0,0.0024006401707121,0.9852346999405824,0.2490899275117591,3749,9,0.0,0.0,0.0,0.0,0.0,0.0,fr,de,2977.0,296.0,7.0,9
Age and family,middle-aged and pre-retirement age groups,middle-aged,fr2de,cross_full,False,10,9,Age and Family Status,0.9975993598292878,0.0,0.0,0.0,0.4993991187074376,0.0,0.0024006401707121,0.9951277480689243,0.4413955350048473,3749,9,0.0,0.0,0.0,0.0,0.0,0.0,fr,de,3485.0,453.0,10.0,9
Age and family,"minors, including children and pupils",minors,fr2de,pooled_cv,True,213,136,Age and Family Status,0.9861296345692184,0.8088235294117647,0.8088235294117647,0.8088235294117647,0.9008136467983264,0.8016272935966526,0.0362763403574286,0.9880578303837452,0.8315692573105979,3749,136,0.7375886524822695,0.8758858070964517,0.7430453431372549,0.8740196589664703,0.7538333333333334,0.8561649562468502,fr,de,,,,136
Age and family,"minors, including children and pupils",minors,fr2de,within_matched,True,213,136,Age and Family Status,0.9869298479594558,0.8041958041958042,0.8455882352941176,0.8243727598566308,0.908792558069332,0.8175895539061142,0.0362763403574286,0.9690252519496588,0.7998220925828522,3749,136,0.7318628185907047,0.8673143516737206,0.7823005565862708,0.9,0.7708247950819672,0.8686938349007315,fr,de,2977.0,296.0,105.8,136
Age and family,"minors, including children and pupils",minors,fr2de,cross_matched,True,213,136,Age and Family Status,0.9823953054147772,0.8977272727272727,0.5808823529411765,0.7053571428571429,0.8481418653521349,0.6967125907040597,0.0362763403574286,0.9708792595366406,0.8190349544042106,3749,136,0.8314572898334913,0.9558823529411764,0.5033545935374906,0.6639456546148663,0.6341408972125435,0.7707382237944517,fr,de,2977.0,296.0,138.4,136
Age and family,"minors, including children and pupils",minors,fr2de,cross_full,True,213,136,Age and Family Status,0.9831955188050148,0.8686868686868687,0.6323529411764706,0.7319148936170212,0.8616203960030584,0.7234625980725617,0.0362763403574286,0.9881514465736476,0.8059013665899809,3749,136,0.7954545454545454,0.932249953436394,0.5466194029850746,0.7083415354330709,0.6547044435385244,0.7933949888495343,fr,de,3485.0,453.0,213.0,136
Age and family,parents and families,parents and families,fr2de,pooled_cv,True,83,107,Age and Family Status,0.987996799146439,0.7767857142857143,0.8130841121495327,0.7945205479452054,0.8941691900325011,0.7883416994641578,0.0285409442518004,0.9852422670094996,0.8001092132727228,3749,107,0.7024612150210237,0.8521739130434782,0.7352941176470589,0.8823529411764706,0.7333098591549295,0.8461538461538461,fr,de,,,,83
Age and family,parents and families,parents and families,fr2de,within_matched,True,83,107,Age and Family Status,0.9847959455854894,0.7604166666666666,0.6822429906542056,0.7192118226600985,0.8556991258605496,0.711421830836607,0.0285409442518004,0.9819627707893884,0.7474324418288435,3749,107,0.6744120721191533,0.8421052631578947,0.5961309523809524,0.7642395982783358,0.6467428482587064,0.7826287317170907,fr,de,2977.0,296.0,82.8,83
Age and family,parents and families,parents and families,fr2de,cross_matched,True,83,107,Age and Family Status,0.9861296345692184,0.8089887640449438,0.6728971962616822,0.7346938775510204,0.8637862704654582,0.727634200386164,0.0285409442518004,0.944820808121244,0.7280986764122109,3749,107,0.7249601063829787,0.882982177397071,0.5794269552385637,0.7586366538952746,0.6588125685056633,0.7999999999999999,fr,de,2977.0,296.0,53.6,83
Age and family,parents and families,parents and families,fr2de,cross_full,True,83,107,Age and Family Status,0.9791944518538276,0.967741935483871,0.2803738317757009,0.4347826086956521,0.7120923913043479,0.4274408295609405,0.0285409442518004,0.9689807900557872,0.6999528716708833,3749,107,0.8965063520871144,1.0,0.1938471260063658,0.3685242518059854,0.3230152671755725,0.5369514713474445,fr,de,3485.0,453.0,83.0,83
Age and family,singles,singles,fr2de,pooled_cv,False,11,16,Age and Family Status,0.998666311016271,0.8235294117647058,0.875,0.8484848484848485,0.9239075280602408,0.8478156738895699,0.0042678047479327,0.9831653495847844,0.8587004613999296,3749,16,0.631578947368421,1.0,0.7142857142857143,1.0,0.6998913043478262,0.967741935483871,fr,de,,,,11
Age and family,singles,singles,fr2de,within_matched,False,11,16,Age and Family Status,0.9981328354227794,0.8461538461538461,0.6875,0.7586206896551724,0.8788417412661991,0.7576935506209317,0.0042678047479327,0.9815329493704796,0.7041918830289834,3749,16,0.625,1.0,0.4444444444444444,0.9166666666666666,0.5555555555555556,0.9166666666666666,fr,de,2977.0,296.0,12.2,11
Age and family,singles,singles,fr2de,cross_matched,False,11,16,Age and Family Status,0.9978660976260336,0.9,0.5625,0.6923076923076923,0.8456185142480646,0.6912942338967001,0.0042678047479327,0.9357085454058398,0.7303626617755506,3749,16,0.6666666666666666,1.0,0.3076923076923077,0.8,0.4347826086956522,0.88,fr,de,2977.0,296.0,7.0,11
Age and family,singles,singles,fr2de,cross_full,False,11,16,Age and Family Status,0.9978660976260336,1.0,0.5,0.6666666666666666,0.8327981446793328,0.665715559518502,0.0042678047479327,0.997438387356014,0.7717047851556595,3749,16,1.0,1.0,0.2352941176470588,0.75,0.3809523809523809,0.8571428571428571,fr,de,3485.0,453.0,11.0,11
Age and family,"youth, including students and apprentices",youth,fr2de,pooled_cv,True,166,144,Age and Family Status,0.9874633235529474,0.8439716312056738,0.8263888888888888,0.8350877192982457,0.9142858532717486,0.8285724570635798,0.038410242731395,0.9848474341192788,0.8463530894227583,3749,144,0.7867622549019607,0.9013157894736842,0.7549359988138776,0.8888888888888888,0.7844488325365482,0.8817221477893435,fr,de,,,,144
Age and family,"youth, including students and apprentices",youth,fr2de,within_matched,True,166,144,Age and Family Status,0.9837289943985064,0.7785234899328859,0.8055555555555556,0.7918088737201365,0.8916712654513244,0.7833450966088609,0.038410242731395,0.9821698258591464,0.8420863321748182,3749,144,0.7101332398316971,0.843413187634258,0.7364566772655008,0.8676613087095303,0.7350412249705537,0.8391224078192066,fr,de,2977.0,296.0,112.0,144
Age and family,"youth, including students and apprentices",youth,fr2de,cross_matched,True,166,144,Age and Family Status,0.9797279274473192,0.935897435897436,0.5069444444444444,0.6576576576576577,0.8236061790212423,0.648161182691334,0.038410242731395,0.9649811218985976,0.8546993186932187,3749,144,0.8791125541125541,0.985728962818004,0.4266666666666667,0.5897569444444445,0.5847908232118758,0.7288335636866224,fr,de,2977.0,296.0,109.0,144
Age and family,"youth, including students and apprentices",youth,fr2de,cross_full,True,166,144,Age and Family Status,0.975993598292878,0.935483870967742,0.4027777777777778,0.5631067961165048,0.7753822515963764,0.5527664301108905,0.038410242731395,0.9865349052242256,0.8581041626485149,3749,144,0.865664466130884,0.9868698478123018,0.3216441761363636,0.4861293859649123,0.4747344579818806,0.6417307692307692,fr,de,3485.0,453.0,166.0,144
Identities,Christians,Christians,de2fr,pooled_cv,False,19,16,Identities,0.9962697274031564,0.6363636363636364,0.7368421052631579,0.6829268292682927,0.8405253283302063,0.6810607607234123,0.0054519368723099,0.991800042518298,0.5848807144881548,3485,19,0.4072222222222222,0.85,0.5180555555555556,0.9285714285714286,0.4736068111455108,0.8302672955974842,de,fr,,,,16
Identities,Christians,Christians,de2fr,within_matched,False,19,16,Identities,0.9959827833572452,0.6086956521739131,0.7368421052631579,0.6666666666666666,0.8323229407236336,0.6646643206686095,0.0054519368723099,0.9414917848574116,0.4674431750083627,3485,19,0.3888888888888889,0.8125,0.521658615136876,0.9232142857142857,0.4615384615384615,0.8163265306122449,de,fr,2776.4,226.0,14.8,16
Identities,Christians,Christians,de2fr,cross_matched,False,19,16,Identities,0.9962697274031564,0.6875,0.5789473684210527,0.6285714285714286,0.813348439592131,0.6267107203770383,0.0054519368723099,0.9430558508215142,0.6412294485651899,3485,19,0.4285714285714285,0.8947368421052632,0.3529411764705882,0.789736842105263,0.4000000000000001,0.7999999999999999,de,fr,2780.0,226.0,7.0,16
Identities,Christians,Christians,de2fr,cross_full,False,19,16,Identities,0.994261119081779,0.4814814814814814,0.6842105263157895,0.5652173913043478,0.7811644437746464,0.5624168152482358,0.0054519368723099,0.996689646794424,0.7500734999764431,3485,19,0.2999324324324324,0.6666666666666666,0.4582386363636364,0.8823529411764706,0.3808035714285714,0.7213637949075689,de,fr,3749.0,512.0,16.0,16
Identities,Ethnic and racial minorities,Ethnic and racial minorities,de2fr,pooled_cv,False,11,6,Identities,0.9974175035868006,0.6666666666666666,0.3636363636363636,0.4705882352941176,0.7346469150007191,0.4694060528141017,0.0031563845050215,0.9797194745381274,0.5373923741169142,3485,11,0.2,1.0,0.0997727272727272,0.6666666666666666,0.1538461538461538,0.7368421052631579,de,fr,,,,6
Identities,Ethnic and racial minorities,Ethnic and racial minorities,de2fr,within_matched,False,11,6,Identities,0.9974175035868006,0.75,0.2727272727272727,0.4,0.6993529834651331,0.3989882537796769,0.0031563845050215,0.8731616684984561,0.3231940064598034,3485,11,0.0,1.0,0.0,0.5714285714285714,0.0,0.6673913043478255,de,fr,2776.4,226.0,8.4,6
Identities,Ethnic and racial minorities,Ethnic and racial minorities,de2fr,cross_matched,False,11,6,Identities,0.9965566714490676,0.3333333333333333,0.0909090909090909,0.1428571428571428,0.5705660067362195,0.1416960840653476,0.0031563845050215,0.835112785889988,0.1314081239761365,3485,11,0.0,1.0,0.0,0.3333333333333333,0.0,0.4444444444444445,de,fr,2780.0,226.0,3.0,6
Identities,Ethnic and racial minorities,Ethnic and racial minorities,de2fr,cross_full,False,11,6,Identities,0.9974175035868006,0.625,0.4545454545454545,0.5263157894736842,0.7625105058719306,0.5250533775496298,0.0031563845050215,0.9753231799863924,0.4459486178156996,3485,11,0.25,1.0,0.125,0.8,0.1818181818181818,0.761904761904762,de,fr,3749.0,512.0,6.0,6
Identities,Jews,Jews,de2fr,pooled_cv,False,28,6,Identities,0.9962697274031564,0.7586206896551724,0.7857142857142857,0.7719298245614035,0.8850246547948055,0.7700498931585973,0.0080344332855093,0.9175792388115211,0.676444607069053,3485,28,0.5937210648148148,0.9032258064516128,0.6190476190476191,0.9310919540229884,0.6341463414634146,0.8771929824561403,de,fr,,,,6
Identities,Jews,Jews,de2fr,within_matched,False,28,6,Identities,0.9965566714490676,0.7857142857142857,0.7857142857142857,0.7857142857142857,0.8919893384024133,0.7839786768048267,0.0080344332855093,0.9018244555560148,0.7270529759373543,3485,28,0.625,0.9310344827586208,0.6153846153846154,0.925925925925926,0.6486486486486486,0.8928571428571429,de,fr,2776.4,226.0,21.4,6
Identities,Jews,Jews,de2fr,cross_matched,False,28,6,Identities,0.9936872309899568,0.6666666666666666,0.4285714285714285,0.5217391304347826,0.7592808881521111,0.5187128849606408,0.0080344332855093,0.8665853960907475,0.4894434620186507,3485,28,0.4498611111111111,0.8823529411764706,0.2332692307692307,0.608756038647343,0.3225806451612903,0.6808510638297872,de,fr,2780.0,226.0,3.0,6
Identities,Jews,Jews,de2fr,cross_full,False,28,6,Identities,0.9959827833572452,0.85,0.6071428571428571,0.7083333333333334,0.8531553982471347,0.7063673567645643,0.0080344332855093,0.8784092317864374,0.6502687866112441,3485,28,0.6842105263157895,1.0,0.4285714285714285,0.7916666666666666,0.5454545454545455,0.8444871794871794,de,fr,3749.0,512.0,6.0,6
Identities,LGBTQIA+,LGBTQIA+,de2fr,pooled_cv,False,16,63,Identities,0.9971305595408896,0.65,0.8125,0.7222222222222222,0.8603900266000064,0.7207979490466272,0.0045911047345767,0.9957300374747766,0.7306797181778617,3485,16,0.4285714285714285,0.8573051948051946,0.5908422459893048,1.0,0.5185185185185185,0.8749999999999999,de,fr,,,,16
Identities,LGBTQIA+,LGBTQIA+,de2fr,within_matched,False,16,63,Identities,0.9977044476327116,0.7857142857142857,0.6875,0.7333333333333333,0.866090297790586,0.7321857409079556,0.0045911047345767,0.9408330931104064,0.6984968843475927,3485,16,0.5384615384615384,1.0,0.4545454545454545,0.9168269230769228,0.5263157894736842,0.896551724137931,de,fr,2776.4,226.0,12.2,16
Identities,LGBTQIA+,LGBTQIA+,de2fr,cross_matched,False,16,63,Identities,0.9971305595408896,0.65,0.8125,0.7222222222222222,0.8603900266000064,0.7207979490466272,0.0045911047345767,0.9767404151052176,0.6110278114462455,3485,16,0.4374320652173913,0.8571428571428571,0.6,1.0,0.5294117647058824,0.875,de,fr,2780.0,226.0,28.6,16
Identities,LGBTQIA+,LGBTQIA+,de2fr,cross_full,False,16,63,Identities,0.9956958393113344,0.5454545454545454,0.375,0.4444444444444444,0.7211419975354874,0.4423583627577525,0.0045911047345767,0.9970812914384548,0.5862360386674091,3485,16,0.2,0.8571428571428571,0.1333333333333333,0.6429621848739495,0.1665,0.6842927631578947,de,fr,3749.0,512.0,63.0,16
Identities,Muslims,Muslims,de2fr,pooled_cv,False,25,9,Identities,0.9962697274031564,0.7727272727272727,0.68,0.723404255319149,0.860763228338471,0.721534159009189,0.0071736011477761,0.9960462427745664,0.7039115907099281,3485,25,0.5833333333333334,0.9473684210526316,0.4995689655172414,0.8461538461538461,0.5555555555555556,0.8474833076527992,de,fr,,,,9
Identities,Muslims,Muslims,de2fr,within_matched,False,25,9,Identities,0.9962697274031564,0.7307692307692307,0.76,0.7450980392156863,0.8716095774919305,0.7432198826763396,0.0071736011477761,0.9915838150289016,0.6777873622719648,3485,25,0.5333333333333333,0.8947368421052632,0.5712732919254658,0.9130745341614906,0.5714285714285715,0.8695652173913043,de,fr,2776.4,226.0,19.2,9
Identities,Muslims,Muslims,de2fr,cross_matched,False,25,9,Identities,0.99454806312769,0.59375,0.76,0.6666666666666666,0.8319591108539466,0.6639600091349691,0.0071736011477761,0.9127167630057804,0.6214111486556332,3485,25,0.4,0.760047619047619,0.5787593984962406,0.920076923076923,0.4997448979591836,0.7999999999999999,de,fr,2780.0,226.0,4.0,9
Identities,Muslims,Muslims,de2fr,cross_full,False,25,9,Identities,0.9954088952654232,0.6363636363636364,0.84,0.7241379310344828,0.860911558109834,0.7218675179569034,0.0071736011477761,0.9620809248554912,0.7324137959430839,3485,25,0.4814444444444444,0.8,0.6666666666666666,0.9655459770114942,0.5789473684210527,0.8421052631578947,de,fr,3749.0,512.0,9.0,9
Identities,cisgender and heterosexuals,cisgender and heterosexuals,de2fr,pooled_cv,False,8,12,Identities,0.9991391678622668,0.8571428571428571,0.75,0.8,0.899784327821711,0.7995705768456569,0.0022955523672883,0.958477135461605,0.8602355851979346,3485,8,0.5833333333333334,1.0,0.4285714285714285,1.0,0.5256578947368421,1.0,de,fr,,,,8
Identities,cisgender and heterosexuals,cisgender and heterosexuals,de2fr,within_matched,False,8,12,Identities,0.999713055954089,0.8888888888888888,1.0,0.9411764705882352,0.9705163238889688,0.9410331466472648,0.0022955523672883,0.999964049467932,0.9861111111111112,3485,8,0.6666666666666666,1.0,1.0,1.0,0.8,1.0,de,fr,2776.4,226.0,6.2,8
Identities,cisgender and heterosexuals,cisgender and heterosexuals,de2fr,cross_matched,False,8,12,Identities,0.9977044476327116,0.0,0.0,0.0,0.4994254524561907,0.0,0.0022955523672883,0.8743349151567442,0.2742648406584294,3485,8,0.0,0.0,0.0,0.0,0.0,0.0,de,fr,2780.0,226.0,5.2,8
Identities,cisgender and heterosexuals,cisgender and heterosexuals,de2fr,cross_full,False,8,12,Identities,0.9977044476327116,0.0,0.0,0.0,0.4994254524561907,0.0,0.0022955523672883,0.999460742018982,0.8326330532212884,3485,8,0.0,0.0,0.0,0.0,0.0,0.0,de,fr,3749.0,512.0,12.0,8
Identities,disabled people,disabled people,de2fr,pooled_cv,False,8,24,Identities,0.999426111908178,0.8,1.0,0.8888888888888888,0.9443006009461704,0.8886047626658142,0.0022955523672883,0.9998561978717284,0.9317956349206348,3485,8,0.5,1.0,1.0,1.0,0.6666666666666666,1.0,de,fr,,,,8
Identities,disabled people,disabled people,de2fr,within_matched,False,8,24,Identities,0.9985652797704448,0.6666666666666666,0.75,0.7058823529411765,0.8525816194448439,0.7051657332363243,0.0022955523672883,0.9619643370721886,0.7635263484152898,3485,8,0.3333333333333333,1.0,0.4,1.0,0.4,0.923076923076923,de,fr,2776.4,226.0,6.2,8
Identities,disabled people,disabled people,de2fr,cross_matched,False,8,24,Identities,0.9982783357245336,0.6,0.75,0.6666666666666666,0.8329018028385117,0.6658142879974429,0.0022955523672883,0.9989214840379638,0.6661525974025974,3485,8,0.2857142857142857,1.0,0.375,1.0,0.3333333333333333,0.8890804597701149,de,fr,2780.0,226.0,10.0,8
Identities,disabled people,disabled people,de2fr,cross_full,False,8,24,Identities,0.9982783357245336,0.5714285714285714,1.0,0.7272727272727273,0.8632045847071754,0.7264735892002198,0.0022955523672883,0.999460742018982,0.8008814102564102,3485,8,0.2727272727272727,0.8333333333333334,1.0,1.0,0.4285714285714285,0.9090909090909092,de,fr,3749.0,512.0,24.0,8
Identities,men,men,de2fr,pooled_cv,False,33,102,Identities,0.993974175035868,0.7,0.6363636363636364,0.6666666666666666,0.8318131364316395,0.663633229920717,0.0094691535150645,0.9748498893921838,0.6701228274657359,3485,33,0.5185185185185185,0.85,0.4545454545454545,0.7879186602870812,0.5172135706340378,0.7879001280409732,de,fr,,,,33
Identities,men,men,de2fr,within_matched,False,33,102,Identities,0.9919655667144908,0.5675675675675675,0.6363636363636364,0.6,0.7979710144927536,0.5959554134852676,0.0094691535150645,0.962946381544296,0.5973959789037554,3485,33,0.3998837209302326,0.7241594827586206,0.4761607142857142,0.8,0.4582674050632911,0.7222916666666667,de,fr,2776.4,226.0,25.4,33
Identities,men,men,de2fr,cross_matched,False,33,102,Identities,0.9919655667144908,0.5675675675675675,0.6363636363636364,0.6,0.7979710144927536,0.5959554134852676,0.0094691535150645,0.9852522911619088,0.6552762484353395,3485,33,0.4,0.7333823529411764,0.4614864864864865,0.7941365007541478,0.4411764705882353,0.7294197138314786,de,fr,2780.0,226.0,45.4,33
Identities,men,men,de2fr,cross_full,False,33,102,Identities,0.9931133428981348,0.6046511627906976,0.7878787878787878,0.6842105263157895,0.8403646191196006,0.6807901626580974,0.0094691535150645,0.9887724288071912,0.7250128965418424,3485,33,0.4523809523809524,0.7551133786848072,0.6469537815126051,0.9166666666666666,0.5526315789473685,0.7954545454545455,de,fr,3749.0,512.0,102.0,33
Identities,multiple (or other) religious or minority groups,other religious/minority groups,de2fr,pooled_cv,False,8,6,Identities,0.9977044476327116,0.0,0.0,0.0,0.4994254524561907,0.0,0.0022955523672883,0.9863028472821398,0.3967024656610664,3485,8,0.0,0.0,0.0,0.0,0.0,0.0,de,fr,,,,6
Identities,multiple (or other) religious or minority groups,other religious/minority groups,de2fr,within_matched,False,8,6,Identities,0.9979913916786228,1.0,0.125,0.2222222222222222,0.6106083097894619,0.2218252575839739,0.0022955523672883,0.7782571182053495,0.2388865151788364,3485,8,0.0,1.0,0.0,0.4285714285714285,0.0,0.6,de,fr,2776.4,226.0,6.4,6
Identities,multiple (or other) religious or minority groups,other religious/minority groups,de2fr,cross_matched,False,8,6,Identities,0.9974175035868006,0.0,0.0,0.0,0.4993535411578796,-0.0005103831063191,0.0022955523672883,0.9543428242737992,0.0727300514636498,3485,8,0.0,0.0,0.0,0.0,0.0,0.0,de,fr,2780.0,226.0,3.0,6
Identities,multiple (or other) religious or minority groups,other religious/minority groups,de2fr,cross_full,False,8,6,Identities,0.9979913916786228,1.0,0.125,0.2222222222222222,0.6106083097894619,0.2218252575839739,0.0022955523672883,0.9768838078803566,0.2046392644387556,3485,8,0.0,1.0,0.0,0.4446969696969694,0.0,0.6156249999999998,de,fr,3749.0,512.0,6.0,6
Identities,"people with an immigration background, including immigrants",immigration background,de2fr,pooled_cv,True,57,163,Identities,0.9899569583931134,0.7037037037037037,0.6666666666666666,0.6846846846846847,0.8397909500110987,0.6795856876791208,0.0163558106169297,0.985705950991832,0.7128095196720111,3485,57,0.5789473684210527,0.8182272727272727,0.5471698113207547,0.7884615384615384,0.5784940312213039,0.7786259541984732,de,fr,,,,57
Identities,"people with an immigration background, including immigrants",immigration background,de2fr,within_matched,True,57,163,Identities,0.9913916786226684,0.7368421052631579,0.7368421052631579,0.7368421052631579,0.8662331879874716,0.7324663759749432,0.0163558106169297,0.9801377714999284,0.7101634407991495,3485,57,0.6189969604863222,0.8421310629514963,0.6190476190476191,0.8431372549019608,0.6391533230971704,0.8188976377952756,de,fr,2776.4,226.0,43.8,57
Identities,"people with an immigration background, including immigrants",immigration background,de2fr,cross_matched,True,57,163,Identities,0.9845050215208034,0.5223880597014925,0.6140350877192983,0.5645161290322581,0.7783141556642448,0.5566805338961889,0.0163558106169297,0.9523019918524434,0.5183740764170813,3485,57,0.4,0.6451714985708452,0.4843623991935484,0.7358490566037735,0.4509671436142024,0.6666666666666666,de,fr,2780.0,226.0,71.2,57
Identities,"people with an immigration background, including immigrants",immigration background,de2fr,cross_full,True,57,163,Identities,0.987661406025825,0.5921052631578947,0.7894736842105263,0.6766917293233082,0.8352012105736037,0.6705332193008106,0.0163558106169297,0.9905781080472476,0.7030692765594461,3485,57,0.4871323529411764,0.6969796650717703,0.6825051759834369,0.8928571428571429,0.5861775744780671,0.7575757575757576,de,fr,3749.0,512.0,163.0,57
Identities,women,women,de2fr,pooled_cv,True,111,215,Identities,0.9905308464849354,0.8482142857142857,0.8558558558558559,0.852017937219731,0.9235634372626,0.8471269761302475,0.0318507890961262,0.983701543867519,0.8559372184520627,3485,111,0.7796406453715776,0.9138054187192118,0.7886139774859287,0.9150943396226416,0.7963758015054364,0.8984054645045357,de,fr,,,,111
Identities,women,women,de2fr,within_matched,True,111,215,Identities,0.9905308464849354,0.8482142857142857,0.8558558558558559,0.852017937219731,0.9235634372626,0.8471269761302475,0.0318507890961262,0.9810581179875786,0.8475010556119085,3485,111,0.7767857142857143,0.9145299145299144,0.7889908256880734,0.918186456400742,0.8,0.9008264462809916,de,fr,2776.4,226.0,86.0,111
Identities,women,women,de2fr,cross_matched,True,111,215,Identities,0.9853658536585366,0.7380952380952381,0.8378378378378378,0.7848101265822784,0.8886177470873667,0.777266900007895,0.0318507890961262,0.9628104690345356,0.786164367946833,3485,111,0.6634163533834586,0.8174601188614325,0.7685185185185185,0.90385,0.7241195891415996,0.8403454302074812,de,fr,2780.0,226.0,97.4,111
Identities,women,women,de2fr,cross_full,True,111,215,Identities,0.9842180774748924,0.6944444444444444,0.9009009009009008,0.7843137254901961,0.8880615537354182,0.7762653976213572,0.0318507890961262,0.988849549015524,0.867324973637533,3485,111,0.615359477124183,0.767877132196162,0.8467963653308481,0.9504950495049505,0.7238730129838611,0.836507720959106,de,fr,3749.0,512.0,215.0,111
Identities,Christians,Christians,fr2de,pooled_cv,False,19,16,Identities,0.9970658842357962,0.8571428571428571,0.375,0.5217391304347826,0.760133779264214,0.520493471157983,0.0042678047479327,0.9969863380658988,0.7254091725550731,3749,16,0.5714285714285714,1.0,0.1538461538461538,0.625,0.25,0.7499999999999999,fr,de,,,,16
Identities,Christians,Christians,fr2de,within_matched,False,19,16,Identities,0.9965324086423046,0.7142857142857143,0.3125,0.4347826086956521,0.7165217391304348,0.4333104659139797,0.0042678047479327,0.9957473881596572,0.6243454624575547,3749,16,0.3333333333333333,1.0,0.0833333333333333,0.5501388888888888,0.1426190476190476,0.6666666666666666,fr,de,2881.6,292.0,9.2,16
Identities,Christians,Christians,fr2de,cross_matched,False,19,16,Identities,0.9957321952520672,0.5,0.0625,0.1111111111111111,0.554486036838978,0.1102672876679818,0.0042678047479327,0.8887623894990625,0.393190434969309,3749,16,0.0,1.0,0.0,0.2,0.0,0.3157894736842105,fr,de,2991.0,292.0,19.0,16
Identities,Christians,Christians,fr2de,cross_full,False,19,16,Identities,0.997332622032542,0.875,0.4375,0.5833333333333334,0.790997680849166,0.5821444493981276,0.0042678047479327,0.9982252879721404,0.7726248144558039,3749,16,0.5714285714285714,1.0,0.1764705882352941,0.7058823529411765,0.2857142857142857,0.8,fr,de,3485.0,292.0,19.0,16
Identities,Ethnic and racial minorities,Ethnic and racial minorities,fr2de,pooled_cv,False,11,6,Identities,0.9989330488130168,0.6666666666666666,0.6666666666666666,0.6666666666666666,0.833066167957966,0.6661323359159319,0.0016004267804747,0.999599251936949,0.8501683501683501,3749,6,0.2,1.0,0.25,1.0,0.2222222222222222,0.941331269349845,fr,de,,,,6
Identities,Ethnic and racial minorities,Ethnic and racial minorities,fr2de,within_matched,False,11,6,Identities,0.9983995732195252,0.5,0.1666666666666666,0.25,0.6245994659546061,0.2493993593166044,0.0016004267804747,0.9981743699349898,0.509090909090909,3749,6,0.0,1.0,0.0,0.5017857142857126,0.0,0.6666666666666666,fr,de,2881.6,292.0,3.2,6
Identities,Ethnic and racial minorities,Ethnic and racial minorities,fr2de,cross_matched,False,11,6,Identities,0.9978660976260336,0.25,0.1666666666666666,0.2,0.599465811965812,0.1989744137599487,0.0016004267804747,0.9558731855018258,0.5170866569978244,3749,6,0.0,1.0,0.0,0.5,0.0,0.5008333333333327,fr,de,2991.0,292.0,11.0,6
Identities,Ethnic and racial minorities,Ethnic and racial minorities,fr2de,cross_full,False,11,6,Identities,0.9991997866097626,1.0,0.5,0.6666666666666666,0.8331330395691459,0.6663106364040943,0.0016004267804747,0.9993766141241428,0.7999999999999999,3749,6,0.0,1.0,0.0,1.0,0.0,1.0,fr,de,3485.0,292.0,11.0,6
Identities,Jews,Jews,fr2de,pooled_cv,False,28,6,Identities,1.0,1.0,1.0,1.0,1.0,1.0,0.0016004267804747,1.0,1.0,3749,6,1.0,1.0,1.0,1.0,1.0,1.0,fr,de,,,,6
Identities,Jews,Jews,fr2de,within_matched,False,28,6,Identities,1.0,1.0,1.0,1.0,1.0,1.0,0.0016004267804747,1.0,1.0,3749,6,1.0,1.0,1.0,1.0,1.0,1.0,fr,de,2881.6,292.0,3.6,6
Identities,Jews,Jews,fr2de,cross_matched,False,28,6,Identities,0.998666311016271,1.0,0.1666666666666666,0.2857142857142857,0.6425234090432328,0.2853875185848805,0.0016004267804747,0.7105708433520348,0.2828547894239965,3749,6,0.0,1.0,0.0,0.5,0.0,0.6666666666666666,fr,de,2991.0,292.0,28.0,6
Identities,Jews,Jews,fr2de,cross_full,False,28,6,Identities,0.998666311016271,1.0,0.1666666666666666,0.2857142857142857,0.6425234090432328,0.2853875185848805,0.0016004267804747,0.9997328346246328,0.8857142857142857,3749,6,0.0,1.0,0.0,0.5714285714285714,0.0,0.7272727272727273,fr,de,3485.0,292.0,28.0,6
Identities,LGBTQIA+,LGBTQIA+,fr2de,pooled_cv,False,16,63,Identities,0.9943985062683384,0.85,0.8095238095238095,0.8292682926829268,0.913210417527904,0.8264225571966215,0.0168044811949853,0.9953233599462576,0.8516383966323058,3749,63,0.7540983606557377,0.9400074626865672,0.7016804058338617,0.9036592315206772,0.7407407407407407,0.8970588235294118,fr,de,,,,16
Identities,LGBTQIA+,LGBTQIA+,fr2de,within_matched,False,16,63,Identities,0.9933315550813552,0.8166666666666667,0.7777777777777778,0.7967479674796748,0.8966790684856001,0.793360187138835,0.0168044811949853,0.9428123573538656,0.7410285096827418,3749,63,0.7187057783018868,0.9166666666666666,0.6764507154213037,0.8833333333333333,0.7169811320754716,0.8696209587513934,fr,de,2881.6,292.0,36.2,16
Identities,LGBTQIA+,LGBTQIA+,fr2de,cross_matched,False,16,63,Identities,0.9858628967724726,0.8125,0.2063492063492063,0.3291139240506329,0.6609850520644053,0.3245159864697183,0.0168044811949853,0.8342419622940513,0.4448175769176595,3749,63,0.6,1.0,0.1153688524590164,0.3137394957983193,0.2,0.4571428571428572,fr,de,2991.0,292.0,16.0,16
Identities,LGBTQIA+,LGBTQIA+,fr2de,cross_full,False,16,63,Identities,0.9869298479594558,0.9375,0.238095238095238,0.379746835443038,0.6865710858708653,0.3754959120191735,0.0168044811949853,0.98010490142883,0.7140607106990559,3749,63,0.8,1.0,0.1384482758620689,0.3417992766726944,0.242398119122257,0.5001315789473684,fr,de,3485.0,292.0,16.0,16
Identities,Muslims,Muslims,fr2de,pooled_cv,False,25,9,Identities,0.9989330488130168,0.7272727272727273,0.8888888888888888,0.8,0.8997325488098422,0.7994704608060763,0.0024006401707121,0.9979203802733214,0.7323425666562922,3749,9,0.4542929292929293,1.0,0.6666666666666666,1.0,0.5714285714285714,0.9630268199233716,fr,de,,,,9
Identities,Muslims,Muslims,fr2de,within_matched,False,25,9,Identities,0.998666311016271,0.7,0.7777777777777778,0.7368421052631579,0.868086783344241,0.7361754232874977,0.0024006401707121,0.9929292929292928,0.7950450912794009,3749,9,0.4,1.0,0.4542929292929293,1.0,0.4615384615384615,0.9333333333333332,fr,de,2881.6,292.0,5.0,9
Identities,Muslims,Muslims,fr2de,cross_matched,False,25,9,Identities,0.9989330488130168,0.7777777777777778,0.7777777777777778,0.7777777777777778,0.8886215092097445,0.777243018419489,0.0024006401707121,0.9954248366013072,0.8482646168180761,3749,9,0.5,1.0,0.4444444444444444,1.0,0.4705882352941176,0.96,fr,de,2991.0,292.0,25.0,9
Identities,Muslims,Muslims,fr2de,cross_full,False,25,9,Identities,0.9989330488130168,0.7777777777777778,0.7777777777777778,0.7777777777777778,0.8886215092097445,0.777243018419489,0.0024006401707121,0.9997623291740938,0.9094356261022928,3749,9,0.4444444444444444,1.0,0.4988636363636364,1.0,0.5,0.962962962962963,fr,de,3485.0,292.0,25.0,9
Identities,cisgender and heterosexuals,cisgender and heterosexuals,fr2de,pooled_cv,False,8,12,Identities,0.9994665244065084,1.0,0.8333333333333334,0.9090909090909092,0.954411693175738,0.9088256037354994,0.0032008535609495,0.9993087146552494,0.9399224806201552,3749,12,1.0,1.0,0.6,1.0,0.7499999999999999,1.0,fr,de,,,,8
Identities,cisgender and heterosexuals,cisgender and heterosexuals,fr2de,within_matched,False,8,12,Identities,0.9983995732195252,1.0,0.5,0.6666666666666666,0.8329322638146167,0.6659538447830349,0.0032008535609495,0.9404379627151904,0.7960447726072319,3749,12,1.0,1.0,0.1666666666666666,0.8,0.2857142857142857,0.888888888888889,fr,de,2881.6,292.0,6.8,8
Identities,cisgender and heterosexuals,cisgender and heterosexuals,fr2de,cross_matched,False,8,12,Identities,0.9965324086423046,0.3333333333333333,0.0833333333333333,0.1333333333333333,0.565798031092699,0.1322222815732777,0.0032008535609495,0.8486419587904737,0.4208598416568814,3749,12,0.0,1.0,0.0,0.2727272727272727,0.0,0.375,fr,de,2991.0,292.0,8.0,8
Identities,cisgender and heterosexuals,cisgender and heterosexuals,fr2de,cross_full,False,8,12,Identities,0.9967991464390504,0.5,0.0833333333333333,0.1428571428571428,0.570626861113232,0.1420725428124643,0.0032008535609495,0.9948934082597448,0.4665215350055775,3749,12,0.0,1.0,0.0,0.3,0.0,0.4210526315789474,fr,de,3485.0,292.0,8.0,8
Identities,disabled people,disabled people,fr2de,pooled_cv,False,8,24,Identities,0.9981328354227794,0.8695652173913043,0.8333333333333334,0.851063829787234,0.925062179287658,0.8501247865493236,0.0064017071218991,0.9923601789709172,0.8618130688137455,3749,24,0.7142857142857143,1.0,0.6666666666666666,0.9643165024630542,0.7233747044917257,0.9523809523809524,fr,de,,,,8
Identities,disabled people,disabled people,fr2de,within_matched,False,8,24,Identities,0.9978660976260336,0.8333333333333334,0.8333333333333334,0.8333333333333334,0.9161297539149889,0.8322595078299776,0.0064017071218991,0.9412304250559284,0.7413078720122415,3749,24,0.6666666666666666,0.9600384615384616,0.6666666666666666,0.9643165024630542,0.7058028616852147,0.931162876008804,fr,de,2881.6,292.0,13.8,8
Identities,disabled people,disabled people,fr2de,cross_matched,False,8,24,Identities,0.995998933048813,1.0,0.375,0.5454545454545454,0.7717225841807221,0.5438617836719796,0.0064017071218991,0.8535570469798659,0.620680259294627,3749,24,1.0,1.0,0.1816844919786096,0.5883021390374331,0.3075,0.7407936507936507,fr,de,2991.0,292.0,8.0,8
Identities,disabled people,disabled people,fr2de,cross_full,False,8,24,Identities,0.9962656708455588,1.0,0.4166666666666667,0.5882352941176471,0.7931798121177731,0.5866788464870143,0.0064017071218991,0.9675838926174496,0.8369130882973472,3749,24,1.0,1.0,0.2221014492753623,0.6153846153846154,0.3634740259740259,0.761904761904762,fr,de,3485.0,292.0,8.0,8
Identities,men,men,fr2de,pooled_cv,False,33,102,Identities,0.9887970125366764,0.8260869565217391,0.7450980392156863,0.7835051546391752,0.8888774404083062,0.7777705641758099,0.0272072552680714,0.9809513056662204,0.8085866456675445,3749,102,0.7407407407407407,0.8953609496124031,0.6622840751481528,0.8282828282828283,0.7127178928479878,0.8472988505747125,fr,de,,,,33
Identities,men,men,fr2de,within_matched,False,33,102,Identities,0.9890637503334222,0.8080808080808081,0.7843137254901961,0.7960199004975125,0.8952005765335308,0.7904024392073121,0.0272072552680714,0.967088178841594,0.8033694295794603,3749,102,0.7181684491978609,0.8804422616673315,0.6989247311827957,0.8611350574712644,0.7314814814814815,0.8556757304281276,fr,de,2881.6,292.0,59.4,33
Identities,men,men,fr2de,cross_matched,False,33,102,Identities,0.9847959455854894,0.8947368421052632,0.5,0.6415094339622641,0.8168713541251571,0.6343771975300404,0.0272072552680714,0.9546309886718602,0.7483275459552537,3749,102,0.8058966530981456,0.9666803278688524,0.4019607843137255,0.5929410951327434,0.5492888704777685,0.7255036261079775,fr,de,2991.0,292.0,33.0,33
Identities,men,men,fr2de,cross_full,False,33,102,Identities,0.9890637503334222,0.9178082191780822,0.6568627450980392,0.7657142857142857,0.8800577437037904,0.7602728082310355,0.0272072552680714,0.9871046307198502,0.8493769486412793,3749,102,0.8554129561725161,0.9729907539118066,0.56699434358179,0.7451026637069923,0.6966292134831461,0.829076672294347,fr,de,3485.0,292.0,33.0,33
Identities,multiple (or other) religious or minority groups,other religious/minority groups,fr2de,pooled_cv,False,8,6,Identities,0.9983995732195252,0.0,0.0,0.0,0.4995995728777362,0.0,0.0016004267804747,0.9784486597203668,0.2017806819309447,3749,6,0.0,0.0,0.0,0.0,0.0,0.0,fr,de,,,,6
Identities,multiple (or other) religious or minority groups,other religious/minority groups,fr2de,within_matched,False,8,6,Identities,0.9983995732195252,0.0,0.0,0.0,0.4995995728777362,0.0,0.0016004267804747,0.6318015851812272,0.0300642640589111,3749,6,0.0,0.0,0.0,0.0,0.0,0.0,fr,de,2881.6,292.0,3.2,6
Identities,multiple (or other) religious or minority groups,other religious/minority groups,fr2de,cross_matched,False,8,6,Identities,0.9981328354227794,0.0,0.0,0.0,0.499532772660526,-0.0004574739811673,0.0016004267804747,0.9509306260575296,0.0372199595384886,3749,6,0.0,0.0,0.0,0.0,0.0,0.0,fr,de,2991.0,292.0,8.0,6
Identities,multiple (or other) religious or minority groups,other religious/minority groups,fr2de,cross_full,False,8,6,Identities,0.9989330488130168,0.75,0.5,0.6,0.7997329059829059,0.5994872068799744,0.0016004267804747,0.9965713776827856,0.5085978835978836,3749,6,0.0,1.0,0.0,1.0,0.0,0.9090909090909092,fr,de,3485.0,292.0,8.0,6
Identities,"people with an immigration background, including immigrants",immigration background,fr2de,pooled_cv,True,57,163,Identities,0.9903974393171512,0.9096774193548388,0.8650306748466258,0.8867924528301887,0.9408892626267936,0.881781838949172,0.0434782608695652,0.9845137361039352,0.889740832846802,3749,163,0.8614374163319947,0.9506194574856548,0.8103393714535138,0.9127970171890798,0.849812030075188,0.9208251096710268,fr,de,,,,57
Identities,"people with an immigration background, including immigrants",immigration background,fr2de,within_matched,True,57,163,Identities,0.985329421178981,0.8461538461538461,0.8098159509202454,0.8275862068965517,0.9099624863706884,0.8199288256227758,0.0434782608695652,0.9608566374346044,0.8054426456422469,3749,163,0.7876669520547945,0.9,0.7445135992353146,0.8713601839965768,0.7820737372738954,0.8716298615688858,fr,de,2881.6,292.0,93.4,57
Identities,"people with an immigration background, including immigrants",immigration background,fr2de,cross_matched,True,57,163,Identities,0.985329421178981,0.9655172413793104,0.6871165644171779,0.8028673835125448,0.8976242998737403,0.7954729183508489,0.0434782608695652,0.9382311579797372,0.8483231831439433,3749,163,0.9285585817060638,0.992367857969003,0.6178343949044586,0.7559638278388278,0.7517241379310344,0.8498264893001735,fr,de,2991.0,292.0,57.0,57
Identities,"people with an immigration background, including immigrants",immigration background,fr2de,cross_full,True,57,163,Identities,0.9810616164310484,0.96,0.588957055214724,0.7300380228136882,0.8601123078823105,0.7208069755513763,0.0434782608695652,0.974630379218433,0.861020214700126,3749,163,0.9135668276972624,0.9905660377358492,0.5107838204960508,0.6646367897927534,0.6666023166023166,0.7885490050673588,fr,de,3485.0,292.0,57.0,57
Identities,women,women,fr2de,pooled_cv,True,111,215,Identities,0.9834622566017605,0.8493150684931506,0.8651162790697674,0.8571428571428571,0.9241829801003074,0.848366751560445,0.0573486263003467,0.9818678353798976,0.8591457255108819,3749,215,0.8008849557522124,0.8960412112639835,0.8227146464646465,0.9086034429280396,0.8200444191343964,0.8922418852008069,fr,de,,,,111
Identities,women,women,fr2de,within_matched,True,111,215,Identities,0.9818618298212856,0.8387096774193549,0.8465116279069768,0.8425925925925926,0.9164845216005704,0.8329692620775779,0.0573486263003467,0.9512154354378068,0.8207506905457166,3749,215,0.789891685317343,0.8866124768702087,0.795906771799629,0.8925233644859814,0.8067554932211313,0.8791294642857144,fr,de,2881.6,292.0,120.8,111
Identities,women,women,fr2de,cross_matched,True,111,215,Identities,0.9783942384635904,0.8681318681318682,0.7348837209302326,0.7959697732997482,0.8922814645966421,0.7846461190857624,0.0573486263003467,0.9726550058567276,0.8436743185008535,3749,215,0.8160843920145191,0.914787006974507,0.6782514632107023,0.7919211473443123,0.7541833630699933,0.8365469858156028,fr,de,2991.0,292.0,111.0,111
Identities,women,women,fr2de,cross_full,True,111,215,Identities,0.9751933849026408,0.9295774647887324,0.6139534883720931,0.7394957983193278,0.8632362061194734,0.7270429872241616,0.0573486263003467,0.9843908345507428,0.878857830834333,3749,215,0.8874172185430463,0.969528121587186,0.5462752525252526,0.6779058257918552,0.6855227422764839,0.7875647668393781,fr,de,3485.0,292.0,111.0,111
Labour market,CEOs and corporate leaders,CEOs and corporate leaders,de2fr,pooled_cv,False,37,35,Labor Market Position,0.9919655667144908,0.6285714285714286,0.5945945945945946,0.6111111111111112,0.8035259817660514,0.6070551282567551,0.0106169296987087,0.9610193139775508,0.5337253497198002,3485,37,0.4666666666666667,0.7813133445945946,0.4333333333333333,0.75,0.4666071428571429,0.7323943661971831,de,fr,,,,35
Labour market,CEOs and corporate leaders,CEOs and corporate leaders,de2fr,within_matched,False,37,35,Labor Market Position,0.9908177905308464,0.5757575757575758,0.5135135135135135,0.5428571428571428,0.7691097308488613,0.5382347582688772,0.0106169296987087,0.951762086912899,0.5135641966345501,3485,37,0.4074074074074074,0.7575757575757576,0.3529411764705882,0.6756955484896661,0.3934426229508197,0.6764819004524886,de,fr,2756.8,457.0,28.2,35
Labour market,CEOs and corporate leaders,CEOs and corporate leaders,de2fr,cross_matched,False,37,35,Labor Market Position,0.9882352941176472,0.4333333333333333,0.3513513513513513,0.3880597014925373,0.6910601274375623,0.3821857096530104,0.0106169296987087,0.9278390919922244,0.3561539328559652,3485,37,0.25,0.6333333333333333,0.1944444444444444,0.5003205128205125,0.2221461187214611,0.5306802721088434,de,fr,2759.0,457.0,22.8,35
Labour market,CEOs and corporate leaders,CEOs and corporate leaders,de2fr,cross_full,False,37,35,Labor Market Position,0.9830703012912482,0.3625,0.7837837837837838,0.4957264957264957,0.7435585637832829,0.4882971442792261,0.0106169296987087,0.9889556029347212,0.5046516220389125,3485,37,0.2564102564102564,0.4625446428571428,0.6470588235294118,0.9117966751918158,0.3773584905660377,0.5954279681663147,de,fr,3749.0,704.0,35.0,35
Labour market,civil servants,civil servants,de2fr,pooled_cv,False,23,24,Labor Market Position,0.9979913916786228,0.9,0.782608695652174,0.8372093023255814,0.9180993819264692,0.8362037130291737,0.006599713055954,0.9802828221937558,0.8317435334407461,3485,23,0.749671052631579,1.0,0.5908422459893048,0.9333333333333332,0.6896551724137931,0.9362034574468086,de,fr,,,,23
Labour market,civil servants,civil servants,de2fr,within_matched,False,23,24,Labor Market Position,0.9974175035868006,0.8181818181818182,0.782608695652174,0.8,0.8993501805054152,0.7987010069763114,0.006599713055954,0.8973199708637882,0.7495268596948388,3485,23,0.6205570291777188,1.0,0.5908422459893048,0.9333333333333332,0.6451612903225806,0.9142857142857144,de,fr,2756.8,457.0,17.6,23
Labour market,civil servants,civil servants,de2fr,cross_matched,False,23,24,Labor Market Position,0.993974175035868,0.6,0.2608695652173913,0.3636363636363636,0.680304559214751,0.3610807979396744,0.006599713055954,0.9463115062919149,0.3209181743898259,3485,23,0.2721590909090909,0.9002272727272725,0.0952380952380952,0.4616666666666665,0.1481481481481481,0.5652378999179656,de,fr,2759.0,457.0,15.6,23
Labour market,civil servants,civil servants,de2fr,cross_full,False,23,24,Labor Market Position,0.9951219512195122,0.75,0.391304347826087,0.5142857142857142,0.7559171902358637,0.5120776129728306,0.006599713055954,0.9837615854118,0.5641383186224711,3485,23,0.5,1.0,0.2,0.6,0.3029545454545455,0.7027821939586645,de,fr,3749.0,704.0,24.0,23
Labour market,employers,employers,de2fr,pooled_cv,False,38,30,Labor Market Position,0.9959827833572452,0.8157894736842105,0.8157894736842105,0.8157894736842105,0.9068793611531004,0.8137587223062006,0.0109038737446198,0.9786923793382498,0.861249569250757,3485,38,0.6764507154213037,0.9333333333333332,0.6828536585365854,0.9375,0.7026351351351352,0.8988764044943819,de,fr,,,,30
Labour market,employers,employers,de2fr,within_matched,False,38,30,Labor Market Position,0.9954088952654232,0.8666666666666667,0.6842105263157895,0.7647058823529411,0.881193856853086,0.7624201107797188,0.0109038737446198,0.9446734765547462,0.7854830607333745,3485,38,0.7306818181818181,1.0,0.5333333333333333,0.8223809523809522,0.6348809523809523,0.8615517241379309,de,fr,2756.8,457.0,29.0,30
Labour market,employers,employers,de2fr,cross_matched,False,38,30,Labor Market Position,0.9925394548063128,1.0,0.3157894736842105,0.48,0.7381213872832371,0.4772640736595552,0.0109038737446198,0.8996533980730765,0.5562533803415916,3485,38,1.0,1.0,0.1621621621621621,0.4687959558823529,0.2790697674418604,0.6383404255319148,de,fr,2759.0,457.0,18.6,30
Labour market,employers,employers,de2fr,cross_full,False,38,30,Labor Market Position,0.9905308464849354,0.8571428571428571,0.1578947368421052,0.2666666666666666,0.6309506618531889,0.2641705002783233,0.0109038737446198,0.9729665765807032,0.5917534949128315,3485,38,0.5,1.0,0.0555555555555555,0.28125,0.1025641025641025,0.4324324324324324,de,fr,3749.0,704.0,30.0,30
Labour market,entrepreneurs,entrepreneurs,de2fr,pooled_cv,True,271,409,Labor Market Position,0.9675753228120516,0.80859375,0.7638376383763837,0.7855787476280834,0.884020166922842,0.7680557036192392,0.0777618364418938,0.949623074326574,0.8131513364489281,3485,271,0.7626445147384038,0.8560015151515151,0.7170474873963246,0.8143939393939394,0.7479589947702134,0.8235411764705883,de,fr,,,,271
Labour market,entrepreneurs,entrepreneurs,de2fr,within_matched,True,271,409,Labor Market Position,0.9684361549497849,0.8132295719844358,0.7712177121771218,0.7916666666666666,0.8872956121287385,0.7746042124053232,0.0777618364418938,0.9656989600387604,0.8400251438951797,3485,271,0.7663906946799824,0.8597841328413284,0.722202380952381,0.8217054263565892,0.753621712565306,0.8290930029663235,de,fr,2756.8,457.0,207.0,271
Labour market,entrepreneurs,entrepreneurs,de2fr,cross_matched,True,271,409,Labor Market Position,0.9535150645624104,0.6730158730158731,0.7822878228782287,0.7235494880546075,0.8490867741024917,0.6983296642229679,0.0777618364418938,0.9362268856042636,0.6774834441585155,3485,271,0.6222115384615384,0.7250879019594456,0.7325846833578792,0.830828449800973,0.6821407954833798,0.7656262891914192,de,fr,2759.0,457.0,267.0,271
Labour market,entrepreneurs,entrepreneurs,de2fr,cross_full,True,271,409,Labor Market Position,0.9621233859397418,0.7178683385579937,0.8450184501845018,0.7762711864406779,0.877790765634132,0.7557310439601286,0.0777618364418938,0.9636415405846654,0.8064836021425281,3485,271,0.6698761190266045,0.7684957465504089,0.8,0.8877378542510121,0.7379963036337053,0.814354584492658,de,fr,3749.0,704.0,409.0,271
Labour market,housewives and househusbands,housewives and househusbands,de2fr,pooled_cv,False,10,11,Labor Market Position,1.0,1.0,1.0,1.0,1.0,1.0,0.0028694404591104,1.0,1.0,3485,10,1.0,1.0,1.0,1.0,1.0,1.0,de,fr,,,,10
Labour market,housewives and househusbands,housewives and househusbands,de2fr,within_matched,False,10,11,Labor Market Position,0.999713055954089,1.0,0.9,0.9473684210526316,0.9736122784302144,0.947224956462482,0.0028694404591104,1.0,1.0,3485,10,1.0,1.0,0.6666666666666666,1.0,0.8,1.0,de,fr,2756.8,457.0,7.6,10
Labour market,housewives and househusbands,housewives and househusbands,de2fr,cross_matched,False,10,11,Labor Market Position,0.9977044476327116,1.0,0.2,0.3333333333333333,0.6660917888282073,0.3326950694112015,0.0028694404591104,0.8678848920863309,0.2640605331267939,3485,10,0.0,1.0,0.0,0.5,0.0,0.6666666666666666,de,fr,2759.0,457.0,7.0,10
Labour market,housewives and househusbands,housewives and househusbands,de2fr,cross_full,False,10,11,Labor Market Position,0.9974175035868006,1.0,0.1,0.1818181818181818,0.5902624462762414,0.1813911000913481,0.0028694404591104,0.9978417266187052,0.849770823455034,3485,10,0.0,1.0,0.0,0.3333333333333333,0.0,0.5,de,fr,3749.0,704.0,11.0,10
Labour market,retirees,retirees,de2fr,pooled_cv,False,8,13,Labor Market Position,0.9965566714490676,0.25,0.25,0.25,0.6241371872303709,0.2482743744607419,0.0022955523672883,0.9941400632729364,0.3035776051905084,3485,8,0.0,0.6,0.0,0.6,0.0,0.5333333333333333,de,fr,,,,8
Labour market,retirees,retirees,de2fr,within_matched,False,8,13,Labor Market Position,0.9985652797704448,0.7142857142857143,0.625,0.6666666666666666,0.8329738797028516,0.6659509614094281,0.0022955523672883,0.9964049467932126,0.577386133370176,3485,8,0.3333333333333333,1.0,0.25,1.0,0.3076923076923077,0.9092803030303028,de,fr,2756.8,457.0,6.4,8
Labour market,retirees,retirees,de2fr,cross_matched,False,8,13,Labor Market Position,0.9971305595408896,0.4,0.5,0.4444444444444444,0.7215030047308528,0.4430238133290713,0.0022955523672883,0.9746548748921484,0.4363538918581012,3485,8,0.1,0.7272727272727273,0.125,0.875,0.1111111111111111,0.7000000000000001,de,fr,2759.0,457.0,8.0,8
Labour market,retirees,retirees,de2fr,cross_full,False,8,13,Labor Market Position,0.9968436154949784,0.4117647058823529,0.875,0.56,0.7792080633549316,0.5586220395380701,0.0022955523672883,0.9990652861662352,0.7382761437908497,3485,8,0.1666666666666666,0.6470588235294118,0.5714285714285714,1.0,0.2857142857142857,0.7620879120879119,de,fr,3749.0,704.0,13.0,8
Labour market,self-employed and freelancers,self-employed and freelancers,de2fr,pooled_cv,False,9,10,Labor Market Position,0.9982783357245336,1.0,0.3333333333333333,0.5,0.7495688416211554,0.4993535411578795,0.0025824964131994,0.908931082981716,0.5091516456159785,3485,9,0.0,1.0,0.0,0.6666666666666666,0.0,0.8,de,fr,,,,9
Labour market,self-employed and freelancers,self-employed and freelancers,de2fr,within_matched,False,9,10,Labor Market Position,0.9977044476327116,0.6666666666666666,0.2222222222222222,0.3333333333333333,0.6660917888282073,0.3324713882105061,0.0025824964131994,0.9834420150875848,0.4480875941910041,3485,9,0.0,1.0,0.0,0.5559523809523806,0.0,0.6666666666666666,de,fr,2756.8,457.0,7.2,9
Labour market,self-employed and freelancers,self-employed and freelancers,de2fr,cross_matched,False,9,10,Labor Market Position,0.9968436154949784,0.0,0.0,0.0,0.4992096565598505,-0.0009399723230372,0.0025824964131994,0.6851425648894003,0.0546221061309935,3485,9,0.0,0.0,0.0,0.0,0.0,0.0,de,fr,2759.0,457.0,7.0,9
Labour market,self-employed and freelancers,self-employed and freelancers,de2fr,cross_full,False,9,10,Labor Market Position,0.9974175035868006,0.0,0.0,0.0,0.4993535411578796,0.0,0.0025824964131994,0.5445115714103056,0.0138701828994355,3485,9,0.0,0.0,0.0,0.0,0.0,0.0,de,fr,3749.0,704.0,10.0,9
Labour market,unemployed,unemployed,de2fr,pooled_cv,False,27,25,Labor Market Position,0.9974175035868006,0.9090909090909092,0.7407407407407407,0.8163265306122449,0.9075130702476047,0.815039775441245,0.0077474892395982,0.9914637019900178,0.822863259647197,3485,27,0.7666176470588236,1.0,0.5555555555555556,0.90326420890937,0.6666666666666667,0.92,de,fr,,,,25
Labour market,unemployed,unemployed,de2fr,within_matched,False,27,25,Labor Market Position,0.9971305595408896,0.9047619047619048,0.7037037037037037,0.7916666666666666,0.8951109987479533,0.7902447245193986,0.0077474892395982,0.9957800484116274,0.8284874682271707,3485,27,0.75,1.0,0.5172413793103449,0.8695652173913043,0.6428234501347708,0.9014222590444628,de,fr,2756.8,457.0,20.8,25
Labour market,unemployed,unemployed,de2fr,cross_matched,False,27,25,Labor Market Position,0.9911047345767576,0.25,0.074074074074074,0.1142857142857142,0.5549078174889278,0.1111376220761376,0.0077474892395982,0.8604095709358868,0.2282565170612998,3485,27,0.0,0.625,0.0,0.1923076923076923,0.0,0.2777777777777778,de,fr,2759.0,457.0,16.4,25
Labour market,unemployed,unemployed,de2fr,cross_full,False,27,25,Labor Market Position,0.987661406025825,0.3666666666666666,0.8148148148148148,0.5057471264367817,0.7497499252698219,0.5004083945925222,0.0077474892395982,0.9871794871794872,0.7880391106426307,3485,27,0.2456057596822244,0.5,0.6561899038461538,0.96,0.3714021164021164,0.6292134831460674,de,fr,3749.0,704.0,25.0,25
Labour market,wage and salary earners,wage and salary earners,de2fr,pooled_cv,True,237,200,Labor Market Position,0.9750358680057388,0.8177966101694916,0.8143459915611815,0.8160676532769556,0.901338428762535,0.8026769217352482,0.0680057388809182,0.9776077716114818,0.8890310953973237,3485,237,0.7678571428571429,0.8651188068756319,0.762928904865749,0.8652196095829636,0.7747640752391346,0.8524590163934425,de,fr,,,,200
Labour market,wage and salary earners,wage and salary earners,de2fr,within_matched,True,237,200,Labor Market Position,0.9727403156384504,0.8349056603773585,0.7468354430379747,0.7884187082405345,0.8869251952489285,0.7738986544212605,0.0680057388809182,0.960336513479246,0.8370245600766674,3485,237,0.7867910706045224,0.8842633305415969,0.6877506902120123,0.8008859800065552,0.7424790748257044,0.8285242668893839,de,fr,2756.8,457.0,182.0,200
Labour market,wage and salary earners,wage and salary earners,de2fr,cross_matched,True,237,200,Labor Market Position,0.9678622668579628,0.8272251308900523,0.6666666666666666,0.7383177570093458,0.8605988051326154,0.7214081479123455,0.0680057388809182,0.9431782752385108,0.7314606969176449,3485,237,0.7656231309808612,0.8756764391510155,0.6035242290748899,0.7253218884120172,0.6835259141202071,0.7817291774018484,de,fr,2759.0,457.0,128.6,200
Labour market,wage and salary earners,wage and salary earners,de2fr,cross_full,True,237,200,Labor Market Position,0.9621233859397418,0.766497461928934,0.6371308016877637,0.695852534562212,0.8378283480644597,0.675839539092052,0.0680057388809182,0.9583930909771154,0.7556897956712162,3485,237,0.707851466155111,0.8206633925009972,0.576271186440678,0.7000233644859812,0.6476829675560628,0.741856657773466,de,fr,3749.0,704.0,200.0,200
Labour market,CEOs and corporate leaders,CEOs and corporate leaders,fr2de,pooled_cv,False,37,35,Labor Market Position,0.99493198186183,0.7666666666666667,0.6571428571428571,0.7076923076923077,0.8525680696271306,0.7051513959889893,0.0093358228861029,0.9806600507731364,0.7740014137277457,3749,35,0.5936789772727272,0.9130745341614906,0.4864864864864865,0.8125,0.5614035087719299,0.8253968253968254,fr,de,,,,35
Labour market,CEOs and corporate leaders,CEOs and corporate leaders,fr2de,within_matched,False,37,35,Labor Market Position,0.994665244065084,0.7586206896551724,0.6285714285714286,0.6875,0.8424048291633037,0.6848335056703068,0.0093358228861029,0.9431340872374798,0.6589416208120713,3749,35,0.5714285714285714,0.90326420890937,0.4615384615384615,0.7837837837837838,0.531234056122449,0.8090172095007823,fr,de,2952.0,553.0,27.4,35
Labour market,CEOs and corporate leaders,CEOs and corporate leaders,fr2de,cross_matched,False,37,35,Labor Market Position,0.9927980794878636,0.7857142857142857,0.3142857142857143,0.4489795918367347,0.7226774721165148,0.4460242665046711,0.0093358228861029,0.9103392568659128,0.5825347107966256,3749,35,0.533235294117647,1.0,0.1665697674418604,0.4706290849673202,0.2608695652173913,0.6087843833185448,fr,de,2952.0,553.0,35.0,35
Labour market,CEOs and corporate leaders,CEOs and corporate leaders,fr2de,cross_full,False,37,35,Labor Market Position,0.9930648172846092,0.9090909090909092,0.2857142857142857,0.4347826086956521,0.7156468062265163,0.4322476177162693,0.0093358228861029,0.9778906069697668,0.6211054308859705,3749,35,0.7139285714285715,1.0,0.1428571428571428,0.4483189655172414,0.2448730711796913,0.6086956521739131,fr,de,3485.0,596.0,37.0,35
Labour market,civil servants,civil servants,fr2de,pooled_cv,False,23,24,Labor Market Position,0.9951987196585756,0.6071428571428571,0.7083333333333334,0.6538461538461539,0.825714374263931,0.6514431520009918,0.0064017071218991,0.9948657718120806,0.6619959289899526,3749,24,0.4285714285714285,0.7777777777777778,0.5,0.8800588235294117,0.4827586206896552,0.7857142857142856,fr,de,,,,23
Labour market,civil servants,civil servants,fr2de,within_matched,False,23,24,Labor Market Position,0.9970658842357962,0.8823529411764706,0.625,0.7317073170731707,0.8651160965143244,0.7302754213731171,0.0064017071218991,0.9641051454138704,0.7225773761176906,3749,24,0.7142857142857143,1.0,0.4166666666666667,0.8235933503836316,0.5531548055759354,0.8696209587513936,fr,de,2952.0,553.0,18.8,23
Labour market,civil servants,civil servants,fr2de,cross_matched,False,23,24,Labor Market Position,0.9933315550813552,0.0,0.0,0.0,0.4983273116552923,-0.000512398988012,0.0064017071218991,0.7252125279642059,0.0577612320515052,3749,24,0.0,0.0,0.0,0.0,0.0,0.0,fr,de,2952.0,553.0,22.0,23
Labour market,civil servants,civil servants,fr2de,cross_full,False,23,24,Labor Market Position,0.9935982928781008,0.0,0.0,0.0,0.4983944340379984,0.0,0.0064017071218991,0.9386800894854586,0.1390951495499109,3749,24,0.0,0.0,0.0,0.0,0.0,0.0,fr,de,3485.0,596.0,23.0,23
Labour market,employers,employers,fr2de,pooled_cv,False,38,30,Labor Market Position,0.9978660976260336,0.8928571428571429,0.8333333333333334,0.8620689655172413,0.9304968483500184,0.8609949852151908,0.0080021339023739,0.9780944698395626,0.8660858436207486,3749,30,0.7630789473684211,1.0,0.6921875,0.9629629629629628,0.761904761904762,0.9473684210526316,fr,de,,,,30
Labour market,employers,employers,fr2de,within_matched,False,38,30,Labor Market Position,0.9975993598292878,0.8888888888888888,0.8,0.8421052631578947,0.92044787415387,0.840899124358122,0.0080021339023739,0.9164829255176123,0.6828535039364025,3749,30,0.75,1.0,0.6451036866359446,0.9310919540229884,0.7221994535519125,0.9333766233766232,fr,de,2952.0,553.0,23.6,30
Labour market,employers,employers,fr2de,cross_matched,False,38,30,Labor Market Position,0.9957321952520672,0.7916666666666666,0.6333333333333333,0.7037037037037037,0.8507771608255219,0.7015810473319204,0.0080021339023739,0.9478892175315944,0.7476805046054056,3749,30,0.6188492063492064,0.9500595238095236,0.4583333333333333,0.8125578703703703,0.5489304812834224,0.8312229437229437,fr,de,2952.0,553.0,35.0,30
Labour market,employers,employers,fr2de,cross_full,False,38,30,Labor Market Position,0.997332622032542,0.9545454545454546,0.7,0.8076923076923077,0.9031746523688506,0.8063813084884417,0.0080021339023739,0.992318723671238,0.8654061713056126,3749,30,0.8460526315789474,1.0,0.5262828947368421,0.8571428571428571,0.6666666666666667,0.912280701754386,fr,de,3485.0,596.0,38.0,30
Labour market,entrepreneurs,entrepreneurs,fr2de,pooled_cv,True,271,409,Labor Market Position,0.9570552147239264,0.8425414364640884,0.7457212713936431,0.7911802853437094,0.8836234413190971,0.7673459727879252,0.1090957588690317,0.970716879200035,0.8585749401490428,3749,409,0.8036240289167026,0.8806428503199923,0.7044240920794291,0.7855446804401298,0.7589876745535867,0.8197996607886064,fr,de,,,,271
Labour market,entrepreneurs,entrepreneurs,fr2de,within_matched,True,271,409,Labor Market Position,0.9586556415044012,0.8223350253807107,0.7921760391198044,0.8069738480697385,0.8919111211969305,0.7838312894903754,0.1090957588690317,0.9572584659531792,0.8211345854289842,3749,409,0.7818100023369947,0.8587257617728532,0.7506425099916927,0.827985235091743,0.7760310270752271,0.8348563867405836,fr,de,2952.0,553.0,321.2,271
Labour market,entrepreneurs,entrepreneurs,fr2de,cross_matched,True,271,409,Labor Market Position,0.9383835689517204,0.8647540983606558,0.5158924205378973,0.6462480857580398,0.806250412491876,0.6148467537319241,0.1090957588690317,0.9188066409967351,0.753266160616777,3749,409,0.8209174504534766,0.9063697356721364,0.4686685458252638,0.5654371664297201,0.6024390845417775,0.6901774739038279,fr,de,2952.0,553.0,250.6,271
Labour market,entrepreneurs,entrepreneurs,fr2de,cross_full,True,271,409,Labor Market Position,0.9402507335289412,0.8291814946619217,0.5696821515892421,0.6753623188405797,0.8212299255777517,0.6437025446424025,0.1090957588690317,0.9455737668916446,0.7892235307211578,3749,409,0.7830846728226174,0.8714327404113397,0.5217263125512716,0.6175218459264412,0.6330475337343059,0.7160273323375898,fr,de,3485.0,596.0,271.0,271
Labour market,housewives and househusbands,housewives and househusbands,fr2de,pooled_cv,False,10,11,Labor Market Position,0.9994665244065084,0.8461538461538461,1.0,0.9166666666666666,0.9581995361698332,0.9164009365592596,0.0029341157642037,1.0,1.0,3749,11,0.625,1.0,1.0,1.0,0.7692307692307693,1.0,fr,de,,,,10
Labour market,housewives and househusbands,housewives and househusbands,fr2de,within_matched,False,10,11,Labor Market Position,1.0,1.0,1.0,1.0,1.0,1.0,0.0029341157642037,1.0,1.0,3749,11,1.0,1.0,1.0,1.0,1.0,1.0,fr,de,2952.0,553.0,8.8,10
Labour market,housewives and househusbands,housewives and househusbands,fr2de,cross_matched,False,10,11,Labor Market Position,0.9978660976260336,1.0,0.2727272727272727,0.4285714285714285,0.7137512407421547,0.4278519648988935,0.0029341157642037,0.8901211148402159,0.4576430313872921,3749,11,0.0,1.0,0.0,0.5714285714285714,0.0,0.7272727272727273,fr,de,2952.0,553.0,9.0,10
Labour market,housewives and househusbands,housewives and househusbands,fr2de,cross_full,False,10,11,Labor Market Position,0.9981328354227794,1.0,0.3636363636363636,0.5333333333333333,0.7661989398191456,0.5326019199601048,0.0029341157642037,0.9977868573374192,0.8082554284900327,3749,11,1.0,1.0,0.0997727272727272,0.6434523809523804,0.1814393939393939,0.7830434782608692,fr,de,3485.0,596.0,10.0,10
Labour market,retirees,retirees,fr2de,pooled_cv,False,8,13,Labor Market Position,0.9981328354227794,0.8,0.6153846153846154,0.6956521739130435,0.8473578595317726,0.6947316993730153,0.0034675913576953,0.9278537308515896,0.7534508943590889,3749,13,0.5,1.0,0.3333333333333333,0.8461538461538461,0.4444444444444445,0.8825163398692809,fr,de,,,,8
Labour market,retirees,retirees,fr2de,within_matched,False,8,13,Labor Market Position,0.9983995732195252,0.8181818181818182,0.6923076923076923,0.75,0.8745986085094997,0.749202809677779,0.0034675913576953,0.8035331905781584,0.6954745523793592,3749,13,0.5452797202797203,1.0,0.4114705882352941,0.9166666666666666,0.5,0.9090909090909092,fr,de,2952.0,553.0,10.2,8
Labour market,retirees,retirees,fr2de,cross_matched,False,8,13,Labor Market Position,0.9970658842357962,1.0,0.1538461538461538,0.2666666666666666,0.6325983340015146,0.2659879322926863,0.0034675913576953,0.80406852248394,0.2280245200003784,3749,13,0.0,1.0,0.0,0.3752403846153844,0.0,0.5457070707070705,fr,de,2952.0,553.0,8.0,8
Labour market,retirees,retirees,fr2de,cross_full,False,8,13,Labor Market Position,0.9965324086423046,0.0,0.0,0.0,0.4991315965263861,0.0,0.0034675913576953,0.937530884533026,0.304441218358213,3749,13,0.0,0.0,0.0,0.0,0.0,0.0,fr,de,3485.0,596.0,8.0,8
Labour market,self-employed and freelancers,self-employed and freelancers,fr2de,pooled_cv,False,9,10,Labor Market Position,0.9983995732195252,0.7,0.7,0.7,0.8495988232147633,0.6991976464295266,0.0026673779674579,0.999384862262637,0.8559595959595959,3749,10,0.3636363636363636,1.0,0.4,1.0,0.4000000000000001,0.9,fr,de,,,,9
Labour market,self-employed and freelancers,self-employed and freelancers,fr2de,within_matched,False,9,10,Labor Market Position,0.998666311016271,0.7777777777777778,0.7,0.7368421052631579,0.868086783344241,0.7361754232874977,0.0026673779674579,0.999518587857716,0.7923015873015873,3749,10,0.4444444444444444,1.0,0.375,1.0,0.4444444444444445,0.923076923076923,fr,de,2952.0,553.0,7.8,9
Labour market,self-employed and freelancers,self-employed and freelancers,fr2de,cross_matched,False,9,10,Labor Market Position,0.9978660976260336,1.0,0.2,0.3333333333333333,0.6661323359159319,0.3327400551748687,0.0026673779674579,0.8162877774806098,0.4747659863244272,3749,10,0.0,1.0,0.0,0.5,0.0,0.6666666666666666,fr,de,2952.0,553.0,8.0,9
Labour market,self-employed and freelancers,self-employed and freelancers,fr2de,cross_full,False,9,10,Labor Market Position,0.9975993598292878,0.6666666666666666,0.2,0.3076923076923077,0.6532449514413443,0.3068389588512027,0.0026673779674579,0.9915752875100294,0.5670842881485398,3749,10,0.0,1.0,0.0,0.5,0.0,0.6666666666666665,fr,de,3485.0,596.0,9.0,9
Labour market,unemployed,unemployed,fr2de,pooled_cv,False,27,25,Labor Market Position,0.9962656708455588,0.8235294117647058,0.56,0.6666666666666666,0.8323944921316166,0.6648574785451573,0.0066684449186449,0.9844146079484426,0.6938574158082013,3749,25,0.625,1.0,0.3635454545454545,0.7742831541218637,0.4782091097308489,0.823529411764706,fr,de,,,,25
Labour market,unemployed,unemployed,fr2de,within_matched,False,27,25,Labor Market Position,0.9951987196585756,0.6206896551724138,0.72,0.6666666666666666,0.8321243059287121,0.6642619753626937,0.0066684449186449,0.984951664876477,0.6713018298844399,3749,25,0.4398695652173913,0.7931476569407604,0.5383928571428571,0.8947368421052632,0.5,0.7945205479452054,fr,de,2952.0,553.0,19.8,25
Labour market,unemployed,unemployed,fr2de,cross_matched,False,27,25,Labor Market Position,0.9951987196585756,0.8181818181818182,0.36,0.5,0.7487938890377914,0.4979540821640602,0.0066684449186449,0.9264446831364124,0.5147402571006083,3749,25,0.5555555555555556,1.0,0.1818181818181818,0.5715659340659339,0.2857142857142857,0.7001470588235293,fr,de,2952.0,553.0,24.8,25
Labour market,unemployed,unemployed,fr2de,cross_full,False,27,25,Labor Market Position,0.9954654574553214,1.0,0.32,0.4848484848484848,0.7412855954048185,0.4831775018853849,0.0066684449186449,0.9874865735767993,0.621805027215235,3749,25,1.0,1.0,0.1363636363636363,0.5217391304347826,0.24,0.6857142857142856,fr,de,3485.0,596.0,27.0,25
Labour market,wage and salary earners,wage and salary earners,fr2de,pooled_cv,True,237,200,Labor Market Position,0.9826620432115232,0.8325123152709359,0.845,0.8387096774193549,0.9147741480824751,0.8295488326838723,0.0533475593491597,0.9769181459566074,0.8840528460657047,3749,200,0.7836437807881773,0.8838578088578088,0.7935661183169883,0.8939393939393939,0.7999751861042184,0.8770323744543631,fr,de,,,,200
Labour market,wage and salary earners,wage and salary earners,fr2de,within_matched,True,237,200,Labor Market Position,0.9826620432115232,0.8229665071770335,0.86,0.8410757946210269,0.9159533296705078,0.8319113552006876,0.0533475593491597,0.9761622992392224,0.8500551177429466,3749,200,0.7735689545164525,0.873317435082141,0.8118671772837661,0.9062681686046512,0.8047500957487552,0.8768500457345632,fr,de,2952.0,553.0,156.8,200
Labour market,wage and salary earners,wage and salary earners,fr2de,cross_matched,True,237,200,Labor Market Position,0.9738596959189116,0.8035714285714286,0.675,0.7336956521739131,0.8599754558204769,0.7200601631170225,0.0533475593491597,0.964799239222316,0.7774089413369772,3749,200,0.7423297071658972,0.8606098964326813,0.6073105312848682,0.7373917748917749,0.6797590920228219,0.7794915254237288,fr,de,2952.0,553.0,219.4,200
Labour market,wage and salary earners,wage and salary earners,fr2de,cross_full,True,237,200,Labor Market Position,0.9733262203254202,0.8164556962025317,0.645,0.7206703910614525,0.8533323944102781,0.7068670823227323,0.0533475593491597,0.976048182586644,0.8293730463078306,3749,200,0.7548356664637857,0.8705097146772378,0.5813806671364812,0.7135135135135136,0.6666666666666666,0.7705549931909378,fr,de,3485.0,596.0,237.0,200
Social roles,car drivers,car drivers,de2fr,pooled_cv,False,11,10,Social Roles and Behavior,0.9974175035868006,0.625,0.4545454545454545,0.5263157894736842,0.7625105058719306,0.5250533775496298,0.0031563845050215,0.9786204009001936,0.643553809506437,3485,11,0.2,1.0,0.125,0.7694444444444443,0.1666666666666666,0.75,de,fr,,,,10
Social roles,car drivers,car drivers,de2fr,within_matched,False,11,10,Social Roles and Behavior,0.9982783357245336,1.0,0.4545454545454545,0.625,0.8120685936151855,0.6242587601078167,0.0031563845050215,0.8627466373580364,0.510889922281913,3485,11,1.0,1.0,0.1111111111111111,0.75,0.1999999999999999,0.8571428571428571,de,fr,2765.4,124.0,8.8,10
Social roles,car drivers,car drivers,de2fr,cross_matched,False,11,10,Social Roles and Behavior,0.9979913916786228,0.8333333333333334,0.4545454545454545,0.5882352941176471,0.7936142672227815,0.5873158188554125,0.0031563845050215,0.9420107813890196,0.4658096108481941,3485,11,0.3983333333333334,1.0,0.1538461538461538,0.75,0.2222222222222222,0.8235294117647058,de,fr,2766.0,124.0,4.0,10
Social roles,car drivers,car drivers,de2fr,cross_full,False,11,10,Social Roles and Behavior,0.9968436154949784,0.0,0.0,0.0,0.4992096565598505,0.0,0.0031563845050215,0.9925420003140212,0.2986338369884583,3485,11,0.0,0.0,0.0,0.0,0.0,0.0,de,fr,3749.0,295.0,10.0,10
Social roles,consumers and clients,consumers and clients,de2fr,pooled_cv,True,129,207,Social Roles and Behavior,0.9836441893830704,0.7686567164179104,0.7984496124031008,0.7832699619771863,0.8873856892038906,0.7747745704849186,0.0370157819225251,0.9597873991739893,0.7501395220980751,3485,129,0.6976505909264201,0.8409181096681096,0.7203375014815693,0.8730214621059692,0.724955357142857,0.8377539912917271,de,fr,,,,129
Social roles,consumers and clients,consumers and clients,de2fr,within_matched,True,129,207,Social Roles and Behavior,0.981922525107604,0.7391304347826086,0.7906976744186046,0.7640449438202247,0.8773230835765304,0.7546572711089954,0.0370157819225251,0.9641807799983368,0.7234488461171825,3485,129,0.6666666666666666,0.8130105146651909,0.7142546583850932,0.8615596330275229,0.7081841109709961,0.8207150494520181,de,fr,2765.4,124.0,101.2,129
Social roles,consumers and clients,consumers and clients,de2fr,cross_matched,True,129,207,Social Roles and Behavior,0.9787661406025824,0.7522935779816514,0.6356589147286822,0.6890756302521008,0.8390416772769713,0.6781637023466632,0.0370157819225251,0.9221734068797296,0.6414691119862405,3485,129,0.6722175040228858,0.8272727272727273,0.5531828403390417,0.7250047709923664,0.6220055486309355,0.7543267771504887,de,fr,2766.0,124.0,87.0,129
Social roles,consumers and clients,consumers and clients,de2fr,cross_full,True,129,207,Social Roles and Behavior,0.9773314203730272,0.7314814814814815,0.6124031007751938,0.6666666666666666,0.8274667062725878,0.6550287502145773,0.0370157819225251,0.971699420683538,0.7055998282903421,3485,129,0.6372527329515877,0.810385352195697,0.5249897540983607,0.6929979585885097,0.5929121599475582,0.7318848288621647,de,fr,3749.0,295.0,207.0,129
Social roles,patients,patients,de2fr,pooled_cv,False,18,78,Social Roles and Behavior,0.9991391678622668,0.8947368421052632,0.9444444444444444,0.918918918918919,0.9592431029038558,0.9184865235730268,0.0051649928263988,0.9994872287921032,0.8310231549782632,3485,18,0.75,1.0,0.8181818181818182,1.0,0.8125,1.0,de,fr,,,,18
Social roles,patients,patients,de2fr,within_matched,False,18,78,Social Roles and Behavior,0.9979913916786228,0.8666666666666667,0.7222222222222222,0.7878787878787878,0.8934348530715837,0.7868780850041497,0.0051649928263988,0.9672146908951064,0.6672548220067257,3485,18,0.6666666666666666,1.0,0.5,0.9285714285714286,0.5925925925925927,0.9285714285714286,de,fr,2765.4,124.0,14.0,18
Social roles,patients,patients,de2fr,cross_matched,False,18,78,Social Roles and Behavior,0.9968436154949784,0.6842105263157895,0.7222222222222222,0.7027027027027027,0.8505580439808047,0.7011172531010985,0.0051649928263988,0.997628433163478,0.7059995045258456,3485,18,0.4545454545454545,0.8697010869565216,0.5,0.9166666666666666,0.5,0.851063829787234,de,fr,2766.0,124.0,33.0,18
Social roles,patients,patients,de2fr,cross_full,False,18,78,Social Roles and Behavior,0.9974175035868006,0.9090909090909092,0.5555555555555556,0.6896551724137931,0.8441792646393991,0.6884343740376878,0.0051649928263988,0.9983815658750762,0.7955483301910031,3485,18,0.6916666666666667,1.0,0.3123798076923077,0.8126420454545453,0.4444444444444444,0.8697010869565217,de,fr,3749.0,295.0,78.0,18
Social roles,car drivers,car drivers,fr2de,pooled_cv,False,11,10,Social Roles and Behavior,0.9983995732195252,0.7,0.7,0.7,0.8495988232147633,0.6991976464295266,0.0026673779674579,0.9948649371489704,0.6339329650618283,3749,10,0.4,1.0,0.4,1.0,0.4283834586466165,0.8966379310344827,fr,de,,,,10
Social roles,car drivers,car drivers,fr2de,within_matched,False,11,10,Social Roles and Behavior,0.9983995732195252,0.8333333333333334,0.5,0.625,0.8120990376904571,0.6242482961379126,0.0026673779674579,0.9105375768922171,0.673811918586298,3749,10,0.4,1.0,0.1428571428571428,0.8185606060606058,0.2222222222222222,0.8697010869565216,fr,de,2921.2,158.0,5.2,10
Social roles,car drivers,car drivers,fr2de,cross_matched,False,11,10,Social Roles and Behavior,0.9978660976260336,0.6666666666666666,0.4,0.5,0.7494653835872761,0.4989977281838834,0.0026673779674579,0.9874565391815991,0.5590530608636688,3749,10,0.2,1.0,0.0909090909090909,0.7003571428571425,0.1426190476190476,0.75,fr,de,2953.0,158.0,11.0,10
Social roles,car drivers,car drivers,fr2de,cross_full,False,11,10,Social Roles and Behavior,0.9981328354227794,0.6153846153846154,0.8,0.6956521739130435,0.8473578595317726,0.6947316993730153,0.0026673779674579,0.9923241508424712,0.7708369766434283,3749,10,0.3333333333333333,0.8888888888888888,0.5,1.0,0.4444444444444444,0.8750000000000001,fr,de,3485.0,158.0,11.0,10
Social roles,consumers and clients,consumers and clients,fr2de,pooled_cv,True,129,207,Social Roles and Behavior,0.98159509202454,0.8285714285714286,0.8405797101449275,0.8345323741007195,0.912393993857308,0.8247885217553863,0.0552147239263803,0.9743096642907608,0.8336428375003935,3749,207,0.7738665044680416,0.8769543147208122,0.7894604601957155,0.8899689742822966,0.7937785156916255,0.8727548853016142,fr,de,,,,129
Social roles,consumers and clients,consumers and clients,fr2de,within_matched,True,129,207,Social Roles and Behavior,0.9778607628700988,0.8604651162790697,0.714975845410628,0.7810026385224275,0.8846718488299734,0.7694483734087695,0.0552147239263803,0.9394866842881966,0.7567332268545367,3749,207,0.808641975308642,0.9106240311211208,0.6551438143487498,0.7794386657101865,0.7328973484848484,0.8261987908723153,fr,de,2921.2,158.0,111.0,129
Social roles,consumers and clients,consumers and clients,fr2de,cross_matched,True,129,207,Social Roles and Behavior,0.9733262203254202,0.8242424242424242,0.6570048309178744,0.7311827956989247,0.8585748387700349,0.7173377726910137,0.0552147239263803,0.94845293333006,0.7758879211774574,3749,207,0.7621809415768577,0.8757955678245533,0.5940363521646282,0.7197908956328646,0.6802936147590448,0.7783541745610711,fr,de,2953.0,158.0,129.0,129
Social roles,consumers and clients,consumers and clients,fr2de,cross_full,True,129,207,Social Roles and Behavior,0.9767938116831156,0.8370786516853933,0.7198067632850241,0.7740259740259741,0.8808974239594232,0.7618679787073265,0.0552147239263803,0.9654838964857868,0.7950884961306351,3749,207,0.7771579730386203,0.8882688993224771,0.6564102564102564,0.7793027918027918,0.7240198244838689,0.8186353023103392,fr,de,3485.0,158.0,129.0,129
Social roles,patients,patients,fr2de,pooled_cv,False,18,78,Social Roles and Behavior,0.9917311283008804,0.8507462686567164,0.7307692307692307,0.7862068965517242,0.8909954651397272,0.7820156690480968,0.0208055481461723,0.9718200169031006,0.8222022360195743,3749,78,0.7543787748058671,0.9322091158955566,0.6249487704918033,0.8275996767241379,0.6956219806763285,0.8571907957813998,fr,de,,,,18
Social roles,patients,patients,fr2de,within_matched,False,18,78,Social Roles and Behavior,0.9927980794878636,0.9322033898305084,0.7051282051282052,0.8029197080291971,0.8996258640675805,0.7993235648055448,0.0208055481461723,0.931596574677479,0.8177566788882525,3749,78,0.8550666199158485,0.984375,0.5978194591728526,0.8072536722231392,0.7259229390681003,0.8714451827242526,fr,de,2921.2,158.0,41.8,18
Social roles,patients,patients,fr2de,cross_matched,False,18,78,Social Roles and Behavior,0.9917311283008804,0.873015873015873,0.7051282051282052,0.7801418439716312,0.887964084959854,0.7759767609068181,0.0208055481461723,0.9416633489093308,0.7373189650977847,3749,78,0.7857142857142857,0.9508587041373926,0.5952305605786619,0.8101436879917893,0.6934824046920821,0.8497079682937004,fr,de,2953.0,158.0,18.0,18
Social roles,patients,patients,fr2de,cross_full,False,18,78,Social Roles and Behavior,0.9917311283008804,0.912280701754386,0.6666666666666666,0.7703703703703704,0.8830800649896127,0.7662638293079765,0.0208055481461723,0.97850093246443,0.8432557773170782,3749,78,0.8269230769230769,0.981132075471698,0.5594642857142857,0.7738392857142857,0.6818097643097643,0.8406178489702516,fr,de,3485.0,158.0,18.0,18
Social deviance,drug addicts,drug addicts,de2fr,pooled_cv,False,10,13,Social Deviance,0.999713055954089,0.9090909090909092,1.0,0.9523809523809524,0.9761185233915124,0.9522373740834646,0.0028694404591104,0.9999424460431656,0.9809090909090908,3485,10,0.6998076923076922,1.0,1.0,1.0,0.8233957219251337,1.0,de,fr,,,,10
Social deviance,drug addicts,drug addicts,de2fr,within_matched,False,10,13,Social Deviance,0.998852223816356,0.75,0.9,0.8181818181818182,0.9088030564714502,0.8176108857778359,0.0028694404591104,0.9995395683453236,0.8326911976911976,3485,10,0.5,1.0,0.6666666666666666,1.0,0.6,1.0,de,fr,2765.0,110.0,7.8,10
Social deviance,drug addicts,drug addicts,de2fr,cross_matched,False,10,13,Social Deviance,0.9985652797704448,0.8571428571428571,0.6,0.7058823529411765,0.8525816194448439,0.7051856864901447,0.0028694404591104,0.998705035971223,0.7854207095586405,3485,10,0.5,1.0,0.2857142857142857,0.9,0.4,0.923076923076923,de,fr,2767.0,110.0,8.0,10
Social deviance,drug addicts,drug addicts,de2fr,cross_full,False,10,13,Social Deviance,0.9985652797704448,0.6923076923076923,0.9,0.782608695652174,0.8909444802573523,0.7819012453845673,0.0028694404591104,0.9996258992805755,0.8938339438339438,3485,10,0.4166666666666667,0.9375,0.6666666666666666,1.0,0.5454545454545454,0.928690476190476,de,fr,3749.0,186.0,13.0,10
Social deviance,extremists,extremists,de2fr,pooled_cv,False,28,34,Social Deviance,0.993400286944046,0.6470588235294118,0.3928571428571428,0.4888888888888889,0.7427837946249498,0.4857672592431017,0.0080344332855093,0.9748336708128434,0.4579806179487508,3485,28,0.4114705882352941,0.8888888888888888,0.2271464646464646,0.5769230769230769,0.3029545454545455,0.6511627906976744,de,fr,,,,28
Social deviance,extremists,extremists,de2fr,within_matched,False,28,34,Social Deviance,0.994261119081779,0.75,0.4285714285714285,0.5454545454545454,0.7712834379019767,0.5427829235653748,0.0080344332855093,0.9300177693293112,0.4766145272133418,3485,28,0.5,0.9411764705882352,0.2592592592592592,0.6190886699507389,0.3588235294117647,0.7083333333333333,de,fr,2765.0,110.0,21.4,28
Social deviance,extremists,extremists,de2fr,cross_matched,False,28,34,Social Deviance,0.9913916786226684,0.4615384615384615,0.4285714285714285,0.4444444444444444,0.720053338474391,0.4401126736427218,0.0080344332855093,0.8583825777924707,0.2682464170377935,3485,28,0.2776515151515151,0.6470588235294118,0.2580645161290322,0.6071816770186335,0.2799999999999999,0.5882352941176471,de,fr,2767.0,110.0,20.0,28
Social deviance,extremists,extremists,de2fr,cross_full,False,28,34,Social Deviance,0.9890961262553802,0.3809523809523809,0.5714285714285714,0.4571428571428571,0.7258178053830228,0.4518580451824933,0.0080344332855093,0.949388404479524,0.4764979027397996,3485,28,0.225,0.5365853658536586,0.375,0.7587027914614121,0.2999626865671642,0.5974675324675324,de,fr,3749.0,186.0,34.0,28
Social deviance,"offenders, criminals, prisoners and/or accused people","offenders, criminals",de2fr,pooled_cv,True,76,107,Social Deviance,0.9842180774748924,0.6567164179104478,0.5789473684210527,0.6153846153846154,0.8036641840655316,0.6073609452425481,0.0218077474892396,0.9248429080915842,0.5597088916728463,3485,76,0.5409510798855062,0.7647288602941176,0.4583333333333333,0.6951352067868504,0.5123867768595041,0.7034921267689854,de,fr,,,,76
Social deviance,"offenders, criminals, prisoners and/or accused people","offenders, criminals",de2fr,within_matched,True,76,107,Social Deviance,0.9833572453371592,0.6666666666666666,0.4736842105263157,0.5538461538461539,0.7726833108412057,0.545613948323225,0.0218077474892396,0.93093359682574,0.5747479721268671,3485,76,0.5525412796697627,0.7941365007541478,0.358182302771855,0.5869884910485934,0.4444444444444445,0.6602110595187843,de,fr,2765.0,110.0,58.6,76
Social deviance,"offenders, criminals, prisoners and/or accused people","offenders, criminals",de2fr,cross_matched,True,76,107,Social Deviance,0.9773314203730272,0.4680851063829787,0.2894736842105263,0.3577235772357723,0.6730928387128182,0.3468379235654585,0.0218077474892396,0.8297231785830078,0.3320185408528111,3485,76,0.3333333333333333,0.6078909612625537,0.1891891891891892,0.4028434684684684,0.2478758880672756,0.4651425074313691,de,fr,2767.0,110.0,63.0,76
Social deviance,"offenders, criminals, prisoners and/or accused people","offenders, criminals",de2fr,cross_full,True,76,107,Social Deviance,0.981635581061693,0.6071428571428571,0.4473684210526316,0.5151515151515151,0.7528960266602852,0.5060109676904949,0.0218077474892396,0.9530036590449428,0.5635188932078189,3485,76,0.4736842105263157,0.7313930348258706,0.3375,0.5616652397260274,0.406486390950866,0.6142880485527544,de,fr,3749.0,186.0,107.0,76
Social deviance,"terrorists, rebels, revolutionaries and/or movements of armed resistance","terrorists, rebels",de2fr,pooled_cv,False,32,42,Social Deviance,0.9908177905308464,0.5,0.375,0.4285714285714285,0.7119715690731022,0.4240383423542536,0.0091822094691535,0.944930133217492,0.354742588547159,3485,32,0.2855714285714286,0.7083333333333334,0.2068711967545639,0.5405686936936936,0.2448730711796914,0.5757575757575758,de,fr,,,,32
Social deviance,"terrorists, rebels, revolutionaries and/or movements of armed resistance","terrorists, rebels",de2fr,within_matched,False,32,42,Social Deviance,0.9905308464849354,0.4545454545454545,0.15625,0.2325581395348837,0.6138970862247827,0.2289357764949614,0.0091822094691535,0.9465591514624964,0.2944668563244073,3485,32,0.1535714285714286,0.7777777777777778,0.0384615384615384,0.3023431994362227,0.0605614973262032,0.4150943396226415,de,fr,2765.0,110.0,24.6,32
Social deviance,"terrorists, rebels, revolutionaries and/or movements of armed resistance","terrorists, rebels",de2fr,cross_matched,False,32,42,Social Deviance,0.988522238163558,0.3,0.1875,0.2307692307692307,0.6124936064224876,0.225297321329332,0.0091822094691535,0.8162919924703157,0.1880492457744534,3485,32,0.0909090909090909,0.52,0.0605194805194805,0.3333333333333333,0.0754716981132075,0.3880597014925373,de,fr,2767.0,110.0,25.4,32
Social deviance,"terrorists, rebels, revolutionaries and/or movements of armed resistance","terrorists, rebels",de2fr,cross_full,False,32,42,Social Deviance,0.9865136298421808,0.2972972972972973,0.34375,0.3188405797101449,0.6560149862758811,0.3120660907109288,0.0091822094691535,0.9375090501013612,0.2680974748480558,3485,32,0.1521574440052701,0.4615853658536585,0.1666666666666666,0.5161290322580645,0.16,0.4561654135338346,de,fr,3749.0,186.0,42.0,32
Social deviance,drug addicts,drug addicts,fr2de,pooled_cv,False,10,13,Social Deviance,0.9989330488130168,0.9090909090909092,0.7692307692307693,0.8333333333333334,0.9163990723396664,0.8328018731185194,0.0034675913576953,0.9237152034261245,0.9015513027629346,3749,13,0.7142857142857143,1.0,0.5454545454545454,1.0,0.6666666666666665,0.967741935483871,fr,de,,,,10
Social deviance,drug addicts,drug addicts,fr2de,within_matched,False,10,13,Social Deviance,0.9991997866097626,0.9166666666666666,0.8461538461538461,0.88,0.9397992773986352,0.8795991992549217,0.0034675913576953,0.88385356613408,0.7965922753484349,3749,13,0.7272727272727273,1.0,0.6363636363636364,1.0,0.7058823529411764,1.0,fr,de,2974.0,143.0,10.0,10
Social deviance,drug addicts,drug addicts,fr2de,cross_matched,False,10,13,Social Deviance,0.9983995732195252,0.8181818181818182,0.6923076923076923,0.75,0.8745986085094997,0.749202809677779,0.0034675913576953,0.9439960467797728,0.6364629171798789,3749,13,0.5714285714285714,1.0,0.4282738095238095,0.942647058823528,0.5217391304347826,0.9232142857142857,fr,de,2975.0,143.0,10.0,10
Social deviance,drug addicts,drug addicts,fr2de,cross_full,False,10,13,Social Deviance,0.9983995732195252,1.0,0.5384615384615384,0.7,0.8495988232147633,0.6992700339581273,0.0034675913576953,0.9981263383297644,0.8239263505044234,3749,13,1.0,1.0,0.25,0.8333333333333334,0.4,0.9090909090909092,fr,de,3485.0,143.0,10.0,10
Social deviance,extremists,extremists,fr2de,pooled_cv,False,28,34,Social Deviance,0.99493198186183,0.7586206896551724,0.6470588235294118,0.6984126984126984,0.8479286087894022,0.6958734496082659,0.0090690850893571,0.9254294988520309,0.6507398146432354,3749,34,0.5757575757575758,0.9032258064516128,0.4864864864864865,0.8064826302729527,0.5573315118397085,0.8125,fr,de,,,,28
Social deviance,extremists,extremists,fr2de,within_matched,False,28,34,Social Deviance,0.9933315550813552,0.6451612903225806,0.5882352941176471,0.6153846153846154,0.8060106179304349,0.6120284629745382,0.0090690850893571,0.90821787665268,0.5007635929459238,3749,34,0.4705422794117647,0.8064826302729527,0.4166666666666667,0.760047619047619,0.4614583333333333,0.7368825910931173,fr,de,2974.0,143.0,26.2,28
Social deviance,extremists,extremists,fr2de,cross_matched,False,28,34,Social Deviance,0.9930648172846092,0.9,0.2647058823529412,0.4090909090909091,0.7028014244944752,0.4066449146558231,0.0090690850893571,0.9194758926450796,0.6166366477404824,3749,34,0.6666666666666666,1.0,0.1212121212121212,0.4242613636363636,0.2105263157894737,0.5863244514106581,fr,de,2975.0,143.0,28.0,28
Social deviance,extremists,extremists,fr2de,cross_full,False,28,34,Social Deviance,0.9927980794878636,1.0,0.2058823529411764,0.3414634146341463,0.6689213278078872,0.3394177494403947,0.0090690850893571,0.9416198242419443,0.6584199392486078,3749,34,1.0,1.0,0.0857142857142857,0.3530065359477123,0.1578947368421052,0.5218104062722736,fr,de,3485.0,143.0,28.0,28
Social deviance,"offenders, criminals, prisoners and/or accused people","offenders, criminals",fr2de,pooled_cv,True,76,107,Social Deviance,0.9810616164310484,0.7307692307692307,0.5327102803738317,0.6162162162162163,0.8032537391760692,0.6067519313076456,0.0285409442518004,0.9437045476707364,0.5835125854666126,3749,107,0.6296296296296297,0.8247903780068727,0.4381846910112359,0.6240249999999999,0.5257142857142857,0.6956628303495312,fr,de,,,,76
Social deviance,"offenders, criminals, prisoners and/or accused people","offenders, criminals",fr2de,within_matched,True,76,107,Social Deviance,0.9807948786343024,0.6966292134831461,0.5794392523364486,0.6326530612244898,0.8113963744906344,0.6228781236116117,0.0285409442518004,0.926750219402916,0.6037866287441478,3749,107,0.5976624668435013,0.7954606549364613,0.484805924412666,0.670503526645768,0.5499596774193549,0.7065354633289415,fr,de,2974.0,143.0,82.2,76
Social deviance,"offenders, criminals, prisoners and/or accused people","offenders, criminals",fr2de,cross_matched,True,76,107,Social Deviance,0.976260336089624,0.68,0.3177570093457944,0.4331210191082802,0.7104986651187771,0.4226249496013967,0.0285409442518004,0.8888204591294708,0.5018518986122259,3749,107,0.5365853658536586,0.8056869369369368,0.2268041237113402,0.4091017316017316,0.3287510702054795,0.5290780565511748,fr,de,2975.0,143.0,76.0,76
Social deviance,"offenders, criminals, prisoners and/or accused people","offenders, criminals",fr2de,cross_full,True,76,107,Social Deviance,0.9805281408375568,0.7931034482758621,0.4299065420560747,0.5575757575757576,0.7738103798106526,0.5485166775821424,0.0285409442518004,0.9411127705327772,0.6020400641995912,3749,107,0.6934824046920821,0.8966379310344827,0.3367254174397031,0.5294417767106843,0.4626578645235361,0.6492146596858638,fr,de,3485.0,143.0,76.0,76
Social deviance,"terrorists, rebels, revolutionaries and/or movements of armed resistance","terrorists, rebels",fr2de,pooled_cv,False,32,42,Social Deviance,0.9951987196585756,0.8333333333333334,0.7142857142857143,0.7692307692307693,0.8834024466099938,0.7668193975079303,0.0112029874633235,0.9713733348748184,0.7224004526280426,3749,42,0.7058278867102397,0.9444444444444444,0.5749867021276596,0.8421310629514963,0.6511627906976744,0.8641975308641975,fr,de,,,,32
Social deviance,"terrorists, rebels, revolutionaries and/or movements of armed resistance","terrorists, rebels",fr2de,within_matched,False,32,42,Social Deviance,0.994665244065084,0.7894736842105263,0.7142857142857143,0.75,0.873651927743327,0.747310668356205,0.0112029874633235,0.9432283838812028,0.6971899471946836,3749,42,0.6409722222222223,0.9090909090909092,0.5789181286549708,0.84375,0.6315428983417447,0.8444600938967136,fr,de,2974.0,143.0,32.4,32
Social deviance,"terrorists, rebels, revolutionaries and/or movements of armed resistance","terrorists, rebels",fr2de,cross_matched,False,32,42,Social Deviance,0.9903974393171512,0.7142857142857143,0.238095238095238,0.3571428571428571,0.6761527239221408,0.3535216125076641,0.0112029874633235,0.9354246149498374,0.5050872560111258,3749,42,0.4498611111111111,0.9285714285714286,0.1135732323232323,0.38711323238973,0.1851851851851851,0.5218104062722735,fr,de,2975.0,143.0,32.0,32
Social deviance,"terrorists, rebels, revolutionaries and/or movements of armed resistance","terrorists, rebels",fr2de,cross_full,False,32,42,Social Deviance,0.9914643905041344,0.8125,0.3095238095238095,0.4482758620689655,0.7219873934000742,0.444844468713269,0.0112029874633235,0.9712063406425424,0.6264849121652096,3749,42,0.6,1.0,0.1701241134751773,0.4595114345114345,0.27268875192604,0.5965043205027494,fr,de,3485.0,143.0,32.0,32
Real estate,homeless,homeless,de2fr,pooled_cv,False,20,14,Real Estate Ownership,0.9979913916786228,0.9333333333333332,0.7,0.8,0.8994953136265321,0.7990113285272915,0.0057388809182209,0.965916305916306,0.7457078820300274,3485,20,0.7777777777777778,1.0,0.5,0.8888888888888888,0.64,0.9286129568106312,de,fr,,,,14
Real estate,homeless,homeless,de2fr,within_matched,False,20,14,Real Estate Ownership,0.9974175035868006,0.8235294117647058,0.7,0.7567567567567568,0.8777293087115675,0.7554671968190855,0.0057388809182209,0.9515584415584416,0.7659234237346563,3485,20,0.6153846153846154,1.0,0.5,0.909189723320158,0.5787593984962406,0.9000490196078431,de,fr,2775.6,61.0,15.0,14
Real estate,homeless,homeless,de2fr,cross_matched,False,20,14,Real Estate Ownership,0.9936872309899568,0.0,0.0,0.0,0.4984168105929764,-0.0010445227836533,0.0057388809182209,0.6993795093795093,0.0877860138167739,3485,20,0.0,0.0,0.0,0.0,0.0,0.0,de,fr,2778.0,61.0,12.0,14
Real estate,homeless,homeless,de2fr,cross_full,False,20,14,Real Estate Ownership,0.993974175035868,0.0,0.0,0.0,0.4984889912217585,-0.0005468589787407,0.0057388809182209,0.8883694083694084,0.1133745921218708,3485,20,0.0,0.0,0.0,0.0,0.0,0.0,de,fr,3749.0,70.0,14.0,14
Real estate,real-estate owners,real-estate owners,de2fr,pooled_cv,False,51,44,Real Estate Ownership,0.9977044476327116,0.9215686274509804,0.9215686274509804,0.9215686274509804,0.9602019025431956,0.920403805086391,0.0146341463414634,0.9820194822250392,0.9317836943626682,3485,51,0.8332547169811321,0.9827586206896552,0.8372093023255814,0.9827659263588544,0.8595864661654136,0.9703114486205902,de,fr,,,,44
Real estate,real-estate owners,real-estate owners,de2fr,within_matched,False,51,44,Real Estate Ownership,0.9965566714490676,0.8823529411764706,0.8823529411764706,0.8823529411764706,0.9403028538147932,0.8806057076295865,0.0146341463414634,0.9735002912055912,0.815115994586074,3485,51,0.7842710997442455,0.9661679025423728,0.7906670746634027,0.9737010796221324,0.8101115129596141,0.9412319644839068,de,fr,2775.6,61.0,38.0,44
Real estate,real-estate owners,real-estate owners,de2fr,cross_matched,False,51,44,Real Estate Ownership,0.9936872309899568,0.9142857142857144,0.6274509803921569,0.7441860465116279,0.8704951150629028,0.7411021814006888,0.0146341463414634,0.9419872783126064,0.7445974156404113,3485,51,0.8,1.0,0.4814636752136751,0.7627617148554336,0.6285714285714286,0.8421052631578947,de,fr,2778.0,61.0,38.2,44
Real estate,real-estate owners,real-estate owners,de2fr,cross_full,False,51,44,Real Estate Ownership,0.987948350071736,1.0,0.1764705882352941,0.3,0.6469609261939219,0.2969132778049975,0.0146341463414634,0.9661116630694212,0.641763662623278,3485,51,1.0,1.0,0.075,0.2941176470588235,0.1395348837209302,0.4545454545454545,de,fr,3749.0,70.0,44.0,44
Real estate,tenants,tenants,de2fr,pooled_cv,False,19,22,Real Estate Ownership,0.9991391678622668,0.9444444444444444,0.8947368421052632,0.918918918918919,0.9592431029038558,0.9184865235730268,0.0054519368723099,0.976949008412549,0.8972426966856482,3485,19,0.8,1.0,0.7368421052631579,1.0,0.8,1.0,de,fr,,,,19
Real estate,tenants,tenants,de2fr,within_matched,False,19,22,Real Estate Ownership,0.9985652797704448,0.8181818181818182,0.9473684210526316,0.8780487804878049,0.93866358781931,0.8773310618166971,0.0054519368723099,0.9965529808363957,0.8647029102919603,3485,19,0.631578947368421,0.9583333333333334,0.8333333333333334,1.0,0.7498546511627906,0.9714285714285714,de,fr,2775.6,61.0,14.0,19
Real estate,tenants,tenants,de2fr,cross_matched,False,19,22,Real Estate Ownership,0.9954088952654232,0.6666666666666666,0.3157894736842105,0.4285714285714285,0.7131333086389267,0.426561632283675,0.0054519368723099,0.8952227655115862,0.4171341148911781,3485,19,0.3333333333333333,1.0,0.1109649122807017,0.5384615384615384,0.1666666666666666,0.6428571428571429,de,fr,2778.0,61.0,19.0,19
Real estate,tenants,tenants,de2fr,cross_full,False,19,22,Real Estate Ownership,0.99454806312769,0.0,0.0,0.0,0.4986332901740756,0.0,0.0054519368723099,0.9819145382209128,0.1329171532714278,3485,19,0.0,0.0,0.0,0.0,0.0,0.0,de,fr,3749.0,70.0,22.0,19
Real estate,homeless,homeless,fr2de,pooled_cv,False,20,14,Real Estate Ownership,0.9997332622032542,1.0,0.9285714285714286,0.9629629629629628,0.9814145560364272,0.9628292963444016,0.0037343291544411,0.9998661311914324,0.976190476190476,3749,14,1.0,1.0,0.75,1.0,0.8571428571428571,1.0,fr,de,,,,14
Real estate,homeless,homeless,fr2de,within_matched,False,20,14,Real Estate Ownership,0.998666311016271,0.8,0.8571428571428571,0.8275862068965517,0.9134583866187136,0.8269175723215851,0.0037343291544411,0.95809906291834,0.8105842600965931,3749,14,0.5714285714285714,1.0,0.625,1.0,0.6363636363636365,0.9565217391304348,fr,de,2988.8,49.0,10.0,14
Real estate,homeless,homeless,fr2de,cross_matched,False,20,14,Real Estate Ownership,0.9965324086423046,0.6666666666666666,0.1428571428571428,0.2352941176470588,0.6167781910251068,0.2342849062828952,0.0037343291544411,0.6455153949129853,0.1042345190430313,3749,14,0.0,1.0,0.0,0.3752403846153844,0.0,0.5218535469107549,fr,de,2992.0,49.0,12.6,14
Real estate,homeless,homeless,fr2de,cross_full,False,20,14,Real Estate Ownership,0.99493198186183,0.4137931034482758,0.8571428571428571,0.5581395348837209,0.7777954548999423,0.5559026154181863,0.0037343291544411,0.9980493402180152,0.7323051948051946,3749,14,0.2307692307692307,0.6,0.6666666666666666,1.0,0.3570378151260504,0.72,fr,de,3485.0,82.0,20.0,14
Real estate,real-estate owners,real-estate owners,fr2de,pooled_cv,False,51,44,Real Estate Ownership,0.9951987196585756,0.8095238095238095,0.7727272727272727,0.7906976744186046,0.8941345900425457,0.7882705087255819,0.0117364630568151,0.9933198380566802,0.7099460061951978,3749,44,0.6904365079365079,0.9230769230769232,0.6363636363636364,0.8909189723320158,0.6818181818181819,0.8785420560747664,fr,de,,,,44
Real estate,real-estate owners,real-estate owners,fr2de,within_matched,False,51,44,Real Estate Ownership,0.9938650306748468,0.6842105263157895,0.8863636363636364,0.7722772277227723,0.8845839295299004,0.7692200635382849,0.0117364630568151,0.9975279106858056,0.8256131668003508,3749,44,0.5576923076923077,0.7966101694915254,0.7804878048780488,0.975015243902439,0.6732625666412795,0.8529768703597944,fr,de,2988.8,49.0,30.8,44
Real estate,real-estate owners,real-estate owners,fr2de,cross_matched,False,51,44,Real Estate Ownership,0.9933315550813552,0.9523809523809524,0.4545454545454545,0.6153846153846154,0.8060106179304349,0.6124455728445193,0.0117364630568151,0.9543000858790333,0.7247974313771799,3749,44,0.8333333333333334,1.0,0.3076923076923077,0.6,0.4614864864864864,0.7442254631454474,fr,de,2992.0,49.0,29.6,44
Real estate,real-estate owners,real-estate owners,fr2de,cross_full,False,51,44,Real Estate Ownership,0.9906641771138972,0.7647058823529411,0.2954545454545454,0.4262295081967213,0.7107616547303359,0.4224513959496991,0.0117364630568151,0.8838976812661024,0.50381644860668,3749,44,0.5333333333333333,0.9411764705882352,0.1621081081081081,0.4445833333333331,0.2545454545454546,0.5807123655913977,fr,de,3485.0,82.0,51.0,44
Real estate,tenants,tenants,fr2de,pooled_cv,False,19,22,Real Estate Ownership,0.9981328354227794,0.8260869565217391,0.8636363636363636,0.8444444444444444,0.921752612669022,0.8435056919489782,0.0058682315284075,0.982120642973876,0.8716025563923692,3749,22,0.6663793103448276,0.96,0.7083333333333334,1.0,0.7082720588235295,0.937531887755102,fr,de,,,,19
Real estate,tenants,tenants,fr2de,within_matched,False,19,22,Real Estate Ownership,0.9970658842357962,0.7619047619047619,0.7272727272727273,0.7441860465116279,0.8713552633631245,0.7427113293362366,0.0058682315284075,0.9817425665292582,0.7041838872741827,3749,22,0.5555555555555556,0.9411764705882352,0.5383928571428571,0.9047619047619048,0.5789181286549708,0.8727840909090908,fr,de,2988.8,49.0,15.2,19
Real estate,tenants,tenants,fr2de,cross_matched,False,19,22,Real Estate Ownership,0.9954654574553214,1.0,0.2272727272727272,0.3703703703703703,0.6840474526192636,0.3689989406255261,0.0058682315284075,0.9030172939483376,0.5610928431788895,3749,22,1.0,1.0,0.0666666666666666,0.4167763157894736,0.125,0.5883442265795206,fr,de,2992.0,49.0,11.0,19
Real estate,tenants,tenants,fr2de,cross_full,False,19,22,Real Estate Ownership,0.9941317684715923,0.0,0.0,0.0,0.4985286249331193,0.0,0.0058682315284075,0.7846305827255653,0.0313725578650619,3749,22,0.0,0.0,0.0,0.0,0.0,0.0,fr,de,3485.0,82.0,19.0,19
