outlet;label;total_N;total_pct;1995_N;1995_pct;1996_N;1996_pct;1997_N;1997_pct;1998_N;1998_pct;1999_N;1999_pct;2000_N;2000_pct;2001_N;2001_pct;2002_N;2002_pct;2003_N;2003_pct;2004_N;2004_pct;2005_N;2005_pct;2006_N;2006_pct;2007_N;2007_pct;2008_N;2008_pct;2009_N;2009_pct;2010_N;2010_pct;2011_N;2011_pct;2012_N;2012_pct;2013_N;2013_pct;2014_N;2014_pct;2015_N;2015_pct;2016_N;2016_pct;2017_N;2017_pct;2018_N;2018_pct;2019_N;2019_pct;2020_N;2020_pct;2021_N;2021_pct;2022_N;2022_pct;2023_N;2023_pct;2024_N;2024_pct;2025_N;2025_pct
bild;athletes;584749;2.1449;;;;;;;;;;;;;;;;;;;;;;;8229.0;2.1362;13503.0;2.2949;34717.0;2.6019;29820.0;1.8059;29528.0;1.5869;28097.0;1.6373;27963.0;1.7249;29512.0;1.7723;30920.0;1.8614;30330.0;1.7709;39152.0;1.8959;45153;2.2225;39476.0;2.4747;40827;2.5835;41690;2.9246;37616.0;2.6056;37858.0;2.6421;40146.0;2.8054;124.0;0.5977;88.0;0.2224
bild;authors_and_artists;54312;0.1992;;;;;;;;;;;;;;;;;;;;;;;634.0;0.1646;977.0;0.166;3206.0;0.2403;3717.0;0.2251;4205.0;0.226;3865.0;0.2252;3914.0;0.2414;3856.0;0.2316;3292.0;0.1982;3413.0;0.1993;4476.0;0.2167;3614;0.1779;2828.0;0.1773;2974;0.1882;2495;0.175;2197.0;0.1522;2192.0;0.153;2307.0;0.1612;62.0;0.2989;88.0;0.2224
bild;capital_owners_investors_and_shareholders;34481;0.1265;;;;;;;;;;;;;;;;;;;;;;;304.0;0.0789;437.0;0.0743;1402.0;0.1051;2408.0;0.1458;2358.0;0.1267;2297.0;0.1338;1978.0;0.122;1872.0;0.1124;1615.0;0.0972;1909.0;0.1115;5670.0;0.2746;4178;0.2056;1522.0;0.0954;1504;0.0952;1412;0.0991;1269.0;0.0879;1202.0;0.0839;1125.0;0.0786;5.0;0.0241;14.0;0.0354
bild;car_drivers;31567;0.1158;;;;;;;;;;;;;;;;;;;;;;;314.0;0.0815;527.0;0.0896;1099.0;0.0824;1472.0;0.0891;2380.0;0.1279;2067.0;0.1204;2049.0;0.1264;1948.0;0.117;1804.0;0.1086;1663.0;0.0971;2237.0;0.1083;2442;0.1202;2350.0;0.1473;2807;0.1776;1314;0.0922;1413.0;0.0979;1719.0;0.12;1896.0;0.1325;16.0;0.0771;50.0;0.1264
bild;ceos_and_corporate_leaders;25046;0.0919;;;;;;;;;;;;;;;;;;;;;;;306.0;0.0794;631.0;0.1072;1548.0;0.116;2141.0;0.1297;1674.0;0.09;1525.0;0.0889;1431.0;0.0883;1700.0;0.1021;1308.0;0.0787;1359.0;0.0793;2243.0;0.1086;2429;0.1196;1239.0;0.0777;1241;0.0785;1186;0.0832;1000.0;0.0693;1051.0;0.0734;1031.0;0.072;1.0;0.0048;2.0;0.0051
bild;children;247770;0.9089;;;;;;;;;;;;;;;;;;;;;;;3962.0;1.0285;5781.0;0.9825;12675.0;0.9499;16854.0;1.0207;19123.0;1.0277;15217.0;0.8867;14011.0;0.8642;14367.0;0.8628;13696.0;0.8245;15966.0;0.9322;15831.0;0.7666;14096;0.6938;13687.0;0.858;14822;0.9379;16687;1.1706;16054.0;1.112;11154.0;0.7784;12640.0;0.8833;579.0;2.791;568.0;1.4357
bild;christians;20887;0.0766;;;;;;;;;;;;;;;;;;;;;;;281.0;0.0729;314.0;0.0534;730.0;0.0547;1454.0;0.0881;2204.0;0.1185;1827.0;0.1065;1680.0;0.1036;1934.0;0.1161;1037.0;0.0624;1168.0;0.0682;1588.0;0.0769;1369;0.0674;968.0;0.0607;1134;0.0718;749;0.0525;814.0;0.0564;785.0;0.0548;676.0;0.0472;28.0;0.135;147.0;0.3716
bild;cisgender_and_heterosexuals;2350;0.0086;;;;;;;;;;;;;;;;;;;;;;;26.0;0.0067;43.0;0.0073;138.0;0.0103;146.0;0.0088;134.0;0.0072;100.0;0.0058;93.0;0.0057;127.0;0.0076;113.0;0.0068;156.0;0.0091;118.0;0.0057;193;0.0095;154.0;0.0097;171;0.0108;166;0.0116;193.0;0.0134;148.0;0.0103;122.0;0.0085;4.0;0.0193;5.0;0.0126
bild;civil_servants;20424;0.075;;;;;;;;;;;;;;;;;;;;;;;247.0;0.0641;258.0;0.0438;720.0;0.054;1111.0;0.0673;1420.0;0.0763;1340.0;0.0781;1255.0;0.0774;1364.0;0.0819;1204.0;0.0725;1224.0;0.0715;1667.0;0.0807;1700;0.0837;1164.0;0.073;1218;0.0771;1045;0.0733;1026.0;0.0711;997.0;0.0696;1463.0;0.1022;1.0;0.0048;;
bild;consumers_and_clients;249784;0.9162;;;;;;;;;;;;;;;;;;;;;;;2590.0;0.6723;4358.0;0.7407;10005.0;0.7498;15876.0;0.9615;19300.0;1.0372;17097.0;0.9963;15229.0;0.9394;15755.0;0.9462;14620.0;0.8801;14731.0;0.8601;21996.0;1.0651;19463;0.958;14191.0;0.8896;15307;0.9686;13719;0.9624;11338.0;0.7854;11387.0;0.7947;12259.0;0.8567;158.0;0.7616;405.0;1.0237
bild;disabled_people;12197;0.0447;;;;;;;;;;;;;;;;;;;;;;;127.0;0.033;157.0;0.0267;383.0;0.0287;938.0;0.0568;1016.0;0.0546;862.0;0.0502;1073.0;0.0662;877.0;0.0527;651.0;0.0392;649.0;0.0379;1039.0;0.0503;734;0.0361;661.0;0.0414;616;0.039;684;0.048;618.0;0.0428;446.0;0.0311;638.0;0.0446;3.0;0.0145;25.0;0.0632
bild;doctors;52198;0.1915;;;;;;;;;;;;;;;;;;;;;;;1057.0;0.2744;1314.0;0.2233;2546.0;0.1908;4066.0;0.2462;4001.0;0.215;3347.0;0.195;3411.0;0.2104;2942.0;0.1767;3361.0;0.2023;2880.0;0.1682;2745.0;0.1329;2607;0.1283;2676.0;0.1678;2876;0.182;3360;0.2357;3985.0;0.276;2334.0;0.1629;2418.0;0.169;198.0;0.9544;74.0;0.187
bild;drug_addicts;10823;0.0397;;;;;;;;;;;;;;;;;;;;;;;218.0;0.0566;293.0;0.0498;792.0;0.0594;700.0;0.0424;840.0;0.0451;687.0;0.04;755.0;0.0466;711.0;0.0427;663.0;0.0399;636.0;0.0371;679.0;0.0329;581;0.0286;568.0;0.0356;609;0.0385;634;0.0445;448.0;0.031;396.0;0.0276;573.0;0.04;29.0;0.1398;11.0;0.0278
bild;elderly;15994;0.0587;;;;;;;;;;;;;;;;;;;;;;;304.0;0.0789;396.0;0.0673;941.0;0.0705;962.0;0.0583;1178.0;0.0633;992.0;0.0578;918.0;0.0566;915.0;0.0549;810.0;0.0488;823.0;0.0481;979.0;0.0474;994;0.0489;863.0;0.0541;949;0.0601;1251;0.0878;1199.0;0.0831;695.0;0.0485;769.0;0.0537;34.0;0.1639;22.0;0.0556
bild;employers;13181;0.0483;;;;;;;;;;;;;;;;;;;;;;;260.0;0.0675;221.0;0.0376;648.0;0.0486;1320.0;0.0799;1227.0;0.0659;995.0;0.058;981.0;0.0605;1068.0;0.0641;577.0;0.0347;696.0;0.0406;1016.0;0.0492;1016;0.05;565.0;0.0354;592;0.0375;548;0.0384;447.0;0.031;448.0;0.0313;535.0;0.0374;11.0;0.053;10.0;0.0253
bild;entrepreneur;163667;0.6004;;;;;;;;;;;;;;;;;;;;;;;1645.0;0.427;2846.0;0.4837;6652.0;0.4985;14503.0;0.8783;14404.0;0.7741;12491.0;0.7279;10160.0;0.6267;10202.0;0.6127;7414.0;0.4463;8336.0;0.4867;16938.0;0.8202;13466;0.6628;7461.0;0.4677;9250;0.5853;8541;0.5992;7639.0;0.5291;5896.0;0.4115;5454.0;0.3811;63.0;0.3037;306.0;0.7734
bild;ethnic_and_racial_minorities;5642;0.0207;;;;;;;;;;;;;;;;;;;;;;;81.0;0.021;77.0;0.0131;236.0;0.0177;278.0;0.0168;335.0;0.018;337.0;0.0196;324.0;0.02;396.0;0.0238;407.0;0.0245;360.0;0.021;444.0;0.0215;386;0.019;325.0;0.0204;318;0.0201;438;0.0307;348.0;0.0241;257.0;0.0179;290.0;0.0203;2.0;0.0096;3.0;0.0076
bild;extremists;43081;0.158;;;;;;;;;;;;;;;;;;;;;;;289.0;0.075;333.0;0.0566;1049.0;0.0786;2118.0;0.1283;2130.0;0.1145;3955.0;0.2305;4210.0;0.2597;3034.0;0.1822;2371.0;0.1427;3268.0;0.1908;3571.0;0.1729;3450;0.1698;2225.0;0.1395;2784;0.1762;2468;0.1731;1813.0;0.1256;1741.0;0.1215;2255.0;0.1576;12.0;0.0578;5.0;0.0126
bild;farmers_and_fishermen;20591;0.0755;;;;;;;;;;;;;;;;;;;;;;;143.0;0.0371;259.0;0.044;626.0;0.0469;1879.0;0.1138;1786.0;0.096;1821.0;0.1061;1311.0;0.0809;1159.0;0.0696;712.0;0.0429;840.0;0.049;2356.0;0.1141;1552;0.0764;990.0;0.0621;1158;0.0733;1226;0.086;802.0;0.0556;919.0;0.0641;1010.0;0.0706;4.0;0.0193;38.0;0.096
bild;health_and_care_professionals;28950;0.1062;;;;;;;;;;;;;;;;;;;;;;;366.0;0.095;1131.0;0.1922;1209.0;0.0906;1064.0;0.0644;1420.0;0.0763;1304.0;0.076;1275.0;0.0786;1350.0;0.0811;1369.0;0.0824;1383.0;0.0808;1790.0;0.0867;1878;0.0924;1843.0;0.1155;1869;0.1183;2634;0.1848;2577.0;0.1785;2076.0;0.1449;2377.0;0.1661;23.0;0.1109;12.0;0.0303
bild;homeless;5347;0.0196;;;;;;;;;;;;;;;;;;;;;;;19.0;0.0049;32.0;0.0054;106.0;0.0079;154.0;0.0093;363.0;0.0195;296.0;0.0172;291.0;0.0179;244.0;0.0147;264.0;0.0159;349.0;0.0204;406.0;0.0197;437;0.0215;489.0;0.0307;502;0.0318;483;0.0339;401.0;0.0278;258.0;0.018;244.0;0.0171;9.0;0.0434;;
bild;housewife_and_househusband;882;0.0032;;;;;;;;;;;;;;;;;;;;;;;53.0;0.0138;66.0;0.0112;88.0;0.0066;78.0;0.0047;85.0;0.0046;63.0;0.0037;54.0;0.0033;66.0;0.004;54.0;0.0033;50.0;0.0029;39.0;0.0019;34;0.0017;27.0;0.0017;40;0.0025;24;0.0017;14.0;0.001;21.0;0.0015;24.0;0.0017;;;2.0;0.0051
bild;jews;27628;0.1013;;;;;;;;;;;;;;;;;;;;;;;212.0;0.055;277.0;0.0471;911.0;0.0683;986.0;0.0597;1133.0;0.0609;795.0;0.0463;1045.0;0.0645;1207.0;0.0725;1196.0;0.072;1137.0;0.0664;1219.0;0.059;1579;0.0777;1923.0;0.1205;3140;0.1987;2909;0.2041;3240.0;0.2244;2666.0;0.1861;2030.0;0.1419;20.0;0.0964;3.0;0.0076
bild;journalists;18828;0.0691;;;;;;;;;;;;;;;;;;;;;;;472.0;0.1225;1047.0;0.1779;1381.0;0.1035;881.0;0.0534;1098.0;0.059;1210.0;0.0705;1056.0;0.0651;1197.0;0.0719;1009.0;0.0607;1059.0;0.0618;1452.0;0.0703;1439;0.0708;1055.0;0.0661;921;0.0583;801;0.0562;859.0;0.0595;1073.0;0.0749;810.0;0.0566;2.0;0.0096;6.0;0.0152
bild;legal_professionals;24767;0.0908;;;;;;;;;;;;;;;;;;;;;;;298.0;0.0774;359.0;0.061;855.0;0.0641;1272.0;0.077;1690.0;0.0908;1561.0;0.091;1762.0;0.1087;1657.0;0.0995;1510.0;0.0909;1548.0;0.0904;2268.0;0.1098;2158;0.1062;1526.0;0.0957;1335;0.0845;1198;0.084;1165.0;0.0807;1252.0;0.0874;1336.0;0.0934;12.0;0.0578;5.0;0.0126
bild;lgbtqqia;20972;0.0769;;;;;;;;;;;;;;;;;;;;;;;124.0;0.0322;214.0;0.0364;579.0;0.0434;639.0;0.0387;670.0;0.036;604.0;0.0352;668.0;0.0412;959.0;0.0576;773.0;0.0465;812.0;0.0474;798.0;0.0386;1076;0.053;1176.0;0.0737;2572;0.1628;2757;0.1934;2859.0;0.198;2324.0;0.1622;1330.0;0.0929;27.0;0.1302;11.0;0.0278
bild;lower_class;11938;0.0438;;;;;;;;;;;;;;;;;;;;;;;196.0;0.0509;324.0;0.0551;900.0;0.0675;835.0;0.0506;1016.0;0.0546;744.0;0.0434;872.0;0.0538;769.0;0.0462;628.0;0.0378;638.0;0.0373;960.0;0.0465;796;0.0392;522.0;0.0327;629;0.0398;485;0.034;546.0;0.0378;546.0;0.0381;514.0;0.0359;10.0;0.0482;8.0;0.0202
bild;married_people;15407;0.0565;;;;;;;;;;;;;;;;;;;;;;;322.0;0.0836;426.0;0.0724;865.0;0.0648;997.0;0.0604;1173.0;0.063;947.0;0.0552;894.0;0.0551;1155.0;0.0694;968.0;0.0583;1313.0;0.0767;1095.0;0.053;999;0.0492;830.0;0.052;664;0.042;830;0.0582;657.0;0.0455;510.0;0.0356;702.0;0.0491;38.0;0.1832;22.0;0.0556
bild;men;128467;0.4712;;;;;;;;;;;;;;;;;;;;;;;2402.0;0.6235;3576.0;0.6078;8191.0;0.6139;9022.0;0.5464;9580.0;0.5149;8037.0;0.4683;7475.0;0.4611;7610.0;0.457;8558.0;0.5152;8872.0;0.518;8836.0;0.4279;8662;0.4263;7568.0;0.4744;6904;0.4369;5461;0.3831;5467.0;0.3787;5546.0;0.3871;6311.0;0.441;220.0;1.0605;169.0;0.4272
bild;middle_class;2269;0.0083;;;;;;;;;;;;;;;;;;;;;;;23.0;0.006;35.0;0.0059;155.0;0.0116;146.0;0.0088;169.0;0.0091;141.0;0.0082;140.0;0.0086;130.0;0.0078;118.0;0.0071;121.0;0.0071;188.0;0.0091;221;0.0109;163.0;0.0102;147;0.0093;42;0.0029;101.0;0.007;98.0;0.0068;130.0;0.0091;;;1.0;0.0025
bild;multiple_or_other_specific_religious_or_minority_groups;2785;0.0102;;;;;;;;;;;;;;;;;;;;;;;44.0;0.0114;42.0;0.0071;122.0;0.0091;124.0;0.0075;147.0;0.0079;145.0;0.0084;212.0;0.0131;158.0;0.0095;203.0;0.0122;248.0;0.0145;286.0;0.0138;211;0.0104;190.0;0.0119;192;0.0121;120;0.0084;141.0;0.0098;94.0;0.0066;105.0;0.0073;1.0;0.0048;;
bild;muslims;17837;0.0655;;;;;;;;;;;;;;;;;;;;;;;240.0;0.0623;267.0;0.0454;328.0;0.0246;745.0;0.0451;1178.0;0.0633;898.0;0.0523;1348.0;0.0831;1045.0;0.0628;1389.0;0.0836;2232.0;0.1303;2345.0;0.1136;1825;0.0898;1191.0;0.0747;831;0.0526;427;0.03;636.0;0.0441;408.0;0.0285;479.0;0.0335;;;25.0;0.0632
bild;offenders_criminals_prisoners_and_or_accused_people;154300;0.566;;;;;;;;;;;;;;;;;;;;;;;1462.0;0.3795;1813.0;0.3081;4546.0;0.3407;7936.0;0.4806;10666.0;0.5732;10291.0;0.5997;9416.0;0.5808;9019.0;0.5416;9133.0;0.5498;10373.0;0.6057;13037.0;0.6313;12176;0.5993;9718.0;0.6092;9762;0.6177;8184;0.5741;7995.0;0.5538;8032.0;0.5606;10663.0;0.7451;49.0;0.2362;29.0;0.0733
bild;other_profession;227965;0.8362;;;;;;;;;;;;;;;;;;;;;;;3105.0;0.806;5324.0;0.9049;10659.0;0.7989;12942.0;0.7838;16957.0;0.9113;15067.0;0.878;12798.0;0.7894;13316.0;0.7997;13736.0;0.8269;14390.0;0.8402;18771.0;0.909;16605;0.8173;13017.0;0.816;13544;0.8571;11786;0.8268;12063.0;0.8356;11538.0;0.8052;12066.0;0.8432;117.0;0.564;164.0;0.4145
bild;parents_and_families;118254;0.4338;;;;;;;;;;;;;;;;;;;;;;;1854.0;0.4813;2786.0;0.4735;5126.0;0.3842;7207.0;0.4365;8340.0;0.4482;6810.0;0.3968;6212.0;0.3832;6664.0;0.4002;7061.0;0.4251;8808.0;0.5143;8364.0;0.405;7410;0.3647;7056.0;0.4423;6856;0.4338;8962;0.6287;6560.0;0.4544;5172.0;0.361;6576.0;0.4595;261.0;1.2581;169.0;0.4272
bild;patients;53319;0.1956;;;;;;;;;;;;;;;;;;;;;;;765.0;0.1986;1506.0;0.256;2292.0;0.1718;4161.0;0.252;3705.0;0.1991;3701.0;0.2157;2846.0;0.1756;2875.0;0.1727;3039.0;0.183;2401.0;0.1402;2608.0;0.1263;2513;0.1237;2623.0;0.1644;2922;0.1849;5045;0.3539;4639.0;0.3213;2852.0;0.199;2421.0;0.1692;235.0;1.1328;170.0;0.4297
bild;people_with_an_immigration_background_including_immigrants;116411;0.427;;;;;;;;;;;;;;;;;;;;;;;737.0;0.1913;746.0;0.1268;2384.0;0.1787;2963.0;0.1794;4647.0;0.2497;3886.0;0.2264;3575.0;0.2205;5301.0;0.3183;5062.0;0.3047;18720.0;1.093;22534.0;1.0912;11186;0.5506;9620.0;0.6031;5537;0.3504;3814;0.2676;3397.0;0.2353;4401.0;0.3071;7860.0;0.5493;30.0;0.1446;11.0;0.0278
bild;politicians_and_high_ranking_officials;710373;2.6058;;;;;;;;;;;;;;;;;;;;;;;6436.0;1.6707;8008.0;1.361;28589.0;2.1426;48502.0;2.9373;55216.0;2.9675;49673.0;2.8945;49895.0;3.0777;50848.0;3.0536;28160.0;1.6953;28867.0;1.6855;60329.0;2.9213;64836;3.1913;40691.0;2.5508;44460;2.8134;33483;2.3489;41647.0;2.8848;33109.0;2.3107;37401.0;2.6136;31.0;0.1494;192.0;0.4853
bild;prostitutes;7322;0.0269;;;;;;;;;;;;;;;;;;;;;;;104.0;0.027;137.0;0.0233;418.0;0.0313;486.0;0.0294;491.0;0.0264;590.0;0.0344;545.0;0.0336;532.0;0.0319;576.0;0.0347;534.0;0.0312;395.0;0.0191;438;0.0216;365.0;0.0229;330;0.0209;466;0.0327;254.0;0.0176;260.0;0.0181;393.0;0.0275;5.0;0.0241;3.0;0.0076
bild;real_estate_owner;9462;0.0347;;;;;;;;;;;;;;;;;;;;;;;98.0;0.0254;136.0;0.0231;404.0;0.0303;570.0;0.0345;875.0;0.047;571.0;0.0333;451.0;0.0278;678.0;0.0407;519.0;0.0312;712.0;0.0416;694.0;0.0336;568;0.028;668.0;0.0419;576;0.0364;361;0.0253;380.0;0.0263;467.0;0.0326;700.0;0.0489;16.0;0.0771;18.0;0.0455
bild;retirees;22573;0.0828;;;;;;;;;;;;;;;;;;;;;;;339.0;0.088;460.0;0.0782;1740.0;0.1304;1405.0;0.0851;1291.0;0.0694;994.0;0.0579;1135.0;0.07;1182.0;0.071;1159.0;0.0698;1356.0;0.0792;1552.0;0.0752;1374;0.0676;1205.0;0.0755;1920;0.1215;1366;0.0958;1676.0;0.1161;1169.0;0.0816;1236.0;0.0864;8.0;0.0386;6.0;0.0152
bild;scientists_and_professors;34482;0.1265;;;;;;;;;;;;;;;;;;;;;;;490.0;0.1272;565.0;0.096;1049.0;0.0786;2092.0;0.1267;2493.0;0.134;2552.0;0.1487;2319.0;0.143;2271.0;0.1364;1609.0;0.0969;1781.0;0.104;2994.0;0.145;2395;0.1179;1800.0;0.1128;2082;0.1317;2240;0.1571;2207.0;0.1529;1687.0;0.1177;1749.0;0.1222;47.0;0.2266;60.0;0.1517
bild;security_forces;215984;0.7923;;;;;;;;;;;;;;;;;;;;;;;1370.0;0.3556;1941.0;0.3299;4773.0;0.3577;9600.0;0.5814;12554.0;0.6747;13247.0;0.7719;12178.0;0.7512;12261.0;0.7363;11567.0;0.6963;14385.0;0.8399;19358.0;0.9374;17788;0.8755;13834.0;0.8672;14288;0.9041;13521;0.9485;13434.0;0.9305;13365.0;0.9328;16427.0;1.1479;35.0;0.1687;58.0;0.1466
bild;self_employed_and_freelancers;3932;0.0144;;;;;;;;;;;;;;;;;;;;;;;55.0;0.0143;72.0;0.0122;125.0;0.0094;442.0;0.0268;411.0;0.0221;233.0;0.0136;187.0;0.0115;206.0;0.0124;241.0;0.0145;177.0;0.0103;294.0;0.0142;260;0.0128;159.0;0.01;156;0.0099;413;0.029;214.0;0.0148;128.0;0.0089;151.0;0.0106;3.0;0.0145;5.0;0.0126
bild;single;12478;0.0458;;;;;;;;;;;;;;;;;;;;;;;171.0;0.0444;474.0;0.0806;694.0;0.052;1076.0;0.0652;1189.0;0.0639;909.0;0.053;1035.0;0.0638;675.0;0.0405;639.0;0.0385;753.0;0.044;756.0;0.0366;642;0.0316;512.0;0.0321;522;0.033;527;0.037;506.0;0.035;555.0;0.0387;794.0;0.0555;38.0;0.1832;11.0;0.0278
bild;skilled_or_qualified;5743;0.0211;;;;;;;;;;;;;;;;;;;;;;;68.0;0.0177;74.0;0.0126;197.0;0.0148;478.0;0.0289;594.0;0.0319;580.0;0.0338;491.0;0.0303;428.0;0.0257;304.0;0.0183;275.0;0.0161;490.0;0.0237;404;0.0199;274.0;0.0172;328;0.0208;173;0.0121;159.0;0.011;153.0;0.0107;268.0;0.0187;4.0;0.0193;1.0;0.0025
bild;soldiers;35352;0.1297;;;;;;;;;;;;;;;;;;;;;;;803.0;0.2085;663.0;0.1127;1520.0;0.1139;1910.0;0.1157;3003.0;0.1614;2609.0;0.152;1692.0;0.1044;2259.0;0.1357;3092.0;0.1861;2640.0;0.1541;2471.0;0.1197;2347;0.1155;1456.0;0.0913;1733;0.1097;1539;0.108;1621.0;0.1123;2156.0;0.1505;1825.0;0.1275;3.0;0.0145;10.0;0.0253
bild;teachers_and_educators;23852;0.0875;;;;;;;;;;;;;;;;;;;;;;;275.0;0.0714;235.0;0.0399;801.0;0.06;2057.0;0.1246;1975.0;0.1061;1769.0;0.1031;1634.0;0.1008;1516.0;0.091;1007.0;0.0606;1321.0;0.0771;1657.0;0.0802;1506;0.0741;1254.0;0.0786;1360;0.0861;1616;0.1134;1490.0;0.1032;910.0;0.0635;1439.0;0.1006;9.0;0.0434;21.0;0.0531
bild;tenants;15252;0.0559;;;;;;;;;;;;;;;;;;;;;;;208.0;0.054;231.0;0.0393;606.0;0.0454;740.0;0.0448;1102.0;0.0592;956.0;0.0557;730.0;0.045;1101.0;0.0661;940.0;0.0566;1155.0;0.0674;961.0;0.0465;1013;0.0499;1227.0;0.0769;1273;0.0806;659;0.0462;655.0;0.0454;713.0;0.0498;944.0;0.066;19.0;0.0916;19.0;0.048
bild;terrorists_rebels_revolutionaries_and_or_movements_of_armed_resistance;35463;0.1301;;;;;;;;;;;;;;;;;;;;;;;369.0;0.0958;911.0;0.1548;1077.0;0.0807;1341.0;0.0812;1452.0;0.078;2035.0;0.1186;1951.0;0.1203;2158.0;0.1296;3112.0;0.1873;4661.0;0.2721;5355.0;0.2593;3477;0.1711;1388.0;0.087;1695;0.1073;926;0.065;1266.0;0.0877;788.0;0.055;1496.0;0.1045;3.0;0.0145;2.0;0.0051
bild;unemployed;16415;0.0602;;;;;;;;;;;;;;;;;;;;;;;488.0;0.1267;490.0;0.0833;889.0;0.0666;1610.0;0.0975;2230.0;0.1198;1380.0;0.0804;1171.0;0.0722;1163.0;0.0698;855.0;0.0515;698.0;0.0408;1358.0;0.0658;1251;0.0616;622.0;0.039;576;0.0364;629;0.0441;329.0;0.0228;325.0;0.0227;340.0;0.0238;8.0;0.0386;3.0;0.0076
bild;unskilled_or_unqualified;4374;0.016;;;;;;;;;;;;;;;;;;;;;;;83.0;0.0215;78.0;0.0133;234.0;0.0175;326.0;0.0197;386.0;0.0207;287.0;0.0167;281.0;0.0173;308.0;0.0185;234.0;0.0141;198.0;0.0116;457.0;0.0221;394;0.0194;204.0;0.0128;224;0.0142;125;0.0088;167.0;0.0116;123.0;0.0086;261.0;0.0182;2.0;0.0096;2.0;0.0051
bild;upper_class;8362;0.0307;;;;;;;;;;;;;;;;;;;;;;;173.0;0.0449;219.0;0.0372;583.0;0.0437;464.0;0.0281;558.0;0.03;393.0;0.0229;521.0;0.0321;510.0;0.0306;534.0;0.0321;620.0;0.0362;650.0;0.0315;560;0.0276;412.0;0.0258;504;0.0319;357;0.025;402.0;0.0278;469.0;0.0327;415.0;0.029;8.0;0.0386;10.0;0.0253
bild;wage_and_salary_earners;172580;0.633;;;;;;;;;;;;;;;;;;;;;;;1783.0;0.4628;2730.0;0.464;6719.0;0.5036;14431.0;0.8739;14327.0;0.77;12956.0;0.755;12890.0;0.7951;12476.0;0.7492;8374.0;0.5041;8453.0;0.4936;14732.0;0.7134;12998;0.6398;7500.0;0.4702;7972;0.5045;10381;0.7282;8162.0;0.5654;7082.0;0.4943;8459.0;0.5911;64.0;0.3085;91.0;0.23
bild;women;210301;0.7714;;;;;;;;;;;;;;;;;;;;;;;3900.0;1.0124;6069.0;1.0315;11315.0;0.848;14245.0;0.8627;14468.0;0.7776;14432.0;0.841;13108.0;0.8085;13259.0;0.7963;13538.0;0.815;14310.0;0.8355;15110.0;0.7317;13283;0.6538;11340.0;0.7109;11939;0.7555;10455;0.7334;9034.0;0.6258;9186.0;0.6411;10484.0;0.7326;532.0;2.5645;294.0;0.7431
bild;young_adults;84040;0.3083;;;;;;;;;;;;;;;;;;;;;;;1108.0;0.2876;1533.0;0.2605;4133.0;0.3098;6128.0;0.3711;6550.0;0.352;5819.0;0.3391;5286.0;0.3261;5234.0;0.3143;4632.0;0.2789;4994.0;0.2916;6165.0;0.2985;5441;0.2678;4322.0;0.2709;4765;0.3015;4027;0.2825;5147.0;0.3565;3734.0;0.2606;4820.0;0.3368;89.0;0.429;113.0;0.2856
faz;athletes;21619;1.0026;;;;;;;;;;;;;;;;;;;;;;;;;;;;;;;;;;;;;;;;;3538.0;0.9578;;;3504;0.9752;2312.0;0.9841;3366;0.9362;4786;1.0589;4113.0;1.0794;;;;;;;;
faz;authors_and_artists;7062;0.3275;;;;;;;;;;;;;;;;;;;;;;;;;;;;;;;;;;;;;;;;;1193.0;0.323;;;1060;0.295;688.0;0.2928;1047;0.2912;1763;0.39;1311.0;0.3441;;;;;;;;
faz;capital_owners_investors_and_shareholders;17379;0.806;;;;;;;;;;;;;;;;;;;;;;;;;;;;;;;;;;;;;;;;;3166.0;0.8571;;;2708;0.7536;1814.0;0.7721;2717;0.7557;3811;0.8431;3163.0;0.8301;;;;;;;;
faz;car_drivers;1815;0.0842;;;;;;;;;;;;;;;;;;;;;;;;;;;;;;;;;;;;;;;;;301.0;0.0815;;;308;0.0857;207.0;0.0881;320;0.089;370;0.0819;309.0;0.0811;;;;;;;;
faz;ceos_and_corporate_leaders;6534;0.303;;;;;;;;;;;;;;;;;;;;;;;;;;;;;;;;;;;;;;;;;1078.0;0.2918;;;1116;0.3106;715.0;0.3043;1066;0.2965;1491;0.3299;1068.0;0.2803;;;;;;;;
faz;children;13354;0.6193;;;;;;;;;;;;;;;;;;;;;;;;;;;;;;;;;;;;;;;;;2172.0;0.588;;;1993;0.5546;1376.0;0.5857;2346;0.6525;3461;0.7657;2005.0;0.5262;;;;;;;;
faz;christians;3650;0.1693;;;;;;;;;;;;;;;;;;;;;;;;;;;;;;;;;;;;;;;;;601.0;0.1627;;;585;0.1628;358.0;0.1524;624;0.1736;861;0.1905;621.0;0.163;;;;;;;;
faz;cisgender_and_heterosexuals;197;0.0091;;;;;;;;;;;;;;;;;;;;;;;;;;;;;;;;;;;;;;;;;27.0;0.0073;;;42;0.0117;32.0;0.0136;41;0.0114;28;0.0062;27.0;0.0071;;;;;;;;
faz;civil_servants;1937;0.0898;;;;;;;;;;;;;;;;;;;;;;;;;;;;;;;;;;;;;;;;;351.0;0.095;;;343;0.0955;207.0;0.0881;313;0.0871;391;0.0865;332.0;0.0871;;;;;;;;
faz;consumers_and_clients;29514;1.3688;;;;;;;;;;;;;;;;;;;;;;;;;;;;;;;;;;;;;;;;;4819.0;1.3046;;;5024;1.3982;2986.0;1.2709;4795;1.3337;6631;1.467;5258.0;1.3799;;;;;;;;
faz;disabled_people;850;0.0394;;;;;;;;;;;;;;;;;;;;;;;;;;;;;;;;;;;;;;;;;155.0;0.042;;;135;0.0376;69.0;0.0294;119;0.0331;211;0.0467;161.0;0.0423;;;;;;;;
faz;doctors;3627;0.1682;;;;;;;;;;;;;;;;;;;;;;;;;;;;;;;;;;;;;;;;;663.0;0.1795;;;481;0.1339;367.0;0.1562;604;0.168;1003;0.2219;509.0;0.1336;;;;;;;;
faz;drug_addicts;480;0.0223;;;;;;;;;;;;;;;;;;;;;;;;;;;;;;;;;;;;;;;;;78.0;0.0211;;;72;0.02;53.0;0.0226;90;0.025;89;0.0197;98.0;0.0257;;;;;;;;
faz;elderly;1438;0.0667;;;;;;;;;;;;;;;;;;;;;;;;;;;;;;;;;;;;;;;;;252.0;0.0682;;;170;0.0473;123.0;0.0524;204;0.0567;425;0.094;264.0;0.0693;;;;;;;;
faz;employers;2439;0.1131;;;;;;;;;;;;;;;;;;;;;;;;;;;;;;;;;;;;;;;;;439.0;0.1188;;;389;0.1083;273.0;0.1162;385;0.1071;531;0.1175;422.0;0.1107;;;;;;;;
faz;entrepreneur;47844;2.2189;;;;;;;;;;;;;;;;;;;;;;;;;;;;;;;;;;;;;;;;;7899.0;2.1384;;;7796;2.1696;4821.0;2.052;7647;2.1269;11020;2.4381;8659.0;2.2725;;;;;;;;
faz;ethnic_and_racial_minorities;850;0.0394;;;;;;;;;;;;;;;;;;;;;;;;;;;;;;;;;;;;;;;;;136.0;0.0368;;;103;0.0287;70.0;0.0298;139;0.0387;286;0.0633;116.0;0.0304;;;;;;;;
faz;extremists;4297;0.1993;;;;;;;;;;;;;;;;;;;;;;;;;;;;;;;;;;;;;;;;;659.0;0.1784;;;628;0.1748;436.0;0.1856;802;0.2231;1170;0.2589;602.0;0.158;;;;;;;;
faz;farmers_and_fishermen;2915;0.1352;;;;;;;;;;;;;;;;;;;;;;;;;;;;;;;;;;;;;;;;;546.0;0.1478;;;424;0.118;313.0;0.1332;400;0.1113;612;0.1354;620.0;0.1627;;;;;;;;
faz;health_and_care_professionals;1398;0.0648;;;;;;;;;;;;;;;;;;;;;;;;;;;;;;;;;;;;;;;;;133.0;0.036;;;186;0.0518;164.0;0.0698;238;0.0662;544;0.1204;133.0;0.0349;;;;;;;;
faz;homeless;240;0.0111;;;;;;;;;;;;;;;;;;;;;;;;;;;;;;;;;;;;;;;;;38.0;0.0103;;;42;0.0117;34.0;0.0145;30;0.0083;50;0.0111;46.0;0.0121;;;;;;;;
faz;housewife_and_househusband;56;0.0026;;;;;;;;;;;;;;;;;;;;;;;;;;;;;;;;;;;;;;;;;15.0;0.0041;;;7;0.0019;5.0;0.0021;8;0.0022;9;0.002;12.0;0.0031;;;;;;;;
faz;jews;2291;0.1063;;;;;;;;;;;;;;;;;;;;;;;;;;;;;;;;;;;;;;;;;402.0;0.1088;;;344;0.0957;286.0;0.1217;444;0.1235;502;0.1111;313.0;0.0821;;;;;;;;
faz;journalists;3123;0.1448;;;;;;;;;;;;;;;;;;;;;;;;;;;;;;;;;;;;;;;;;535.0;0.1448;;;445;0.1238;357.0;0.152;548;0.1524;688;0.1522;550.0;0.1443;;;;;;;;
faz;legal_professionals;5011;0.2324;;;;;;;;;;;;;;;;;;;;;;;;;;;;;;;;;;;;;;;;;836.0;0.2263;;;863;0.2402;541.0;0.2303;814;0.2264;1134;0.2509;823.0;0.216;;;;;;;;
faz;lgbtqqia;802;0.0372;;;;;;;;;;;;;;;;;;;;;;;;;;;;;;;;;;;;;;;;;164.0;0.0444;;;153;0.0426;87.0;0.037;139;0.0387;146;0.0323;113.0;0.0297;;;;;;;;
faz;lower_class;1471;0.0682;;;;;;;;;;;;;;;;;;;;;;;;;;;;;;;;;;;;;;;;;220.0;0.0596;;;245;0.0682;157.0;0.0668;268;0.0745;317;0.0701;264.0;0.0693;;;;;;;;
faz;married_people;863;0.04;;;;;;;;;;;;;;;;;;;;;;;;;;;;;;;;;;;;;;;;;168.0;0.0455;;;170;0.0473;93.0;0.0396;138;0.0384;161;0.0356;133.0;0.0349;;;;;;;;
faz;men;5758;0.267;;;;;;;;;;;;;;;;;;;;;;;;;;;;;;;;;;;;;;;;;1002.0;0.2713;;;948;0.2638;622.0;0.2647;995;0.2767;1163;0.2573;1028.0;0.2698;;;;;;;;
faz;middle_class;460;0.0213;;;;;;;;;;;;;;;;;;;;;;;;;;;;;;;;;;;;;;;;;68.0;0.0184;;;96;0.0267;58.0;0.0247;72;0.02;75;0.0166;91.0;0.0239;;;;;;;;
faz;multiple_or_other_specific_religious_or_minority_groups;656;0.0304;;;;;;;;;;;;;;;;;;;;;;;;;;;;;;;;;;;;;;;;;124.0;0.0336;;;102;0.0284;62.0;0.0264;102;0.0284;123;0.0272;143.0;0.0375;;;;;;;;
faz;muslims;3052;0.1415;;;;;;;;;;;;;;;;;;;;;;;;;;;;;;;;;;;;;;;;;719.0;0.1946;;;547;0.1522;311.0;0.1324;324;0.0901;425;0.094;726.0;0.1905;;;;;;;;
faz;offenders_criminals_prisoners_and_or_accused_people;8028;0.3723;;;;;;;;;;;;;;;;;;;;;;;;;;;;;;;;;;;;;;;;;1307.0;0.3538;;;1374;0.3824;836.0;0.3558;1385;0.3852;1570;0.3473;1556.0;0.4084;;;;;;;;
faz;other_profession;23326;1.0818;;;;;;;;;;;;;;;;;;;;;;;;;;;;;;;;;;;;;;;;;4201.0;1.1373;;;3860;1.0742;2499.0;1.0637;3793;1.055;4862;1.0757;4109.0;1.0784;;;;;;;;
faz;parents_and_families;7814;0.3624;;;;;;;;;;;;;;;;;;;;;;;;;;;;;;;;;;;;;;;;;1438.0;0.3893;;;1211;0.337;807.0;0.3435;1289;0.3585;1815;0.4015;1254.0;0.3291;;;;;;;;
faz;patients;4068;0.1887;;;;;;;;;;;;;;;;;;;;;;;;;;;;;;;;;;;;;;;;;556.0;0.1505;;;506;0.1408;368.0;0.1566;606;0.1686;1540;0.3407;492.0;0.1291;;;;;;;;
faz;people_with_an_immigration_background_including_immigrants;19525;0.9055;;;;;;;;;;;;;;;;;;;;;;;;;;;;;;;;;;;;;;;;;5326.0;1.4418;;;2717;0.7561;2130.0;0.9066;2143;0.5961;2121;0.4692;5087.0;1.335;;;;;;;;
faz;politicians_and_high_ranking_officials;77641;3.6008;;;;;;;;;;;;;;;;;;;;;;;;;;;;;;;;;;;;;;;;;9492.0;2.5697;;;13117;3.6504;9579.0;4.0771;16388;4.5581;17539;3.8803;11526.0;3.0249;;;;;;;;
faz;prostitutes;234;0.0109;;;;;;;;;;;;;;;;;;;;;;;;;;;;;;;;;;;;;;;;;56.0;0.0152;;;32;0.0089;21.0;0.0089;37;0.0103;37;0.0082;51.0;0.0134;;;;;;;;
faz;real_estate_owner;1223;0.0567;;;;;;;;;;;;;;;;;;;;;;;;;;;;;;;;;;;;;;;;;195.0;0.0528;;;184;0.0512;126.0;0.0536;224;0.0623;332;0.0735;162.0;0.0425;;;;;;;;
faz;retirees;1617;0.075;;;;;;;;;;;;;;;;;;;;;;;;;;;;;;;;;;;;;;;;;263.0;0.0712;;;233;0.0648;228.0;0.097;275;0.0765;332;0.0735;286.0;0.0751;;;;;;;;
faz;scientists_and_professors;8359;0.3877;;;;;;;;;;;;;;;;;;;;;;;;;;;;;;;;;;;;;;;;;1422.0;0.385;;;1293;0.3598;870.0;0.3703;1365;0.3797;2066;0.4571;1343.0;0.3525;;;;;;;;
faz;security_forces;8463;0.3925;;;;;;;;;;;;;;;;;;;;;;;;;;;;;;;;;;;;;;;;;1343.0;0.3636;;;1347;0.3749;873.0;0.3716;1370;0.381;2023;0.4476;1507.0;0.3955;;;;;;;;
faz;self_employed_and_freelancers;760;0.0352;;;;;;;;;;;;;;;;;;;;;;;;;;;;;;;;;;;;;;;;;119.0;0.0322;;;110;0.0306;61.0;0.026;106;0.0295;269;0.0595;95.0;0.0249;;;;;;;;
faz;single;522;0.0242;;;;;;;;;;;;;;;;;;;;;;;;;;;;;;;;;;;;;;;;;77.0;0.0208;;;74;0.0206;59.0;0.0251;88;0.0245;137;0.0303;87.0;0.0228;;;;;;;;
faz;skilled_or_qualified;1221;0.0566;;;;;;;;;;;;;;;;;;;;;;;;;;;;;;;;;;;;;;;;;240.0;0.065;;;220;0.0612;136.0;0.0579;197;0.0548;188;0.0416;240.0;0.063;;;;;;;;
faz;soldiers;3840;0.1781;;;;;;;;;;;;;;;;;;;;;;;;;;;;;;;;;;;;;;;;;691.0;0.1871;;;714;0.1987;355.0;0.1511;581;0.1616;971;0.2148;528.0;0.1386;;;;;;;;
faz;teachers_and_educators;2164;0.1004;;;;;;;;;;;;;;;;;;;;;;;;;;;;;;;;;;;;;;;;;412.0;0.1115;;;379;0.1055;266.0;0.1132;250;0.0695;568;0.1257;289.0;0.0758;;;;;;;;
faz;tenants;1791;0.0831;;;;;;;;;;;;;;;;;;;;;;;;;;;;;;;;;;;;;;;;;301.0;0.0815;;;210;0.0584;179.0;0.0762;338;0.094;478;0.1058;285.0;0.0748;;;;;;;;
faz;terrorists_rebels_revolutionaries_and_or_movements_of_armed_resistance;3340;0.1549;;;;;;;;;;;;;;;;;;;;;;;;;;;;;;;;;;;;;;;;;758.0;0.2052;;;677;0.1884;250.0;0.1064;423;0.1177;447;0.0989;785.0;0.206;;;;;;;;
faz;unemployed;1668;0.0774;;;;;;;;;;;;;;;;;;;;;;;;;;;;;;;;;;;;;;;;;283.0;0.0766;;;303;0.0843;185.0;0.0787;241;0.067;388;0.0858;268.0;0.0703;;;;;;;;
faz;unskilled_or_unqualified;783;0.0363;;;;;;;;;;;;;;;;;;;;;;;;;;;;;;;;;;;;;;;;;130.0;0.0352;;;134;0.0373;94.0;0.04;123;0.0342;133;0.0294;169.0;0.0444;;;;;;;;
faz;upper_class;1139;0.0528;;;;;;;;;;;;;;;;;;;;;;;;;;;;;;;;;;;;;;;;;175.0;0.0474;;;197;0.0548;109.0;0.0464;184;0.0512;240;0.0531;234.0;0.0614;;;;;;;;
faz;wage_and_salary_earners;24002;1.1131;;;;;;;;;;;;;;;;;;;;;;;;;;;;;;;;;;;;;;;;;4149.0;1.1232;;;3664;1.0197;2536.0;1.0794;3908;1.087;6066;1.342;3679.0;0.9655;;;;;;;;
faz;women;12187;0.5652;;;;;;;;;;;;;;;;;;;;;;;;;;;;;;;;;;;;;;;;;2097.0;0.5677;;;1836;0.511;1355.0;0.5767;2183;0.6072;2649;0.5861;2067.0;0.5425;;;;;;;;
faz;young_adults;6684;0.31;;;;;;;;;;;;;;;;;;;;;;;;;;;;;;;;;;;;;;;;;1211.0;0.3278;;;1034;0.2878;729.0;0.3103;1184;0.3293;1384;0.3062;1142.0;0.2997;;;;;;;;
figaro;athletes;335200;4.5802;;;;;;;;;;;24548.0;4.0226;31325.0;4.1193;33287.0;4.4638;31724.0;4.4487;37771.0;4.8114;37112.0;4.7693;50271.0;4.7895;43060.0;6.0005;1735.0;7.3083;1845.0;5.4528;3087.0;3.7178;2557.0;3.271;3864.0;4.6831;4081.0;2.5554;4110.0;2.5357;3134.0;4.9864;3820.0;5.7477;2922;4.734;3457.0;5.4351;2832;4.4125;1982;3.2033;2773.0;4.5795;2410.0;4.1481;1493.0;4.1334;;;;
figaro;authors_and_artists;157526;2.1524;;;;;;;;;;;13876.0;2.2738;17509.0;2.3024;15679.0;2.1025;15897.0;2.2293;18405.0;2.3445;17204.0;2.2109;23145.0;2.2051;14148.0;1.9716;54.0;0.2275;290.0;0.8571;1429.0;1.721;1361.0;1.7411;1621.0;1.9646;3050.0;1.9098;2973.0;1.8342;1258.0;2.0016;1543.0;2.3217;1546;2.5047;1101.0;1.731;1232;1.9196;1215;1.9637;1223.0;2.0198;1030.0;1.7728;737.0;2.0404;;;;
figaro;capital_owners_investors_and_shareholders;38122;0.5209;;;;;;;;;;;4656.0;0.763;5276.0;0.6938;5242.0;0.7029;3809.0;0.5341;1685.0;0.2146;2209.0;0.2839;4572.0;0.4356;3968.0;0.553;25.0;0.1053;64.0;0.1891;515.0;0.6202;476.0;0.6089;510.0;0.6181;1062.0;0.665;1072.0;0.6614;407.0;0.6476;411.0;0.6184;354;0.5735;319.0;0.5015;331;0.5157;301;0.4865;333.0;0.5499;315.0;0.5422;210.0;0.5814;;;;
figaro;car_drivers;4394;0.06;;;;;;;;;;;506.0;0.0829;508.0;0.0668;457.0;0.0613;363.0;0.0509;378.0;0.0482;409.0;0.0526;506.0;0.0482;377.0;0.0525;20.0;0.0842;32.0;0.0946;43.0;0.0518;50.0;0.064;53.0;0.0642;152.0;0.0952;119.0;0.0734;50.0;0.0796;40.0;0.0602;57;0.0923;64.0;0.1006;54;0.0841;39;0.063;37.0;0.0611;57.0;0.0981;23.0;0.0637;;;;
figaro;ceos_and_corporate_leaders;28362;0.3875;;;;;;;;;;;2585.0;0.4236;3318.0;0.4363;3800.0;0.5096;2867.0;0.402;2130.0;0.2713;2436.0;0.3131;3532.0;0.3365;2446.0;0.3409;35.0;0.1474;118.0;0.3487;436.0;0.5251;386.0;0.4938;336.0;0.4072;669.0;0.4189;769.0;0.4744;376.0;0.5982;340.0;0.5116;304;0.4925;312.0;0.4905;327;0.5095;243;0.3927;234.0;0.3864;237.0;0.4079;126.0;0.3488;;;;
figaro;children;105025;1.4351;;;;;;;;;;;9194.0;1.5066;11035.0;1.4511;11040.0;1.4805;10529.0;1.4765;11520.0;1.4675;12110.0;1.5563;15400.0;1.4672;9429.0;1.314;335.0;1.4111;382.0;1.129;1022.0;1.2308;868.0;1.1104;974.0;1.1805;2354.0;1.474;2469.0;1.5233;795.0;1.2649;715.0;1.0758;608;0.985;738.0;1.1603;802;1.2496;851;1.3754;798.0;1.3179;671.0;1.1549;386.0;1.0687;;;;
figaro;christians;37609;0.5139;;;;;;;;;;;3038.0;0.4978;3296.0;0.4334;3661.0;0.4909;3797.0;0.5325;4665.0;0.5942;5183.0;0.6661;5819.0;0.5544;3538.0;0.493;129.0;0.5434;194.0;0.5734;296.0;0.3565;296.0;0.3787;308.0;0.3733;703.0;0.4402;775.0;0.4782;241.0;0.3834;235.0;0.3536;201;0.3256;274.0;0.4308;223;0.3475;253;0.4089;197.0;0.3253;174.0;0.2995;113.0;0.3128;;;;
figaro;cisgender_and_heterosexuals;5114;0.0699;;;;;;;;;;;435.0;0.0713;566.0;0.0744;524.0;0.0703;447.0;0.0627;660.0;0.0841;584.0;0.0751;755.0;0.0719;447.0;0.0623;11.0;0.0463;19.0;0.0562;39.0;0.047;32.0;0.0409;42.0;0.0509;132.0;0.0827;111.0;0.0685;30.0;0.0477;45.0;0.0677;35;0.0567;45.0;0.0707;35;0.0545;34;0.055;29.0;0.0479;33.0;0.0568;24.0;0.0664;;;;
figaro;civil_servants;11270;0.154;;;;;;;;;;;983.0;0.1611;1259.0;0.1656;1250.0;0.1676;1484.0;0.2081;876.0;0.1116;1091.0;0.1402;1554.0;0.1481;1098.0;0.153;46.0;0.1938;45.0;0.133;113.0;0.1361;95.0;0.1215;101.0;0.1224;302.0;0.1891;243.0;0.1499;98.0;0.1559;89.0;0.1339;79;0.128;118.0;0.1855;108;0.1683;67;0.1083;65.0;0.1073;58.0;0.0998;48.0;0.1329;;;;
figaro;consumers_and_clients;79753;1.0898;;;;;;;;;;;9015.0;1.4772;9802.0;1.289;8657.0;1.1609;7235.0;1.0146;6518.0;0.8303;6637.0;0.8529;10381.0;0.989;6887.0;0.9597;78.0;0.3286;179.0;0.529;766.0;0.9225;790.0;1.0106;847.0;1.0265;2150.0;1.3462;2298.0;1.4178;892.0;1.4192;912.0;1.3722;900;1.4581;865.0;1.36;838;1.3057;837;1.3527;906.0;1.4962;874.0;1.5043;489.0;1.3538;;;;
figaro;disabled_people;6927;0.0947;;;;;;;;;;;499.0;0.0818;739.0;0.0972;685.0;0.0919;748.0;0.1049;733.0;0.0934;840.0;0.108;848.0;0.0808;708.0;0.0987;21.0;0.0885;42.0;0.1241;104.0;0.1253;69.0;0.0883;85.0;0.103;153.0;0.0958;170.0;0.1049;47.0;0.0748;45.0;0.0677;40;0.0648;61.0;0.0959;76;0.1184;53;0.0857;70.0;0.1156;56.0;0.0964;35.0;0.0969;;;;
figaro;doctors;19276;0.2634;;;;;;;;;;;1561.0;0.2558;2061.0;0.271;2161.0;0.2898;1907.0;0.2674;2077.0;0.2646;1765.0;0.2268;2548.0;0.2428;1750.0;0.2439;80.0;0.337;120.0;0.3547;220.0;0.265;208.0;0.2661;228.0;0.2763;550.0;0.3444;591.0;0.3646;170.0;0.2705;156.0;0.2347;112;0.1815;151.0;0.2374;151;0.2353;224;0.362;179.0;0.2956;199.0;0.3425;107.0;0.2962;;;;
figaro;drug_addicts;1292;0.0177;;;;;;;;;;;130.0;0.0213;123.0;0.0162;144.0;0.0193;108.0;0.0151;125.0;0.0159;106.0;0.0136;218.0;0.0208;120.0;0.0167;5.0;0.0211;5.0;0.0148;13.0;0.0157;13.0;0.0166;26.0;0.0315;47.0;0.0294;28.0;0.0173;5.0;0.008;6.0;0.009;9;0.0146;8.0;0.0126;9;0.014;11;0.0178;17.0;0.0281;10.0;0.0172;6.0;0.0166;;;;
figaro;elderly;12235;0.1672;;;;;;;;;;;969.0;0.1588;1325.0;0.1742;1227.0;0.1645;1489.0;0.2088;1233.0;0.1571;1329.0;0.1708;1679.0;0.16;1058.0;0.1474;39.0;0.1643;50.0;0.1478;131.0;0.1578;105.0;0.1343;131.0;0.1588;298.0;0.1866;308.0;0.19;83.0;0.1321;67.0;0.1008;81;0.1312;122.0;0.1918;93;0.1449;119;0.1923;142.0;0.2345;91.0;0.1566;66.0;0.1827;;;;
figaro;employers;13222;0.1807;;;;;;;;;;;1310.0;0.2147;1409.0;0.1853;1465.0;0.1965;1110.0;0.1557;828.0;0.1055;1146.0;0.1473;1946.0;0.1854;1352.0;0.1884;21.0;0.0885;48.0;0.1419;120.0;0.1445;105.0;0.1343;141.0;0.1709;434.0;0.2718;548.0;0.3381;194.0;0.3087;171.0;0.2573;150;0.243;170.0;0.2673;138;0.215;138;0.223;110.0;0.1817;98.0;0.1687;70.0;0.1938;;;;
figaro;entrepreneur;287992;3.9351;;;;;;;;;;;34977.0;5.7315;37883.0;4.9816;32874.0;4.4084;25778.0;3.6149;18153.0;2.3124;20351.0;2.6153;31973.0;3.0462;25231.0;3.516;310.0;1.3058;734.0;2.1693;4600.0;5.54;4117.0;5.2667;4532.0;5.4927;8807.0;5.5146;8486.0;5.2356;3535.0;5.6244;3779.0;5.686;3547;5.7465;3412.0;5.3644;3453;5.3801;3354;5.4207;3236.0;5.3442;2998.0;5.1602;1872.0;5.1827;;;;
figaro;ethnic_and_racial_minorities;5628;0.0769;;;;;;;;;;;451.0;0.0739;508.0;0.0668;523.0;0.0701;463.0;0.0649;565.0;0.072;670.0;0.0861;929.0;0.0885;646.0;0.09;30.0;0.1264;23.0;0.068;88.0;0.106;53.0;0.0678;77.0;0.0933;160.0;0.1002;96.0;0.0592;54.0;0.0859;37.0;0.0557;40;0.0648;38.0;0.0597;35;0.0545;41;0.0663;48.0;0.0793;35.0;0.0602;18.0;0.0498;;;;
figaro;extremists;4221;0.0577;;;;;;;;;;;409.0;0.067;575.0;0.0756;441.0;0.0591;629.0;0.0882;594.0;0.0757;360.0;0.0463;506.0;0.0482;316.0;0.044;19.0;0.08;17.0;0.0502;13.0;0.0157;18.0;0.023;27.0;0.0327;74.0;0.0463;67.0;0.0413;11.0;0.0175;30.0;0.0451;26;0.0421;22.0;0.0346;22;0.0343;17;0.0275;9.0;0.0149;15.0;0.0258;4.0;0.0111;;;;
figaro;farmers_and_fishermen;25091;0.3428;;;;;;;;;;;2453.0;0.402;2984.0;0.3924;2934.0;0.3934;2463.0;0.3454;2415.0;0.3076;2461.0;0.3163;3205.0;0.3054;2072.0;0.2887;49.0;0.2064;108.0;0.3192;248.0;0.2987;210.0;0.2686;238.0;0.2884;517.0;0.3237;494.0;0.3048;294.0;0.4678;291.0;0.4379;252;0.4083;216.0;0.3396;268;0.4176;265;0.4283;226.0;0.3732;263.0;0.4527;165.0;0.4568;;;;
figaro;health_and_care_professionals;6778;0.0926;;;;;;;;;;;563.0;0.0923;674.0;0.0886;728.0;0.0976;790.0;0.1108;751.0;0.0957;641.0;0.0824;733.0;0.0698;506.0;0.0705;40.0;0.1685;39.0;0.1153;62.0;0.0747;60.0;0.0768;51.0;0.0618;135.0;0.0845;197.0;0.1215;51.0;0.0811;37.0;0.0557;46;0.0745;64.0;0.1006;66;0.1028;188;0.3038;175.0;0.289;118.0;0.2031;63.0;0.1744;;;;
figaro;homeless;1291;0.0176;;;;;;;;;;;80.0;0.0131;75.0;0.0099;142.0;0.019;100.0;0.014;86.0;0.011;145.0;0.0186;267.0;0.0254;286.0;0.0399;4.0;0.0168;9.0;0.0266;9.0;0.0108;12.0;0.0154;5.0;0.0061;9.0;0.0056;11.0;0.0068;1.0;0.0016;7.0;0.0105;8;0.013;4.0;0.0063;10;0.0156;5;0.0081;7.0;0.0116;6.0;0.0103;3.0;0.0083;;;;
figaro;housewife_and_househusband;241;0.0033;;;;;;;;;;;24.0;0.0039;24.0;0.0032;26.0;0.0035;19.0;0.0027;16.0;0.002;28.0;0.0036;43.0;0.0041;33.0;0.0046;;;;;3.0;0.0036;2.0;0.0026;1.0;0.0012;2.0;0.0013;5.0;0.0031;1.0;0.0016;3.0;0.0045;3;0.0049;;;1;0.0016;2;0.0032;2.0;0.0033;2.0;0.0034;1.0;0.0028;;;;
figaro;jews;13413;0.1833;;;;;;;;;;;1080.0;0.177;1302.0;0.1712;1329.0;0.1782;1255.0;0.176;1848.0;0.2354;1619.0;0.2081;2159.0;0.2057;1203.0;0.1676;32.0;0.1348;58.0;0.1714;95.0;0.1144;82.0;0.1049;132.0;0.16;340.0;0.2129;278.0;0.1715;77.0;0.1225;63.0;0.0948;62;0.1004;84.0;0.1321;76;0.1184;59;0.0954;80.0;0.1321;48.0;0.0826;52.0;0.144;;;;
figaro;journalists;20479;0.2798;;;;;;;;;;;1666.0;0.273;2035.0;0.2676;1913.0;0.2565;1911.0;0.268;2152.0;0.2741;2094.0;0.2691;3229.0;0.3076;2331.0;0.3248;59.0;0.2485;108.0;0.3192;236.0;0.2842;234.0;0.2993;265.0;0.3212;435.0;0.2724;389.0;0.24;197.0;0.3134;186.0;0.2799;156;0.2527;205.0;0.3223;178;0.2773;156;0.2521;139.0;0.2296;127.0;0.2186;78.0;0.2159;;;;
figaro;legal_professionals;28472;0.389;;;;;;;;;;;2517.0;0.4124;4025.0;0.5293;2783.0;0.3732;2350.0;0.3295;2804.0;0.3572;2662.0;0.3421;4506.0;0.4293;2276.0;0.3172;137.0;0.5771;203.0;0.6;307.0;0.3697;336.0;0.4298;264.0;0.32;746.0;0.4671;833.0;0.5139;166.0;0.2641;238.0;0.3581;208;0.337;240.0;0.3773;211;0.3288;190;0.3071;211.0;0.3485;168.0;0.2892;91.0;0.2519;;;;
figaro;lgbtqqia;5180;0.0708;;;;;;;;;;;418.0;0.0685;501.0;0.0659;383.0;0.0514;379.0;0.0531;864.0;0.1101;571.0;0.0734;777.0;0.074;422.0;0.0588;7.0;0.0295;18.0;0.0532;37.0;0.0446;42.0;0.0537;85.0;0.103;227.0;0.1421;154.0;0.095;41.0;0.0652;27.0;0.0406;21;0.034;51.0;0.0802;31;0.0483;26;0.042;35.0;0.0578;34.0;0.0585;29.0;0.0803;;;;
figaro;lower_class;15740;0.2151;;;;;;;;;;;1421.0;0.2329;1574.0;0.207;1736.0;0.2328;1416.0;0.1986;1499.0;0.1909;1720.0;0.221;2505.0;0.2387;1578.0;0.2199;40.0;0.1685;64.0;0.1891;148.0;0.1782;133.0;0.1701;142.0;0.1721;307.0;0.1922;392.0;0.2419;104.0;0.1655;102.0;0.1535;120;0.1944;123.0;0.1934;166;0.2586;124;0.2004;127.0;0.2097;131.0;0.2255;68.0;0.1883;;;;
figaro;married_people;8264;0.1129;;;;;;;;;;;682.0;0.1118;796.0;0.1047;726.0;0.0974;747.0;0.1048;986.0;0.1256;986.0;0.1267;1108.0;0.1056;796.0;0.1109;31.0;0.1306;25.0;0.0739;94.0;0.1132;68.0;0.087;114.0;0.1382;263.0;0.1647;267.0;0.1647;73.0;0.1161;65.0;0.0978;61;0.0988;79.0;0.1242;94;0.1465;75;0.1212;57.0;0.0941;48.0;0.0826;23.0;0.0637;;;;
figaro;men;46221;0.6316;;;;;;;;;;;4076.0;0.6679;5010.0;0.6588;4970.0;0.6665;4956.0;0.695;5401.0;0.688;4968.0;0.6384;6724.0;0.6406;4251.0;0.5924;119.0;0.5013;142.0;0.4197;424.0;0.5106;429.0;0.5488;464.0;0.5624;935.0;0.5855;954.0;0.5886;296.0;0.471;299.0;0.4499;251;0.4066;289.0;0.4544;308;0.4799;243;0.3927;259.0;0.4277;275.0;0.4733;178.0;0.4928;;;;
figaro;middle_class;2286;0.0312;;;;;;;;;;;162.0;0.0265;165.0;0.0217;212.0;0.0284;182.0;0.0255;194.0;0.0247;262.0;0.0337;360.0;0.0343;231.0;0.0322;11.0;0.0463;11.0;0.0325;34.0;0.0409;33.0;0.0422;40.0;0.0485;79.0;0.0495;98.0;0.0605;21.0;0.0334;19.0;0.0286;21;0.034;25.0;0.0393;38;0.0592;19;0.0307;13.0;0.0215;27.0;0.0465;29.0;0.0803;;;;
figaro;multiple_or_other_specific_religious_or_minority_groups;9582;0.1309;;;;;;;;;;;653.0;0.107;848.0;0.1115;918.0;0.1231;1235.0;0.1732;1311.0;0.167;1206.0;0.155;1591.0;0.1516;801.0;0.1116;30.0;0.1264;52.0;0.1537;64.0;0.0771;58.0;0.0742;69.0;0.0836;148.0;0.0927;163.0;0.1006;65.0;0.1034;47.0;0.0707;39;0.0632;57.0;0.0896;45;0.0701;45;0.0727;60.0;0.0991;52.0;0.0895;25.0;0.0692;;;;
figaro;muslims;18445;0.252;;;;;;;;;;;544.0;0.0891;1710.0;0.2249;1738.0;0.2331;2303.0;0.323;2995.0;0.3815;2170.0;0.2789;3395.0;0.3235;1402.0;0.1954;24.0;0.1011;73.0;0.2157;95.0;0.1144;140.0;0.1791;141.0;0.1709;313.0;0.196;295.0;0.182;170.0;0.2705;154.0;0.2317;126;0.2041;132.0;0.2075;135;0.2103;162;0.2618;131.0;0.2163;49.0;0.0843;48.0;0.1329;;;;
figaro;offenders_criminals_prisoners_and_or_accused_people;17427;0.2381;;;;;;;;;;;1411.0;0.2312;2156.0;0.2835;2161.0;0.2898;1576.0;0.221;1613.0;0.2055;1772.0;0.2277;2613.0;0.2489;1637.0;0.2281;83.0;0.3496;122.0;0.3606;153.0;0.1843;161.0;0.206;126.0;0.1527;492.0;0.3081;357.0;0.2203;117.0;0.1862;108.0;0.1625;85;0.1377;110.0;0.1729;135;0.2103;134;0.2166;139.0;0.2296;102.0;0.1756;64.0;0.1772;;;;
figaro;other_profession;156668;2.1407;;;;;;;;;;;15912.0;2.6074;18619.0;2.4484;18606.0;2.4951;15913.0;2.2315;15216.0;1.9383;16383.0;2.1054;20257.0;1.93;12356.0;1.7218;318.0;1.3395;652.0;1.9269;1659.0;1.998;1441.0;1.8434;1567.0;1.8992;3347.0;2.0958;3421.0;2.1106;1383.0;2.2004;1430.0;2.1516;1282;2.077;1362.0;2.1413;1357;2.1143;1155;1.8667;1202.0;1.9851;1143.0;1.9673;687.0;1.902;;;;
figaro;parents_and_families;65131;0.89;;;;;;;;;;;5477.0;0.8975;6688.0;0.8795;6494.0;0.8708;6077.0;0.8522;6770.0;0.8624;7336.0;0.9428;9776.0;0.9314;6441.0;0.8976;195.0;0.8214;280.0;0.8275;620.0;0.7467;581.0;0.7432;605.0;0.7332;1784.0;1.1171;1901.0;1.1729;516.0;0.821;455.0;0.6846;390;0.6318;500.0;0.7861;507;0.79;498;0.8049;495.0;0.8175;446.0;0.7677;299.0;0.8278;;;;
figaro;patients;12541;0.1714;;;;;;;;;;;951.0;0.1558;1249.0;0.1642;1274.0;0.1708;1157.0;0.1622;1300.0;0.1656;1011.0;0.1299;1457.0;0.1388;970.0;0.1352;77.0;0.3243;84.0;0.2483;150.0;0.1807;155.0;0.1983;151.0;0.183;590.0;0.3694;631.0;0.3893;127.0;0.2021;121.0;0.1821;97;0.1572;119.0;0.1871;132;0.2057;293;0.4735;215.0;0.3551;151.0;0.2599;79.0;0.2187;;;;
figaro;people_with_an_immigration_background_including_immigrants;37335;0.5101;;;;;;;;;;;2224.0;0.3644;2979.0;0.3917;3855.0;0.517;3341.0;0.4685;3861.0;0.4918;4835.0;0.6214;6441.0;0.6137;4039.0;0.5628;147.0;0.6192;212.0;0.6266;366.0;0.4408;295.0;0.3774;279.0;0.3381;713.0;0.4465;780.0;0.4812;412.0;0.6555;427.0;0.6425;312;0.5055;389.0;0.6116;343;0.5344;254;0.4105;318.0;0.5252;312.0;0.537;201.0;0.5565;;;;
figaro;politicians_and_high_ranking_officials;406044;5.5482;;;;;;;;;;;30787.0;5.0449;38809.0;5.1034;44419.0;5.9566;34378.0;4.8209;45799.0;5.834;42380.0;5.4463;53708.0;5.1169;45441.0;6.3323;2932.0;12.3505;3100.0;9.1618;4443.0;5.3509;4428.0;5.6645;4890.0;5.9266;10338.0;6.4732;11985.0;7.3944;3275.0;5.2107;2977.0;4.4793;3457;5.6007;3078.0;4.8392;3707;5.7759;3238;5.2332;3324.0;5.4895;3450.0;5.9381;1701.0;4.7093;;;;
figaro;prostitutes;3869;0.0529;;;;;;;;;;;336.0;0.0551;394.0;0.0518;528.0;0.0708;562.0;0.0788;395.0;0.0503;370.0;0.0475;476.0;0.0454;312.0;0.0435;6.0;0.0253;12.0;0.0355;36.0;0.0434;38.0;0.0486;53.0;0.0642;111.0;0.0695;48.0;0.0296;28.0;0.0445;19.0;0.0286;17;0.0275;30.0;0.0472;17;0.0265;19;0.0307;25.0;0.0413;25.0;0.043;12.0;0.0332;;;;
figaro;real_estate_owner;1583;0.0216;;;;;;;;;;;135.0;0.0221;185.0;0.0243;180.0;0.0241;113.0;0.0158;119.0;0.0152;136.0;0.0175;173.0;0.0165;169.0;0.0236;5.0;0.0211;3.0;0.0089;17.0;0.0205;18.0;0.023;18.0;0.0218;48.0;0.0301;71.0;0.0438;21.0;0.0334;22.0;0.0331;18;0.0292;32.0;0.0503;18;0.028;16;0.0259;26.0;0.0429;21.0;0.0361;19.0;0.0526;;;;
figaro;retirees;7208;0.0985;;;;;;;;;;;503.0;0.0824;767.0;0.1009;756.0;0.1014;848.0;0.1189;540.0;0.0688;794.0;0.102;960.0;0.0915;664.0;0.0925;17.0;0.0716;34.0;0.1005;99.0;0.1192;71.0;0.0908;88.0;0.1067;242.0;0.1515;215.0;0.1326;69.0;0.1098;70.0;0.1053;60;0.0972;95.0;0.1494;91;0.1418;56;0.0905;61.0;0.1007;64.0;0.1102;44.0;0.1218;;;;
figaro;scientists_and_professors;27857;0.3806;;;;;;;;;;;2508.0;0.411;2734.0;0.3595;2733.0;0.3665;2486.0;0.3486;3424.0;0.4362;3075.0;0.3952;3822.0;0.3641;2252.0;0.3138;133.0;0.5602;166.0;0.4906;302.0;0.3637;238.0;0.3045;276.0;0.3345;642.0;0.402;877.0;0.5411;229.0;0.3644;264.0;0.3972;249;0.4034;248.0;0.3899;265;0.4129;244;0.3943;270.0;0.4459;245.0;0.4217;175.0;0.4845;;;;
figaro;security_forces;68676;0.9384;;;;;;;;;;;5138.0;0.8419;7873.0;1.0353;7289.0;0.9774;6661.0;0.9341;7114.0;0.9062;7057.0;0.9069;9703.0;0.9244;5994.0;0.8353;434.0;1.8281;582.0;1.7201;832.0;1.002;787.0;1.0068;798.0;0.9672;1827.0;1.144;1446.0;0.8921;578.0;0.9196;623.0;0.9374;560;0.9073;641.0;1.0078;610;0.9504;654;1.057;617.0;1.019;524.0;0.9019;334.0;0.9247;;;;
figaro;self_employed_and_freelancers;2348;0.0321;;;;;;;;;;;183.0;0.03;200.0;0.0263;191.0;0.0256;168.0;0.0236;180.0;0.0229;212.0;0.0272;217.0;0.0207;170.0;0.0237;4.0;0.0168;11.0;0.0325;50.0;0.0602;50.0;0.064;49.0;0.0594;182.0;0.114;114.0;0.0703;42.0;0.0668;50.0;0.0752;43;0.0697;33.0;0.0519;60;0.0935;56;0.0905;47.0;0.0776;23.0;0.0396;13.0;0.036;;;;
figaro;single;5519;0.0754;;;;;;;;;;;492.0;0.0806;678.0;0.0892;584.0;0.0783;550.0;0.0771;617.0;0.0786;613.0;0.0788;880.0;0.0838;427.0;0.0595;9.0;0.0379;16.0;0.0473;38.0;0.0458;47.0;0.0601;61.0;0.0739;84.0;0.0526;98.0;0.0605;32.0;0.0509;36.0;0.0542;36;0.0583;37.0;0.0582;44;0.0686;48;0.0776;29.0;0.0479;36.0;0.062;27.0;0.0748;;;;
figaro;skilled_or_qualified;3790;0.0518;;;;;;;;;;;368.0;0.0603;350.0;0.046;356.0;0.0477;317.0;0.0445;398.0;0.0507;523.0;0.0672;616.0;0.0587;335.0;0.0467;10.0;0.0421;10.0;0.0296;41.0;0.0494;31.0;0.0397;30.0;0.0364;83.0;0.052;69.0;0.0426;27.0;0.043;28.0;0.0421;31;0.0502;37.0;0.0582;33;0.0514;28;0.0453;33.0;0.0545;27.0;0.0465;9.0;0.0249;;;;
figaro;soldiers;39941;0.5458;;;;;;;;;;;2448.0;0.4011;3776.0;0.4965;3668.0;0.4919;4633.0;0.6497;4681.0;0.5963;3972.0;0.5104;6259.0;0.5963;3578.0;0.4986;260.0;1.0952;329.0;0.9723;544.0;0.6552;481.0;0.6153;428.0;0.5187;933.0;0.5842;1216.0;0.7502;367.0;0.5839;344.0;0.5176;284;0.4601;273.0;0.4292;327;0.5095;231;0.3733;326.0;0.5384;335.0;0.5766;248.0;0.6866;;;;
figaro;teachers_and_educators;14449;0.1974;;;;;;;;;;;1208.0;0.1979;1326.0;0.1744;1215.0;0.1629;2066.0;0.2897;1266.0;0.1613;1587.0;0.2039;2115.0;0.2015;1435.0;0.2;103.0;0.4339;111.0;0.3281;146.0;0.1758;110.0;0.1407;139.0;0.1685;436.0;0.273;316.0;0.195;113.0;0.1798;95.0;0.1429;88;0.1426;101.0;0.1588;130;0.2026;110;0.1778;106.0;0.1751;94.0;0.1618;33.0;0.0914;;;;
figaro;tenants;1974;0.027;;;;;;;;;;;171.0;0.028;245.0;0.0322;201.0;0.027;148.0;0.0208;140.0;0.0178;277.0;0.0356;239.0;0.0228;223.0;0.0311;3.0;0.0126;8.0;0.0236;9.0;0.0108;14.0;0.0179;11.0;0.0133;40.0;0.025;56.0;0.0346;21.0;0.0334;26.0;0.0391;15;0.0243;33.0;0.0519;19;0.0296;17;0.0275;19.0;0.0314;21.0;0.0361;18.0;0.0498;;;;
figaro;terrorists_rebels_revolutionaries_and_or_movements_of_armed_resistance;7786;0.1064;;;;;;;;;;;309.0;0.0506;796.0;0.1047;736.0;0.0987;823.0;0.1154;968.0;0.1233;918.0;0.118;1333.0;0.127;682.0;0.095;27.0;0.1137;36.0;0.1064;42.0;0.0506;78.0;0.0998;64.0;0.0776;184.0;0.1152;202.0;0.1246;134.0;0.2132;91.0;0.1369;68;0.1102;62.0;0.0975;68;0.106;71;0.1147;51.0;0.0842;29.0;0.0499;14.0;0.0388;;;;
figaro;unemployed;6554;0.0896;;;;;;;;;;;776.0;0.1272;632.0;0.0831;670.0;0.0898;512.0;0.0718;426.0;0.0543;846.0;0.1087;959.0;0.0914;535.0;0.0746;4.0;0.0168;14.0;0.0414;100.0;0.1204;91.0;0.1164;78.0;0.0945;216.0;0.1353;227.0;0.1401;66.0;0.105;95.0;0.1429;49;0.0794;54.0;0.0849;45;0.0701;52;0.084;51.0;0.0842;35.0;0.0602;21.0;0.0581;;;;
figaro;unskilled_or_unqualified;2445;0.0334;;;;;;;;;;;228.0;0.0374;231.0;0.0304;227.0;0.0304;200.0;0.028;208.0;0.0265;330.0;0.0424;467.0;0.0445;220.0;0.0307;4.0;0.0168;3.0;0.0089;24.0;0.0289;18.0;0.023;22.0;0.0267;52.0;0.0326;51.0;0.0315;12.0;0.0191;13.0;0.0196;18;0.0292;28.0;0.044;13;0.0203;17;0.0275;27.0;0.0446;19.0;0.0327;13.0;0.036;;;;
figaro;upper_class;14003;0.1913;;;;;;;;;;;1185.0;0.1942;1468.0;0.193;1385.0;0.1857;1270.0;0.1781;1466.0;0.1867;1357.0;0.1744;2113.0;0.2013;1343.0;0.1872;32.0;0.1348;42.0;0.1241;165.0;0.1987;164.0;0.2098;180.0;0.2182;400.0;0.2505;330.0;0.2036;117.0;0.1862;109.0;0.164;143;0.2317;141.0;0.2217;175;0.2727;102;0.1649;124.0;0.2048;114.0;0.1962;78.0;0.2159;;;;
figaro;wage_and_salary_earners;163502;2.2341;;;;;;;;;;;13986.0;2.2918;19587.0;2.5757;17794.0;2.3862;16131.0;2.2621;12404.0;1.5801;16806.0;2.1598;23444.0;2.2336;15696.0;2.1873;280.0;1.1794;530.0;1.5664;1855.0;2.2341;1496.0;1.9138;1745.0;2.1149;4391.0;2.7495;4391.0;2.7091;1584.0;2.5202;1806.0;2.7174;1550;2.5112;1572.0;2.4715;1365;2.1268;1642;2.6538;1409.0;2.3269;1235.0;2.1257;803.0;2.2231;;;;
figaro;women;78782;1.0765;;;;;;;;;;;6915.0;1.1331;8017.0;1.0542;8245.0;1.1056;8065.0;1.131;8937.0;1.1384;8468.0;1.0882;11023.0;1.0502;7334.0;1.022;184.0;0.7751;251.0;0.7418;894.0;1.0767;800.0;1.0234;942.0;1.1417;1589.0;0.995;1815.0;1.1198;616.0;0.9801;608.0;0.9148;543;0.8797;617.0;0.97;779;1.2138;547;0.8841;585.0;0.9661;619.0;1.0654;389.0;1.077;;;;
figaro;young_adults;55862;0.7633;;;;;;;;;;;5110.0;0.8374;6223.0;0.8183;6226.0;0.8349;5262.0;0.7379;5276.0;0.6721;6786.0;0.8721;9284.0;0.8845;4431.0;0.6175;124.0;0.5223;199.0;0.5881;463.0;0.5576;439.0;0.5616;471.0;0.5708;1168.0;0.7314;1142.0;0.7046;329.0;0.5235;384.0;0.5778;346;0.5606;387.0;0.6084;376;0.5858;338;0.5463;465.0;0.7679;377.0;0.6489;256.0;0.7087;;;;
lemonde;athletes;70739;0.4913;1776.0;0.4294;1544.0;0.4111;1627.0;0.4018;1793.0;0.4134;2073.0;0.5121;2286.0;0.4501;3549.0;0.3968;3456.0;0.4676;2041.0;0.4013;1756.0;0.3497;1819.0;0.4002;1933.0;0.5186;1478.0;0.3813;1534.0;0.3563;1996.0;0.4676;2518.0;0.5153;2930.0;0.5304;2657.0;0.4556;3429.0;0.6574;2957.0;0.6018;3200.0;0.603;3045.0;0.6041;2683;0.5326;2944.0;0.6061;2937;0.5891;2856;0.5695;2600.0;0.5606;3693.0;0.7512;1629.0;0.3113;;;;
lemonde;authors_and_artists;53586;0.3722;1982.0;0.4792;1782.0;0.4745;2148.0;0.5305;1866.0;0.4302;2216.0;0.5474;2621.0;0.516;3909.0;0.4371;3166.0;0.4283;1938.0;0.3811;1770.0;0.3525;1666.0;0.3666;1510.0;0.4051;1531.0;0.395;1512.0;0.3512;1346.0;0.3153;1339.0;0.274;1524.0;0.2759;1735.0;0.2975;1541.0;0.2954;1760.0;0.3582;2033.0;0.3831;1678.0;0.3329;1654;0.3283;1736.0;0.3574;1775;0.356;1801;0.3591;1568.0;0.3381;1578.0;0.321;901.0;0.1722;;;;
lemonde;capital_owners_investors_and_shareholders;37142;0.258;1135.0;0.2744;1092.0;0.2907;1106.0;0.2731;1259.0;0.2903;1464.0;0.3616;1842.0;0.3627;2537.0;0.2837;2372.0;0.3209;1474.0;0.2898;1356.0;0.2701;1273.0;0.2801;1121.0;0.3007;1053.0;0.2716;1477.0;0.343;1456.0;0.3411;1339.0;0.274;1436.0;0.2599;1347.0;0.231;1293.0;0.2479;1450.0;0.2951;1231.0;0.232;1123.0;0.2228;1087;0.2158;1001.0;0.2061;858;0.1721;781;0.1557;1004.0;0.2165;732.0;0.1489;443.0;0.0847;;;;
lemonde;car_drivers;6577;0.0457;198.0;0.0479;300.0;0.0799;351.0;0.0867;176.0;0.0406;90.0;0.0222;215.0;0.0423;240.0;0.0268;371.0;0.0502;166.0;0.0326;160.0;0.0319;203.0;0.0447;139.0;0.0373;169.0;0.0436;187.0;0.0434;234.0;0.0548;172.0;0.0352;168.0;0.0304;237.0;0.0406;188.0;0.036;287.0;0.0584;313.0;0.059;378.0;0.075;287;0.057;416.0;0.0856;286;0.0574;190;0.0379;125.0;0.027;196.0;0.0399;135.0;0.0258;;;;
lemonde;ceos_and_corporate_leaders;22991;0.1597;760.0;0.1838;885.0;0.2356;903.0;0.223;771.0;0.1778;771.0;0.1905;1056.0;0.2079;1505.0;0.1683;1534.0;0.2075;766.0;0.1506;765.0;0.1524;717.0;0.1578;582.0;0.1561;620.0;0.1599;699.0;0.1623;945.0;0.2214;651.0;0.1332;804.0;0.1455;946.0;0.1622;920.0;0.1764;796.0;0.162;773.0;0.1457;756.0;0.15;649;0.1288;818.0;0.1684;658;0.132;542;0.1081;592.0;0.1276;515.0;0.1048;292.0;0.0558;;;;
lemonde;children;127463;0.8853;2609.0;0.6308;2792.0;0.7434;3162.0;0.7809;3657.0;0.8432;3495.0;0.8633;4605.0;0.9067;6755.0;0.7553;6152.0;0.8323;3903.0;0.7674;3793.0;0.7554;4769.0;1.0494;3360.0;0.9014;3391.0;0.8748;3150.0;0.7316;3507.0;0.8216;3914.0;0.801;4544.0;0.8225;5066.0;0.8687;5157.0;0.9887;4139.0;0.8423;4383.0;0.8259;4589.0;0.9103;5198;1.0319;5611.0;1.1551;5408;1.0847;5830;1.1626;5892.0;1.2703;5536.0;1.1261;3096.0;0.5917;;;;
lemonde;christians;20078;0.1395;812.0;0.1963;549.0;0.1462;508.0;0.1255;675.0;0.1556;578.0;0.1428;671.0;0.1321;1053.0;0.1177;1102.0;0.1491;662.0;0.1302;647.0;0.1289;737.0;0.1622;582.0;0.1561;625.0;0.1612;639.0;0.1484;646.0;0.1513;625.0;0.1279;804.0;0.1455;913.0;0.1566;1057.0;0.2026;638.0;0.1298;822.0;0.1549;750.0;0.1488;597;0.1185;511.0;0.1052;577;0.1157;720;0.1436;633.0;0.1365;584.0;0.1188;361.0;0.069;;;;
lemonde;cisgender_and_heterosexuals;3566;0.0248;74.0;0.0179;53.0;0.0141;95.0;0.0235;86.0;0.0198;130.0;0.0321;79.0;0.0156;169.0;0.0189;181.0;0.0245;85.0;0.0167;93.0;0.0185;92.0;0.0202;69.0;0.0185;88.0;0.0227;75.0;0.0174;100.0;0.0234;88.0;0.018;132.0;0.0239;261.0;0.0448;234.0;0.0449;143.0;0.0291;202.0;0.0381;224.0;0.0444;104;0.0206;133.0;0.0274;157;0.0315;121;0.0241;123.0;0.0265;106.0;0.0216;69.0;0.0132;;;;
lemonde;civil_servants;16897;0.1174;910.0;0.22;578.0;0.1539;619.0;0.1529;482.0;0.1111;627.0;0.1549;848.0;0.167;1167.0;0.1305;878.0;0.1188;776.0;0.1526;467.0;0.093;622.0;0.1369;344.0;0.0923;657.0;0.1695;450.0;0.1045;423.0;0.0991;542.0;0.1109;622.0;0.1126;688.0;0.118;478.0;0.0916;432.0;0.0879;400.0;0.0754;594.0;0.1178;563;0.1118;626.0;0.1289;577;0.1157;484;0.0965;397.0;0.0856;422.0;0.0858;224.0;0.0428;;;;
lemonde;consumers_and_clients;117554;0.8165;2902.0;0.7016;3072.0;0.8179;3288.0;0.812;3394.0;0.7825;3558.0;0.8789;5009.0;0.9862;7579.0;0.8474;5725.0;0.7746;3037.0;0.5971;3179.0;0.6331;3323.0;0.7312;3070.0;0.8236;3094.0;0.7982;3397.0;0.789;3408.0;0.7984;3497.0;0.7156;4150.0;0.7512;4844.0;0.8306;4572.0;0.8765;4723.0;0.9612;4845.0;0.9129;4517.0;0.8961;4826;0.958;4576.0;0.9421;4671;0.9369;4641;0.9255;4342.0;0.9361;4025.0;0.8187;2290.0;0.4377;;;;
lemonde;disabled_people;8659;0.0601;178.0;0.043;127.0;0.0338;124.0;0.0306;194.0;0.0447;170.0;0.042;318.0;0.0626;502.0;0.0561;802.0;0.1085;591.0;0.1162;383.0;0.0763;301.0;0.0662;205.0;0.055;217.0;0.056;234.0;0.0543;211.0;0.0494;333.0;0.0681;291.0;0.0527;311.0;0.0533;265.0;0.0508;367.0;0.0747;249.0;0.0469;244.0;0.0484;260;0.0516;371.0;0.0764;298;0.0598;281;0.056;252.0;0.0543;392.0;0.0797;188.0;0.0359;;;;
lemonde;doctors;26216;0.1821;700.0;0.1692;941.0;0.2505;962.0;0.2376;740.0;0.1706;653.0;0.1613;908.0;0.1788;1311.0;0.1466;1845.0;0.2496;900.0;0.177;985.0;0.1962;1137.0;0.2502;704.0;0.1889;678.0;0.1749;492.0;0.1143;836.0;0.1958;761.0;0.1557;928.0;0.168;1106.0;0.1896;819.0;0.157;790.0;0.1608;897.0;0.169;707.0;0.1403;802;0.1592;816.0;0.168;890;0.1785;1301;0.2594;989.0;0.2132;922.0;0.1875;696.0;0.133;;;;
lemonde;drug_addicts;2648;0.0184;140.0;0.0338;122.0;0.0325;125.0;0.0309;92.0;0.0212;104.0;0.0257;89.0;0.0175;107.0;0.012;158.0;0.0214;68.0;0.0134;71.0;0.0141;82.0;0.018;49.0;0.0131;59.0;0.0152;84.0;0.0195;76.0;0.0178;112.0;0.0229;86.0;0.0156;115.0;0.0197;101.0;0.0194;87.0;0.0177;64.0;0.0121;47.0;0.0093;74;0.0147;113.0;0.0233;71;0.0142;64;0.0128;91.0;0.0196;128.0;0.026;69.0;0.0132;;;;
lemonde;elderly;15672;0.1089;509.0;0.1231;365.0;0.0972;410.0;0.1013;400.0;0.0922;354.0;0.0874;571.0;0.1124;1005.0;0.1124;808.0;0.1093;563.0;0.1107;523.0;0.1042;461.0;0.1014;407.0;0.1092;447.0;0.1153;482.0;0.1119;385.0;0.0902;534.0;0.1093;655.0;0.1186;491.0;0.0842;516.0;0.0989;402.0;0.0818;438.0;0.0825;374.0;0.0742;484;0.0961;518.0;0.1066;598;0.1199;917;0.1829;977.0;0.2106;671.0;0.1365;407.0;0.0778;;;;
lemonde;employers;25934;0.1801;941.0;0.2275;1109.0;0.2953;1299.0;0.3208;929.0;0.2142;790.0;0.1951;1168.0;0.23;1539.0;0.1721;1564.0;0.2116;697.0;0.137;705.0;0.1404;789.0;0.1736;695.0;0.1865;787.0;0.203;899.0;0.2088;1037.0;0.2429;670.0;0.1371;730.0;0.1321;1090.0;0.1869;1058.0;0.2028;1107.0;0.2253;776.0;0.1462;870.0;0.1726;730;0.1449;835.0;0.1719;719;0.1442;808;0.1611;648.0;0.1397;597.0;0.1214;348.0;0.0665;;;;
lemonde;entrepreneur;138133;0.9594;4042.0;0.9773;3701.0;0.9854;4079.0;1.0074;4298.0;0.9909;4350.0;1.0745;6194.0;1.2195;9231.0;1.0321;7552.0;1.0217;3897.0;0.7662;4042.0;0.805;3886.0;0.8551;3077.0;0.8255;3646.0;0.9406;5119.0;1.1889;5435.0;1.2732;4512.0;0.9233;5008.0;0.9065;5858.0;1.0045;5664.0;1.0859;5281.0;1.0747;4956.0;0.9338;4900.0;0.972;5037;0.9999;4649.0;0.9571;4428;0.8882;4827;0.9626;4213.0;0.9083;3829.0;0.7788;2422.0;0.4629;;;;
lemonde;ethnic_and_racial_minorities;9454;0.0657;252.0;0.0609;203.0;0.054;239.0;0.059;224.0;0.0516;251.0;0.062;201.0;0.0396;368.0;0.0411;332.0;0.0449;218.0;0.0429;225.0;0.0448;370.0;0.0814;297.0;0.0797;322.0;0.0831;367.0;0.0852;291.0;0.0682;395.0;0.0808;391.0;0.0708;421.0;0.0722;421.0;0.0807;417.0;0.0849;424.0;0.0799;363.0;0.072;432;0.0858;372.0;0.0766;393;0.0788;369;0.0736;356.0;0.0768;318.0;0.0647;222.0;0.0424;;;;
lemonde;extremists;7811;0.0543;281.0;0.0679;336.0;0.0895;209.0;0.0516;312.0;0.0719;282.0;0.0697;339.0;0.0667;599.0;0.067;356.0;0.0482;295.0;0.058;303.0;0.0603;171.0;0.0376;215.0;0.0577;229.0;0.0591;178.0;0.0413;278.0;0.0651;201.0;0.0411;237.0;0.0429;275.0;0.0472;267.0;0.0512;224.0;0.0456;424.0;0.0799;227.0;0.045;313;0.0621;330.0;0.0679;215;0.0431;177;0.0353;169.0;0.0364;279.0;0.0568;90.0;0.0172;;;;
lemonde;farmers_and_fishermen;28410;0.1973;713.0;0.1724;782.0;0.2082;683.0;0.1687;759.0;0.175;978.0;0.2416;1032.0;0.2032;2208.0;0.2469;1861.0;0.2518;861.0;0.1693;985.0;0.1962;850.0;0.187;658.0;0.1765;802.0;0.2069;757.0;0.1758;642.0;0.1504;913.0;0.1868;807.0;0.1461;1078.0;0.1848;964.0;0.1848;795.0;0.1618;677.0;0.1276;1318.0;0.2615;1083;0.215;1091.0;0.2246;1257;0.2521;1039;0.2072;1067.0;0.23;1072.0;0.2181;678.0;0.1296;;;;
lemonde;health_and_care_professionals;12727;0.0884;210.0;0.0508;213.0;0.0567;331.0;0.0817;183.0;0.0422;234.0;0.0578;437.0;0.086;620.0;0.0693;619.0;0.0837;398.0;0.0783;365.0;0.0727;327.0;0.072;234.0;0.0628;251.0;0.0648;267.0;0.062;344.0;0.0806;223.0;0.0456;297.0;0.0538;374.0;0.0641;270.0;0.0518;296.0;0.0602;347.0;0.0654;288.0;0.0571;410;0.0814;425.0;0.0875;536;0.1075;1557;0.3105;1227.0;0.2645;969.0;0.1971;475.0;0.0908;;;;
lemonde;homeless;4022;0.0279;192.0;0.0464;141.0;0.0375;133.0;0.0328;143.0;0.033;59.0;0.0146;84.0;0.0165;129.0;0.0144;247.0;0.0334;110.0;0.0216;111.0;0.0221;134.0;0.0295;204.0;0.0547;333.0;0.0859;223.0;0.0518;125.0;0.0293;175.0;0.0358;109.0;0.0197;201.0;0.0345;55.0;0.0105;84.0;0.0171;103.0;0.0194;125.0;0.0248;167;0.0332;159.0;0.0327;132;0.0265;113;0.0225;85.0;0.0183;106.0;0.0216;40.0;0.0076;;;;
lemonde;housewife_and_househusband;250;0.0017;8.0;0.0019;4.0;0.0011;8.0;0.002;5.0;0.0012;9.0;0.0022;13.0;0.0026;10.0;0.0011;16.0;0.0022;8.0;0.0016;3.0;0.0006;10.0;0.0022;8.0;0.0021;6.0;0.0015;11.0;0.0026;11.0;0.0026;13.0;0.0027;11.0;0.002;14.0;0.0024;8.0;0.0015;4.0;0.0008;13.0;0.0024;7.0;0.0014;6;0.0012;6.0;0.0012;5;0.001;13;0.0026;7.0;0.0015;10.0;0.002;3.0;0.0006;;;;
lemonde;jews;23228;0.1613;571.0;0.1381;480.0;0.1278;869.0;0.2146;803.0;0.1851;663.0;0.1638;825.0;0.1624;1384.0;0.1547;1312.0;0.1775;753.0;0.1481;850.0;0.1693;865.0;0.1903;804.0;0.2157;661.0;0.1705;522.0;0.1212;746.0;0.1748;593.0;0.1214;881.0;0.1595;1244.0;0.2133;1083.0;0.2076;851.0;0.1732;1130.0;0.2129;710.0;0.1408;686;0.1362;641.0;0.132;805;0.1615;642;0.128;735.0;0.1585;717.0;0.1458;402.0;0.0768;;;;
lemonde;journalists;24977;0.1735;615.0;0.1487;719.0;0.1914;801.0;0.1978;695.0;0.1602;656.0;0.162;816.0;0.1607;1205.0;0.1347;1290.0;0.1745;1038.0;0.2041;952.0;0.1896;810.0;0.1782;672.0;0.1803;830.0;0.2141;691.0;0.1605;622.0;0.1457;827.0;0.1692;947.0;0.1714;1207.0;0.207;1016.0;0.1948;889.0;0.1809;1120.0;0.211;924.0;0.1833;931;0.1848;912.0;0.1878;972;0.195;858;0.1711;751.0;0.1619;805.0;0.1637;406.0;0.0776;;;;
lemonde;legal_professionals;28954;0.2011;697.0;0.1685;652.0;0.1736;1112.0;0.2746;884.0;0.2038;1239.0;0.3061;1433.0;0.2821;2051.0;0.2293;1641.0;0.222;763.0;0.15;1123.0;0.2237;804.0;0.1769;869.0;0.2331;711.0;0.1834;656.0;0.1524;839.0;0.1965;949.0;0.1942;1277.0;0.2312;795.0;0.1363;832.0;0.1595;981.0;0.1996;925.0;0.1743;955.0;0.1894;1121;0.2225;934.0;0.1923;1034;0.2074;1255;0.2503;988.0;0.213;859.0;0.1747;575.0;0.1099;;;;
lemonde;lgbtqqia;8154;0.0566;94.0;0.0227;114.0;0.0304;104.0;0.0257;166.0;0.0383;253.0;0.0625;186.0;0.0366;299.0;0.0334;363.0;0.0491;145.0;0.0285;208.0;0.0414;157.0;0.0345;195.0;0.0523;180.0;0.0464;137.0;0.0318;213.0;0.0499;202.0;0.0413;295.0;0.0534;765.0;0.1312;835.0;0.1601;421.0;0.0857;298.0;0.0562;288.0;0.0571;244;0.0484;305.0;0.0628;382;0.0766;310;0.0618;371.0;0.08;363.0;0.0738;261.0;0.0499;;;;
lemonde;lower_class;25912;0.18;766.0;0.1852;697.0;0.1856;695.0;0.1716;835.0;0.1925;663.0;0.1638;878.0;0.1729;1250.0;0.1398;1328.0;0.1797;749.0;0.1473;812.0;0.1617;982.0;0.2161;769.0;0.2063;865.0;0.2231;907.0;0.2107;970.0;0.2272;927.0;0.1897;1071.0;0.1939;1183.0;0.2028;963.0;0.1846;735.0;0.1496;822.0;0.1549;746.0;0.148;1004;0.1993;1040.0;0.2141;953;0.1912;998;0.199;899.0;0.1938;966.0;0.1965;439.0;0.0839;;;;
lemonde;married_people;6169;0.0428;121.0;0.0293;125.0;0.0333;118.0;0.0291;157.0;0.0362;213.0;0.0526;164.0;0.0323;285.0;0.0319;270.0;0.0365;183.0;0.036;302.0;0.0601;239.0;0.0526;126.0;0.0338;175.0;0.0451;171.0;0.0397;142.0;0.0333;142.0;0.0291;206.0;0.0373;427.0;0.0732;608.0;0.1166;269.0;0.0547;215.0;0.0405;206.0;0.0409;270;0.0536;198.0;0.0408;222;0.0445;178;0.0355;213.0;0.0459;136.0;0.0277;88.0;0.0168;;;;
lemonde;men;39431;0.2739;1021.0;0.2469;996.0;0.2652;1025.0;0.2531;1152.0;0.2656;1142.0;0.2821;1434.0;0.2823;2138.0;0.239;1826.0;0.247;1353.0;0.266;1159.0;0.2308;1223.0;0.2691;1010.0;0.271;1112.0;0.2869;967.0;0.2246;920.0;0.2155;1204.0;0.2464;1454.0;0.2632;1676.0;0.2874;1550.0;0.2972;1330.0;0.2707;1309.0;0.2467;1524.0;0.3023;1907;0.3786;2084.0;0.429;1714;0.3438;1551;0.3093;1377.0;0.2969;1357.0;0.276;916.0;0.1751;;;;
lemonde;middle_class;6013;0.0418;151.0;0.0365;114.0;0.0304;180.0;0.0445;108.0;0.0249;107.0;0.0264;111.0;0.0219;196.0;0.0219;223.0;0.0302;173.0;0.034;121.0;0.0241;172.0;0.0378;138.0;0.037;160.0;0.0413;211.0;0.049;236.0;0.0553;229.0;0.0469;379.0;0.0686;442.0;0.0758;233.0;0.0447;232.0;0.0472;195.0;0.0367;279.0;0.0553;305;0.0605;267.0;0.055;326;0.0654;197;0.0393;166.0;0.0358;229.0;0.0466;133.0;0.0254;;;;
lemonde;multiple_or_other_specific_religious_or_minority_groups;6384;0.0443;166.0;0.0401;145.0;0.0386;141.0;0.0348;148.0;0.0341;142.0;0.0351;173.0;0.0341;282.0;0.0315;345.0;0.0467;273.0;0.0537;246.0;0.049;229.0;0.0504;202.0;0.0542;191.0;0.0493;224.0;0.052;186.0;0.0436;173.0;0.0354;291.0;0.0527;309.0;0.053;283.0;0.0543;157.0;0.032;390.0;0.0735;228.0;0.0452;257;0.051;195.0;0.0401;219;0.0439;264;0.0526;225.0;0.0485;183.0;0.0372;117.0;0.0224;;;;
lemonde;muslims;16527;0.1148;419.0;0.1013;302.0;0.0804;277.0;0.0684;229.0;0.0528;215.0;0.0531;242.0;0.0476;934.0;0.1044;761.0;0.103;769.0;0.1512;745.0;0.1484;540.0;0.1188;570.0;0.1529;399.0;0.1029;335.0;0.0778;428.0;0.1003;507.0;0.1038;796.0;0.1441;623.0;0.1068;717.0;0.1375;469.0;0.0954;2129.0;0.4012;843.0;0.1672;612;0.1215;393.0;0.0809;547;0.1097;794;0.1583;434.0;0.0936;352.0;0.0716;146.0;0.0279;;;;
lemonde;offenders_criminals_prisoners_and_or_accused_people;35340;0.2455;902.0;0.2181;849.0;0.226;1154.0;0.285;892.0;0.2057;925.0;0.2285;1366.0;0.2689;2009.0;0.2246;2282.0;0.3087;1162.0;0.2285;1305.0;0.2599;1337.0;0.2942;1135.0;0.3045;978.0;0.2523;1025.0;0.2381;1122.0;0.2628;1258.0;0.2574;1311.0;0.2373;1270.0;0.2178;1212.0;0.2324;1040.0;0.2116;1414.0;0.2664;1177.0;0.2335;1157;0.2297;1426.0;0.2936;1267;0.2541;1200;0.2393;1279.0;0.2758;1197.0;0.2435;689.0;0.1317;;;;
lemonde;other_profession;126690;0.88;4777.0;1.155;4518.0;1.2029;4607.0;1.1378;4284.0;0.9877;4200.0;1.0375;6162.0;1.2132;8172.0;0.9137;7500.0;1.0147;4793.0;0.9424;3910.0;0.7787;3821.0;0.8408;3066.0;0.8225;3448.0;0.8895;3128.0;0.7265;3038.0;0.7117;3203.0;0.6555;4210.0;0.7621;4355.0;0.7468;4194.0;0.8041;4063.0;0.8268;4552.0;0.8577;4255.0;0.8441;4320;0.8576;4497.0;0.9258;4528;0.9082;4451;0.8876;4039.0;0.8708;4049.0;0.8236;2550.0;0.4874;;;;
lemonde;parents_and_families;55483;0.3854;1310.0;0.3167;1224.0;0.3259;1548.0;0.3823;1568.0;0.3615;1403.0;0.3466;2099.0;0.4133;3173.0;0.3548;2932.0;0.3967;1606.0;0.3158;1745.0;0.3475;1925.0;0.4236;1438.0;0.3858;1617.0;0.4171;1346.0;0.3126;1681.0;0.3938;1745.0;0.3571;2213.0;0.4006;2439.0;0.4182;2456.0;0.4709;1945.0;0.3958;2026.0;0.3818;1715.0;0.3402;2099;0.4167;1931.0;0.3975;2170;0.4353;2341;0.4668;2129.0;0.459;2373.0;0.4827;1286.0;0.2458;;;;
lemonde;patients;25950;0.1802;434.0;0.1049;459.0;0.1222;504.0;0.1245;424.0;0.0978;473.0;0.1168;707.0;0.1392;1044.0;0.1167;944.0;0.1277;699.0;0.1374;765.0;0.1524;755.0;0.1661;552.0;0.1481;615.0;0.1587;649.0;0.1507;704.0;0.1649;652.0;0.1334;886.0;0.1604;1012.0;0.1735;920.0;0.1764;960.0;0.1954;782.0;0.1474;832.0;0.165;937;0.186;973.0;0.2003;857;0.1719;3032;0.6046;2085.0;0.4495;1434.0;0.2917;860.0;0.1644;;;;
lemonde;people_with_an_immigration_background_including_immigrants;59944;0.4164;1188.0;0.2872;1535.0;0.4087;2782.0;0.6871;1533.0;0.3534;1304.0;0.3221;1558.0;0.3067;2920.0;0.3265;3071.0;0.4155;1778.0;0.3496;1721.0;0.3427;2072.0;0.4559;1457.0;0.3909;1737.0;0.4481;1360.0;0.3159;1831.0;0.4289;1794.0;0.3671;2248.0;0.4069;1997.0;0.3424;1564.0;0.2998;1809.0;0.3681;2952.0;0.5562;3957.0;0.785;3020;0.5995;2719.0;0.5598;2327;0.4667;1935;0.3859;2145.0;0.4625;2613.0;0.5315;1017.0;0.1944;;;;
lemonde;politicians_and_high_ranking_officials;555464;3.8581;15546.0;3.7587;12952.0;3.4485;15693.0;3.8756;26143.0;6.0275;15225.0;3.7609;19389.0;3.8174;49322.0;5.5146;26510.0;3.5867;15833.0;3.1132;23506.0;4.6813;14522.0;3.1954;13714.0;3.6791;15686.0;4.0466;22848.0;5.3066;13593.0;3.1844;22913.0;4.6889;24789.0;4.4871;25456.0;4.365;17956.0;3.4425;20139.0;4.0984;23023.0;4.3382;17960.0;3.5628;19849;3.9404;14064.0;2.8954;14679;2.9443;14207;2.8331;13575.0;2.9268;17447.0;3.5489;8925.0;1.7058;;;;
lemonde;prostitutes;4080;0.0283;70.0;0.0169;90.0;0.024;81.0;0.02;116.0;0.0267;64.0;0.0158;103.0;0.0203;163.0;0.0182;299.0;0.0405;170.0;0.0334;127.0;0.0253;159.0;0.035;126.0;0.0338;71.0;0.0183;74.0;0.0172;99.0;0.0232;103.0;0.0211;181.0;0.0328;259.0;0.0444;448.0;0.0859;117.0;0.0238;178.0;0.0335;93.0;0.0184;164;0.0326;134.0;0.0276;197;0.0395;105;0.0209;129.0;0.0278;108.0;0.022;52.0;0.0099;;;;
lemonde;real_estate_owner;3560;0.0247;82.0;0.0198;84.0;0.0224;75.0;0.0185;81.0;0.0187;90.0;0.0222;96.0;0.0189;192.0;0.0215;226.0;0.0306;93.0;0.0183;111.0;0.0221;127.0;0.0279;81.0;0.0217;117.0;0.0302;101.0;0.0235;87.0;0.0204;137.0;0.028;130.0;0.0235;142.0;0.0243;138.0;0.0265;125.0;0.0254;147.0;0.0277;126.0;0.025;150;0.0298;151.0;0.0311;127;0.0255;132;0.0263;162.0;0.0349;152.0;0.0309;98.0;0.0187;;;;
lemonde;retirees;9194;0.0639;268.0;0.0648;187.0;0.0498;207.0;0.0511;172.0;0.0397;205.0;0.0506;268.0;0.0528;471.0;0.0527;355.0;0.048;281.0;0.0553;276.0;0.055;306.0;0.0673;249.0;0.0668;271.0;0.0699;309.0;0.0718;238.0;0.0558;371.0;0.0759;466.0;0.0844;268.0;0.046;371.0;0.0711;273.0;0.0556;281.0;0.0529;209.0;0.0415;251;0.0498;464.0;0.0955;561;0.1125;410;0.0818;236.0;0.0509;292.0;0.0594;678.0;0.1296;;;;
lemonde;scientists_and_professors;46511;0.3231;1164.0;0.2814;1118.0;0.2977;1424.0;0.3517;1429.0;0.3295;1320.0;0.3261;1880.0;0.3701;2529.0;0.2828;2151.0;0.291;1354.0;0.2662;2293.0;0.4567;1509.0;0.332;1172.0;0.3144;1287.0;0.332;1130.0;0.2625;1741.0;0.4079;1347.0;0.2756;1798.0;0.3255;1925.0;0.3301;1711.0;0.328;1640.0;0.3338;1594.0;0.3004;1574.0;0.3122;1766;0.3506;1545.0;0.3181;1792;0.3594;2036;0.406;1701.0;0.3667;1608.0;0.3271;973.0;0.186;;;;
lemonde;security_forces;67873;0.4714;1971.0;0.4765;1592.0;0.4239;1847.0;0.4561;1632.0;0.3763;1683.0;0.4157;2081.0;0.4097;4510.0;0.5043;3703.0;0.501;2259.0;0.4442;2151.0;0.4284;2198.0;0.4836;1814.0;0.4867;1755.0;0.4527;1612.0;0.3744;1807.0;0.4233;2174.0;0.4449;2772.0;0.5018;2570.0;0.4407;2391.0;0.4584;2420.0;0.4925;3339.0;0.6292;2551.0;0.5061;2340;0.4645;2823.0;0.5812;2988;0.5993;2867;0.5717;2394.0;0.5161;2213.0;0.4501;1416.0;0.2706;;;;
lemonde;self_employed_and_freelancers;3711;0.0258;82.0;0.0198;50.0;0.0133;74.0;0.0183;58.0;0.0134;94.0;0.0232;105.0;0.0207;129.0;0.0144;122.0;0.0165;71.0;0.014;69.0;0.0137;69.0;0.0152;62.0;0.0166;82.0;0.0212;81.0;0.0188;104.0;0.0244;192.0;0.0393;115.0;0.0208;216.0;0.037;184.0;0.0353;178.0;0.0362;230.0;0.0433;234.0;0.0464;254;0.0504;176.0;0.0362;202;0.0405;186;0.0371;144.0;0.031;100.0;0.0203;48.0;0.0092;;;;
lemonde;single;2977;0.0207;95.0;0.023;91.0;0.0242;64.0;0.0158;99.0;0.0228;74.0;0.0183;112.0;0.0221;160.0;0.0179;168.0;0.0227;92.0;0.0181;206.0;0.041;109.0;0.024;71.0;0.019;78.0;0.0201;104.0;0.0242;65.0;0.0152;84.0;0.0172;77.0;0.0139;142.0;0.0243;131.0;0.0251;62.0;0.0126;93.0;0.0175;98.0;0.0194;93;0.0185;120.0;0.0247;109;0.0219;121;0.0241;104.0;0.0224;105.0;0.0214;50.0;0.0096;;;;
lemonde;skilled_or_qualified;4543;0.0316;108.0;0.0261;142.0;0.0378;144.0;0.0356;136.0;0.0314;136.0;0.0336;195.0;0.0384;243.0;0.0272;158.0;0.0214;141.0;0.0277;155.0;0.0309;152.0;0.0334;189.0;0.0507;114.0;0.0294;109.0;0.0253;111.0;0.026;110.0;0.0225;170.0;0.0308;196.0;0.0336;147.0;0.0282;172.0;0.035;205.0;0.0386;215.0;0.0427;257;0.051;202.0;0.0416;184;0.0369;129;0.0257;113.0;0.0244;124.0;0.0252;86.0;0.0164;;;;
lemonde;soldiers;32164;0.2234;949.0;0.2294;1034.0;0.2753;894.0;0.2208;933.0;0.2151;816.0;0.2016;1039.0;0.2046;1955.0;0.2186;1713.0;0.2318;1491.0;0.2932;1383.0;0.2754;1009.0;0.222;870.0;0.2334;795.0;0.2051;852.0;0.1979;836.0;0.1958;937.0;0.1917;1144.0;0.2071;1434.0;0.2459;1746.0;0.3347;1192.0;0.2426;1216.0;0.2291;1022.0;0.2027;997;0.1979;1070.0;0.2203;1101;0.2208;904;0.1803;974.0;0.21;1237.0;0.2516;621.0;0.1187;;;;
lemonde;teachers_and_educators;32216;0.2238;790.0;0.191;682.0;0.1816;801.0;0.1978;1100.0;0.2536;1235.0;0.3051;1939.0;0.3818;1754.0;0.1961;1746.0;0.2362;1072.0;0.2108;927.0;0.1846;1088.0;0.2394;718.0;0.1926;697.0;0.1798;711.0;0.1651;986.0;0.231;922.0;0.1887;1096.0;0.1984;1308.0;0.2243;1562.0;0.2995;863.0;0.1756;917.0;0.1728;921.0;0.1827;972;0.193;1011.0;0.2081;1433;0.2874;1587;0.3165;1408.0;0.3036;1302.0;0.2648;668.0;0.1277;;;;
lemonde;tenants;4723;0.0328;168.0;0.0406;121.0;0.0322;137.0;0.0338;127.0;0.0293;125.0;0.0309;153.0;0.0301;219.0;0.0245;265.0;0.0359;117.0;0.023;131.0;0.0261;217.0;0.0477;113.0;0.0303;145.0;0.0374;137.0;0.0318;92.0;0.0216;149.0;0.0305;140.0;0.0253;133.0;0.0228;179.0;0.0343;166.0;0.0338;181.0;0.0341;221.0;0.0438;206;0.0409;201.0;0.0414;179;0.0359;196;0.0391;196.0;0.0423;179.0;0.0364;130.0;0.0248;;;;
lemonde;terrorists_rebels_revolutionaries_and_or_movements_of_armed_resistance;17972;0.1248;299.0;0.0723;389.0;0.1036;319.0;0.0788;223.0;0.0514;254.0;0.0627;297.0;0.0585;1003.0;0.1121;890.0;0.1204;733.0;0.1441;980.0;0.1952;502.0;0.1105;510.0;0.1368;436.0;0.1125;511.0;0.1187;382.0;0.0895;310.0;0.0634;436.0;0.0789;497.0;0.0852;904.0;0.1733;627.0;0.1276;2217.0;0.4177;1227.0;0.2434;799;0.1586;678.0;0.1396;759;0.1522;561;0.1119;486.0;0.1048;512.0;0.1041;231.0;0.0442;;;;
lemonde;unemployed;13853;0.0962;599.0;0.1448;595.0;0.1584;645.0;0.1593;1500.0;0.3458;408.0;0.1008;487.0;0.0959;627.0;0.0701;597.0;0.0808;470.0;0.0924;441.0;0.0878;468.0;0.103;381.0;0.1022;278.0;0.0717;391.0;0.0908;409.0;0.0958;522.0;0.1068;470.0;0.0851;591.0;0.1013;626.0;0.12;538.0;0.1095;404.0;0.0761;533.0;0.1057;429;0.0852;238.0;0.049;297;0.0596;253;0.0505;292.0;0.063;231.0;0.047;133.0;0.0254;;;;
lemonde;unskilled_or_unqualified;3607;0.0251;97.0;0.0235;140.0;0.0373;102.0;0.0252;153.0;0.0353;95.0;0.0235;151.0;0.0297;172.0;0.0192;146.0;0.0198;119.0;0.0234;117.0;0.0233;146.0;0.0321;169.0;0.0453;100.0;0.0258;98.0;0.0228;96.0;0.0225;111.0;0.0227;118.0;0.0214;161.0;0.0276;125.0;0.024;136.0;0.0277;135.0;0.0254;141.0;0.028;168;0.0334;148.0;0.0305;116;0.0233;96;0.0191;100.0;0.0216;92.0;0.0187;59.0;0.0113;;;;
lemonde;upper_class;16052;0.1115;436.0;0.1054;372.0;0.099;425.0;0.105;407.0;0.0938;371.0;0.0916;466.0;0.0917;893.0;0.0998;771.0;0.1043;478.0;0.094;373.0;0.0743;478.0;0.1052;361.0;0.0968;418.0;0.1078;502.0;0.1166;556.0;0.1303;550.0;0.1126;711.0;0.1287;1033.0;0.1771;615.0;0.1179;520.0;0.1058;495.0;0.0933;507.0;0.1006;728;0.1445;775.0;0.1595;812;0.1629;515;0.1027;596.0;0.1285;582.0;0.1184;306.0;0.0585;;;;
lemonde;wage_and_salary_earners;221958;1.5417;8517.0;2.0592;7572.0;2.0161;8797.0;2.1725;7693.0;1.7737;7246.0;1.7899;9607.0;1.8915;12517.0;1.3995;11956.0;1.6176;7955.0;1.5641;7044.0;1.4028;7912.0;1.7409;6656.0;1.7856;7252.0;1.8708;6299.0;1.463;7486.0;1.7537;6415.0;1.3128;7035.0;1.2734;9091.0;1.5588;8461.0;1.6221;7206.0;1.4665;5968.0;1.1245;6759.0;1.3408;6204;1.2316;7322.0;1.5074;7604;1.5252;7843;1.564;6222.0;1.3415;6255.0;1.2723;5064.0;0.9679;;;;
lemonde;women;78834;0.5476;1506.0;0.3641;1486.0;0.3957;1704.0;0.4208;1856.0;0.4279;2096.0;0.5178;2616.0;0.5151;3688.0;0.4123;3308.0;0.4476;2458.0;0.4833;2206.0;0.4393;2180.0;0.4797;1907.0;0.5116;1922.0;0.4958;1514.0;0.3516;1857.0;0.435;2537.0;0.5192;2956.0;0.5351;3382.0;0.5799;3191.0;0.6118;2773.0;0.5643;2621.0;0.4939;3277.0;0.6501;4053;0.8046;4662.0;0.9598;4244;0.8513;3701;0.738;3345.0;0.7212;3416.0;0.6948;2372.0;0.4534;;;;
lemonde;young_adults;85462;0.5936;2693.0;0.6511;2458.0;0.6545;2972.0;0.734;2638.0;0.6082;2419.0;0.5975;3163.0;0.6228;4792.0;0.5358;4257.0;0.5759;2480.0;0.4876;2438.0;0.4855;2894.0;0.6368;3098.0;0.8311;2196.0;0.5665;1922.0;0.4464;2163.0;0.5067;2417.0;0.4946;3442.0;0.623;2983.0;0.5115;2671.0;0.5121;2879.0;0.5859;3450.0;0.6501;3168.0;0.6285;3338;0.6627;3132.0;0.6448;3496;0.7012;3050;0.6082;3773.0;0.8135;3337.0;0.6788;1743.0;0.3331;;;;
leparisien;athletes;304276;2.0941;;;;;;;;;;;10786.0;2.1866;17338.0;2.3137;19229.0;2.6047;17755.0;3.2055;16971.0;3.1128;14942.0;2.6516;14882.0;2.7213;11035.0;2.6158;17312.0;1.813;12285.0;2.0766;14879.0;2.2498;13971.0;2.1483;13292.0;2.0014;10771.0;1.6268;11292.0;1.6553;9991.0;1.3423;11002.0;1.486;8802;1.3454;12481.0;2.113;6665;2.2689;9612;1.3396;10347.0;1.9773;8840.0;2.1496;9796.0;2.6075;;;;
leparisien;authors_and_artists;49066;0.3377;;;;;;;;;;;1758.0;0.3564;2255.0;0.3009;2093.0;0.2835;2219.0;0.4006;2064.0;0.3786;2413.0;0.4282;2157.0;0.3944;1821.0;0.4317;2888.0;0.3024;2079.0;0.3514;2355.0;0.3561;2051.0;0.3154;2375.0;0.3576;2433.0;0.3675;2378.0;0.3486;2955.0;0.397;3071.0;0.4148;2723;0.4162;2283.0;0.3865;957;0.3258;1474;0.2054;1000.0;0.1911;682.0;0.1658;582.0;0.1549;;;;
leparisien;capital_owners_investors_and_shareholders;8667;0.0596;;;;;;;;;;;219.0;0.0444;361.0;0.0482;435.0;0.0589;292.0;0.0527;314.0;0.0576;310.0;0.055;445.0;0.0814;391.0;0.0927;527.0;0.0552;490.0;0.0828;362.0;0.0547;572.0;0.088;521.0;0.0784;409.0;0.0618;454.0;0.0666;394.0;0.0529;299.0;0.0404;369;0.0564;308.0;0.0521;179;0.0609;329;0.0459;244.0;0.0466;256.0;0.0623;187.0;0.0498;;;;
leparisien;car_drivers;33955;0.2337;;;;;;;;;;;1324.0;0.2684;1637.0;0.2185;1801.0;0.244;2132.0;0.3849;1929.0;0.3538;1821.0;0.3231;1511.0;0.2763;1211.0;0.2871;2060.0;0.2157;1502.0;0.2539;1659.0;0.2508;1443.0;0.2219;1498.0;0.2256;1646.0;0.2486;1435.0;0.2104;1760.0;0.2365;1596.0;0.2156;1422;0.2173;1593.0;0.2697;553;0.1882;790;0.1101;603.0;0.1152;576.0;0.1401;453.0;0.1206;;;;
leparisien;ceos_and_corporate_leaders;15726;0.1082;;;;;;;;;;;630.0;0.1277;845.0;0.1128;930.0;0.126;825.0;0.1489;757.0;0.1388;789.0;0.14;786.0;0.1437;589.0;0.1396;1102.0;0.1154;861.0;0.1455;713.0;0.1078;728.0;0.1119;726.0;0.1093;659.0;0.0995;706.0;0.1035;736.0;0.0989;572.0;0.0773;513;0.0784;579.0;0.098;250;0.0851;640;0.0892;312.0;0.0596;248.0;0.0603;230.0;0.0612;;;;
leparisien;children;273704;1.8837;;;;;;;;;;;9868.0;2.0005;13575.0;1.8115;13570.0;1.8381;12559.0;2.2674;11717.0;2.1491;13088.0;2.3226;12908.0;2.3603;9512.0;2.2547;15921.0;1.6673;12194.0;2.0612;12597.0;1.9047;10705.0;1.6461;11271.0;1.6971;12270.0;1.8532;11466.0;1.6808;15149.0;2.0352;16302.0;2.2018;13945;2.1315;12717.0;2.153;6052;2.0602;11182;1.5584;6533.0;1.2484;4533.0;1.1023;4070.0;1.0834;;;;
leparisien;christians;13782;0.0949;;;;;;;;;;;318.0;0.0645;410.0;0.0547;419.0;0.0568;582.0;0.1051;512.0;0.0939;696.0;0.1235;544.0;0.0995;426.0;0.101;719.0;0.0753;553.0;0.0935;643.0;0.0972;695.0;0.1069;653.0;0.0983;733.0;0.1107;750.0;0.1099;1113.0;0.1495;870.0;0.1175;554;0.0847;505.0;0.0855;229;0.078;671;0.0935;544.0;0.104;305.0;0.0742;338.0;0.09;;;;
leparisien;cisgender_and_heterosexuals;1480;0.0102;;;;;;;;;;;20.0;0.0041;42.0;0.0056;56.0;0.0076;59.0;0.0107;85.0;0.0156;72.0;0.0128;53.0;0.0097;32.0;0.0076;48.0;0.005;58.0;0.0098;66.0;0.01;69.0;0.0106;83.0;0.0125;113.0;0.0171;90.0;0.0132;65.0;0.0087;106.0;0.0143;66;0.0101;86.0;0.0146;34;0.0116;52;0.0072;39.0;0.0075;58.0;0.0141;28.0;0.0075;;;;
leparisien;civil_servants;15265;0.1051;;;;;;;;;;;458.0;0.0928;898.0;0.1198;927.0;0.1256;855.0;0.1544;619.0;0.1135;668.0;0.1185;649.0;0.1187;553.0;0.1311;709.0;0.0743;508.0;0.0859;751.0;0.1136;656.0;0.1009;574.0;0.0864;654.0;0.0988;663.0;0.0972;792.0;0.1064;980.0;0.1324;815;0.1246;680.0;0.1151;312;0.1062;590;0.0822;349.0;0.0667;339.0;0.0824;266.0;0.0708;;;;
leparisien;consumers_and_clients;203991;1.4039;;;;;;;;;;;6843.0;1.3872;8986.0;1.1991;9138.0;1.2378;8088.0;1.4602;8079.0;1.4818;8524.0;1.5126;8093.0;1.4798;6182.0;1.4654;12990.0;1.3604;9178.0;1.5514;9649.0;1.459;9376.0;1.4417;9459.0;1.4243;9378.0;1.4164;9184.0;1.3463;10784.0;1.4488;10927.0;1.4758;9143;1.3975;8710.0;1.4746;4584;1.5605;9866;1.375;7677.0;1.467;5030.0;1.2231;4123.0;1.0975;;;;
leparisien;disabled_people;20760;0.1429;;;;;;;;;;;559.0;0.1133;803.0;0.1072;987.0;0.1337;988.0;0.1784;976.0;0.179;1239.0;0.2199;1190.0;0.2176;854.0;0.2024;1391.0;0.1457;886.0;0.1498;1008.0;0.1524;935.0;0.1438;933.0;0.1405;994.0;0.1501;892.0;0.1308;1040.0;0.1397;1289.0;0.1741;1070;0.1635;735.0;0.1244;359;0.1222;614;0.0856;452.0;0.0864;330.0;0.0802;236.0;0.0628;;;;
leparisien;doctors;25217;0.1736;;;;;;;;;;;678.0;0.1374;1140.0;0.1521;1660.0;0.2249;1205.0;0.2176;1153.0;0.2115;1169.0;0.2074;1010.0;0.1847;718.0;0.1702;1054.0;0.1104;1034.0;0.1748;1029.0;0.1556;1042.0;0.1602;1126.0;0.1695;1072.0;0.1619;1186.0;0.1739;1337.0;0.1796;1009.0;0.1363;1081;0.1652;1027.0;0.1739;578;0.1968;1780;0.2481;972.0;0.1857;571.0;0.1388;586.0;0.156;;;;
leparisien;drug_addicts;3148;0.0217;;;;;;;;;;;126.0;0.0255;202.0;0.027;201.0;0.0272;147.0;0.0265;179.0;0.0328;142.0;0.0252;110.0;0.0201;117.0;0.0277;134.0;0.014;120.0;0.0203;143.0;0.0216;138.0;0.0212;127.0;0.0191;192.0;0.029;104.0;0.0152;143.0;0.0192;115.0;0.0155;113;0.0173;120.0;0.0203;48;0.0163;127;0.0177;173.0;0.0331;71.0;0.0173;56.0;0.0149;;;;
leparisien;elderly;22384;0.1541;;;;;;;;;;;600.0;0.1216;1055.0;0.1408;967.0;0.131;1102.0;0.199;1046.0;0.1919;1248.0;0.2215;1105.0;0.2021;753.0;0.1785;1424.0;0.1491;861.0;0.1455;1040.0;0.1573;963.0;0.1481;914.0;0.1376;979.0;0.1479;899.0;0.1318;1096.0;0.1472;1126.0;0.1521;939;0.1435;787.0;0.1332;371;0.1263;1373;0.1913;949.0;0.1814;442.0;0.1075;345.0;0.0918;;;;
leparisien;employers;13796;0.0949;;;;;;;;;;;508.0;0.103;556.0;0.0742;665.0;0.0901;563.0;0.1016;543.0;0.0996;648.0;0.115;664.0;0.1214;500.0;0.1185;1002.0;0.1049;823.0;0.1391;573.0;0.0866;586.0;0.0901;712.0;0.1072;708.0;0.1069;861.0;0.1262;612.0;0.0822;511.0;0.069;504;0.077;581.0;0.0984;234;0.0797;682;0.095;284.0;0.0543;266.0;0.0647;210.0;0.0559;;;;
leparisien;entrepreneur;87594;0.6028;;;;;;;;;;;2870.0;0.5818;3937.0;0.5254;3630.0;0.4917;3358.0;0.6063;3485.0;0.6392;3679.0;0.6529;3506.0;0.6411;2459.0;0.5829;5227.0;0.5474;4228.0;0.7147;3928.0;0.5939;4249.0;0.6533;4397.0;0.6621;4504.0;0.6803;3801.0;0.5572;4500.0;0.6046;4480.0;0.6051;3792;0.5796;3885.0;0.6577;2005;0.6825;5432;0.757;2915.0;0.557;1786.0;0.4343;1541.0;0.4102;;;;
leparisien;ethnic_and_racial_minorities;9179;0.0632;;;;;;;;;;;151.0;0.0306;147.0;0.0196;344.0;0.0466;430.0;0.0776;289.0;0.053;252.0;0.0447;341.0;0.0624;385.0;0.0913;384.0;0.0402;329.0;0.0556;849.0;0.1284;619.0;0.0952;537.0;0.0809;789.0;0.1192;509.0;0.0746;583.0;0.0783;451.0;0.0609;387;0.0592;294.0;0.0498;166;0.0565;403;0.0562;170.0;0.0325;146.0;0.0355;224.0;0.0596;;;;
leparisien;extremists;2600;0.0179;;;;;;;;;;;131.0;0.0266;149.0;0.0199;114.0;0.0154;113.0;0.0204;104.0;0.0191;95.0;0.0169;70.0;0.0128;50.0;0.0119;100.0;0.0105;91.0;0.0154;90.0;0.0136;69.0;0.0106;122.0;0.0184;165.0;0.0249;177.0;0.0259;161.0;0.0216;123.0;0.0166;158;0.0241;170.0;0.0288;47;0.016;77;0.0107;75.0;0.0143;69.0;0.0168;80.0;0.0213;;;;
leparisien;farmers_and_fishermen;24206;0.1666;;;;;;;;;;;1161.0;0.2354;1057.0;0.1411;931.0;0.1261;912.0;0.1647;948.0;0.1739;848.0;0.1505;874.0;0.1598;621.0;0.1472;1143.0;0.1197;1070.0;0.1809;1098.0;0.166;1054.0;0.1621;961.0;0.1447;1161.0;0.1753;1121.0;0.1643;1554.0;0.2088;1355.0;0.183;1111;0.1698;1204.0;0.2038;805;0.274;1108;0.1544;849.0;0.1622;709.0;0.1724;551.0;0.1467;;;;
leparisien;health_and_care_professionals;16453;0.1132;;;;;;;;;;;379.0;0.0768;633.0;0.0845;594.0;0.0805;575.0;0.1038;528.0;0.0968;638.0;0.1132;498.0;0.0911;371.0;0.0879;541.0;0.0567;563.0;0.0952;483.0;0.073;464.0;0.0713;465.0;0.07;531.0;0.0802;536.0;0.0786;642.0;0.0863;632.0;0.0854;580;0.0887;656.0;0.1111;410;0.1396;2947;0.4107;1678.0;0.3207;645.0;0.1568;464.0;0.1235;;;;
leparisien;homeless;6693;0.0461;;;;;;;;;;;112.0;0.0227;278.0;0.0371;235.0;0.0318;334.0;0.0603;267.0;0.049;312.0;0.0554;391.0;0.0715;425.0;0.1007;437.0;0.0458;338.0;0.0571;310.0;0.0469;304.0;0.0467;335.0;0.0504;300.0;0.0453;218.0;0.032;350.0;0.047;366.0;0.0494;309;0.0472;290.0;0.0491;106;0.0361;363;0.0506;134.0;0.0256;88.0;0.0214;91.0;0.0242;;;;
leparisien;housewife_and_househusband;216;0.0015;;;;;;;;;;;2.0;0.0004;11.0;0.0015;14.0;0.0019;4.0;0.0007;10.0;0.0018;7.0;0.0012;13.0;0.0024;10.0;0.0024;13.0;0.0014;9.0;0.0015;15.0;0.0023;11.0;0.0017;15.0;0.0023;15.0;0.0023;10.0;0.0015;10.0;0.0013;7.0;0.0009;5;0.0008;8.0;0.0014;5;0.0017;9;0.0013;7.0;0.0013;4.0;0.001;2.0;0.0005;;;;
leparisien;jews;16539;0.1138;;;;;;;;;;;619.0;0.1255;885.0;0.1181;884.0;0.1197;636.0;0.1148;703.0;0.1289;796.0;0.1413;779.0;0.1424;480.0;0.1138;956.0;0.1001;637.0;0.1077;794.0;0.1201;688.0;0.1058;843.0;0.1269;1053.0;0.159;912.0;0.1337;924.0;0.1241;803.0;0.1085;621;0.0949;606.0;0.1026;249;0.0848;542;0.0755;384.0;0.0734;334.0;0.0812;411.0;0.1094;;;;
leparisien;journalists;9997;0.0688;;;;;;;;;;;149.0;0.0302;213.0;0.0284;240.0;0.0325;218.0;0.0394;320.0;0.0587;327.0;0.058;317.0;0.058;269.0;0.0638;504.0;0.0528;352.0;0.0595;555.0;0.0839;543.0;0.0835;662.0;0.0997;522.0;0.0788;482.0;0.0707;592.0;0.0795;518.0;0.07;527;0.0806;523.0;0.0885;209;0.0711;586;0.0817;629.0;0.1202;375.0;0.0912;365.0;0.0972;;;;
leparisien;legal_professionals;18951;0.1304;;;;;;;;;;;632.0;0.1281;1089.0;0.1453;963.0;0.1304;840.0;0.1517;826.0;0.1515;852.0;0.1512;1044.0;0.1909;580.0;0.1375;829.0;0.0868;717.0;0.1212;874.0;0.1322;1088.0;0.1673;741.0;0.1116;877.0;0.1325;892.0;0.1308;926.0;0.1244;803.0;0.1085;787;0.1203;936.0;0.1585;360;0.1225;952;0.1327;508.0;0.0971;442.0;0.1075;393.0;0.1046;;;;
leparisien;lgbtqqia;4750;0.0327;;;;;;;;;;;50.0;0.0101;78.0;0.0104;115.0;0.0156;113.0;0.0204;215.0;0.0394;193.0;0.0342;158.0;0.0289;94.0;0.0223;142.0;0.0149;162.0;0.0274;176.0;0.0266;149.0;0.0229;339.0;0.051;697.0;0.1053;324.0;0.0475;224.0;0.0301;161.0;0.0217;199;0.0304;329.0;0.0557;128;0.0436;144;0.0201;150.0;0.0287;234.0;0.0569;176.0;0.0468;;;;
leparisien;lower_class;19191;0.1321;;;;;;;;;;;589.0;0.1194;843.0;0.1125;820.0;0.1111;682.0;0.1231;747.0;0.137;1013.0;0.1798;862.0;0.1576;606.0;0.1436;1334.0;0.1397;1069.0;0.1807;853.0;0.129;933.0;0.1435;962.0;0.1449;942.0;0.1423;880.0;0.129;1029.0;0.1382;945.0;0.1276;752;0.1149;772.0;0.1307;324;0.1103;1014;0.1413;485.0;0.0927;446.0;0.1085;289.0;0.0769;;;;
leparisien;married_people;3886;0.0267;;;;;;;;;;;100.0;0.0203;153.0;0.0204;153.0;0.0207;160.0;0.0289;156.0;0.0286;167.0;0.0296;153.0;0.028;128.0;0.0303;203.0;0.0213;150.0;0.0254;152.0;0.023;175.0;0.0269;264.0;0.0398;336.0;0.0507;246.0;0.0361;179.0;0.024;155.0;0.0209;208;0.0318;177.0;0.03;96;0.0327;123;0.0171;118.0;0.0225;70.0;0.017;64.0;0.017;;;;
leparisien;men;32148;0.2213;;;;;;;;;;;1023.0;0.2074;1535.0;0.2048;1738.0;0.2354;1695.0;0.306;1612.0;0.2957;1576.0;0.2797;1441.0;0.2635;1070.0;0.2536;1849.0;0.1936;1179.0;0.1993;1452.0;0.2195;1459.0;0.2243;1494.0;0.225;1535.0;0.2318;1470.0;0.2155;1487.0;0.1998;1397.0;0.1887;1452;0.2219;1494.0;0.2529;786;0.2676;1223;0.1704;868.0;0.1659;687.0;0.1671;626.0;0.1666;;;;
leparisien;middle_class;1908;0.0131;;;;;;;;;;;31.0;0.0063;30.0;0.004;34.0;0.0046;21.0;0.0038;59.0;0.0108;84.0;0.0149;62.0;0.0113;53.0;0.0126;111.0;0.0116;90.0;0.0152;95.0;0.0144;120.0;0.0185;162.0;0.0244;136.0;0.0205;147.0;0.0215;119.0;0.016;77.0;0.0104;78;0.0119;102.0;0.0173;76;0.0259;107;0.0149;39.0;0.0075;46.0;0.0112;29.0;0.0077;;;;
leparisien;multiple_or_other_specific_religious_or_minority_groups;2399;0.0165;;;;;;;;;;;57.0;0.0116;73.0;0.0097;84.0;0.0114;123.0;0.0222;109.0;0.02;109.0;0.0193;112.0;0.0205;92.0;0.0218;129.0;0.0135;89.0;0.015;104.0;0.0157;100.0;0.0154;120.0;0.0181;103.0;0.0156;125.0;0.0183;206.0;0.0277;141.0;0.019;82;0.0125;100.0;0.0169;39;0.0133;128;0.0178;88.0;0.0168;47.0;0.0114;39.0;0.0104;;;;
leparisien;muslims;10257;0.0706;;;;;;;;;;;69.0;0.014;215.0;0.0287;273.0;0.037;562.0;0.1015;535.0;0.0981;392.0;0.0696;367.0;0.0671;206.0;0.0488;368.0;0.0385;298.0;0.0504;428.0;0.0647;540.0;0.083;555.0;0.0836;616.0;0.093;620.0;0.0909;1277.0;0.1716;885.0;0.1195;495;0.0757;296.0;0.0501;241;0.082;377;0.0525;226.0;0.0432;177.0;0.043;239.0;0.0636;;;;
leparisien;offenders_criminals_prisoners_and_or_accused_people;47099;0.3241;;;;;;;;;;;1301.0;0.2637;2265.0;0.3023;2484.0;0.3365;2198.0;0.3968;1998.0;0.3665;2092.0;0.3712;2031.0;0.3714;1535.0;0.3639;2298.0;0.2407;2013.0;0.3403;2339.0;0.3537;2154.0;0.3312;2015.0;0.3034;2551.0;0.3853;2126.0;0.3116;2384.0;0.3203;2558.0;0.3455;2030;0.3103;2364.0;0.4002;1159;0.3945;1873;0.261;1254.0;0.2396;1046.0;0.2544;1031.0;0.2744;;;;
leparisien;other_profession;177944;1.2247;;;;;;;;;;;6050.0;1.2265;8644.0;1.1535;8278.0;1.1213;7960.0;1.4371;7161.0;1.3134;7953.0;1.4113;7607.0;1.391;5617.0;1.3315;9417.0;0.9862;7124.0;1.2042;7911.0;1.1962;7708.0;1.1852;7452.0;1.1221;8010.0;1.2098;8129.0;1.1916;9814.0;1.3185;10395.0;1.404;8494;1.2983;8459.0;1.4321;4082;1.3896;8184;1.1406;5148.0;0.9838;4378.0;1.0646;3969.0;1.0565;;;;
leparisien;parents_and_families;114788;0.79;;;;;;;;;;;4089.0;0.8289;5715.0;0.7626;5638.0;0.7637;5025.0;0.9072;4890.0;0.8969;5413.0;0.9606;5668.0;1.0364;4030.0;0.9553;6293.0;0.659;4929.0;0.8332;5117.0;0.7737;4735.0;0.7281;4799.0;0.7226;5537.0;0.8363;5499.0;0.8061;6569.0;0.8825;6441.0;0.8699;5653;0.864;4903.0;0.8301;2507;0.8534;5073;0.707;2590.0;0.4949;1913.0;0.4652;1762.0;0.469;;;;
leparisien;patients;35197;0.2422;;;;;;;;;;;680.0;0.1379;1165.0;0.1555;1425.0;0.193;1321.0;0.2385;1311.0;0.2405;1427.0;0.2532;1209.0;0.2211;1001.0;0.2373;1357.0;0.1421;1349.0;0.228;1159.0;0.1752;1287.0;0.1979;1217.0;0.1833;1462.0;0.2208;1422.0;0.2084;1533.0;0.206;1491.0;0.2014;1383;0.2114;1386.0;0.2346;667;0.2271;4823;0.6722;3124.0;0.597;1344.0;0.3268;654.0;0.1741;;;;
leparisien;people_with_an_immigration_background_including_immigrants;37970;0.2613;;;;;;;;;;;589.0;0.1194;1103.0;0.1472;1593.0;0.2158;1163.0;0.21;1075.0;0.1972;1353.0;0.2401;1949.0;0.3564;1287.0;0.3051;2027.0;0.2123;1340.0;0.2265;1608.0;0.2431;1559.0;0.2397;1479.0;0.2227;1189.0;0.1796;1321.0;0.1936;3802.0;0.5108;3348.0;0.4522;2201;0.3364;2130.0;0.3606;945;0.3217;1405;0.1958;1082.0;0.2068;1365.0;0.3319;1057.0;0.2814;;;;
leparisien;politicians_and_high_ranking_officials;457276;3.1471;;;;;;;;;;;10210.0;2.0698;19050.0;2.5421;20700.0;2.8039;11077.0;1.9998;13847.0;2.5398;13209.0;2.344;14700.0;2.688;15801.0;3.7455;28904.0;3.027;18025.0;3.0468;20161.0;3.0484;23206.0;3.5683;27571.0;4.1515;25379.0;3.8331;30957.0;4.5379;32716.0;4.3953;25149.0;3.3967;28449;4.3484;16735.0;2.8332;8534;2.9051;20094;2.8004;11895.0;2.2731;12462.0;3.0304;8445.0;2.2479;;;;
leparisien;prostitutes;4189;0.0288;;;;;;;;;;;103.0;0.0209;112.0;0.0149;257.0;0.0348;346.0;0.0625;226.0;0.0415;225.0;0.0399;169.0;0.0309;118.0;0.028;148.0;0.0155;98.0;0.0166;170.0;0.0257;202.0;0.0311;249.0;0.0375;286.0;0.0432;162.0;0.0237;252.0;0.0339;213.0;0.0288;150;0.0229;194.0;0.0328;86;0.0293;180;0.0251;106.0;0.0203;82.0;0.0199;55.0;0.0146;;;;
leparisien;real_estate_owner;4696;0.0323;;;;;;;;;;;169.0;0.0343;272.0;0.0363;244.0;0.0331;193.0;0.0348;172.0;0.0315;207.0;0.0367;181.0;0.0331;137.0;0.0325;257.0;0.0269;189.0;0.0319;223.0;0.0337;244.0;0.0375;241.0;0.0363;262.0;0.0396;173.0;0.0254;221.0;0.0297;235.0;0.0317;243;0.0371;191.0;0.0323;108;0.0368;212;0.0295;104.0;0.0199;120.0;0.0292;98.0;0.0261;;;;
leparisien;retirees;13486;0.0928;;;;;;;;;;;346.0;0.0701;617.0;0.0823;531.0;0.0719;500.0;0.0903;484.0;0.0888;584.0;0.1036;565.0;0.1033;437.0;0.1036;849.0;0.0889;564.0;0.0953;726.0;0.1098;590.0;0.0907;671.0;0.101;733.0;0.1107;671.0;0.0984;773.0;0.1039;742.0;0.1002;792;0.1211;740.0;0.1253;250;0.0851;501;0.0698;285.0;0.0545;261.0;0.0635;274.0;0.0729;;;;
leparisien;scientists_and_professors;13701;0.0943;;;;;;;;;;;353.0;0.0716;453.0;0.0605;441.0;0.0597;346.0;0.0625;444.0;0.0814;444.0;0.0788;468.0;0.0856;404.0;0.0958;643.0;0.0673;632.0;0.1068;577.0;0.0872;631.0;0.097;805.0;0.1212;667.0;0.1007;764.0;0.112;806.0;0.1083;703.0;0.0949;648;0.099;595.0;0.1007;371;0.1263;977;0.1362;685.0;0.1309;477.0;0.116;367.0;0.0977;;;;
leparisien;security_forces;201723;1.3883;;;;;;;;;;;5397.0;1.0941;10206.0;1.3619;10844.0;1.4689;9342.0;1.6866;8376.0;1.5363;8720.0;1.5474;8188.0;1.4972;6062.0;1.4369;9688.0;1.0146;8182.0;1.383;9263.0;1.4006;8985.0;1.3816;8319.0;1.2526;9183.0;1.3869;8665.0;1.2702;11686.0;1.57;12765.0;1.7241;10188;1.5572;9868.0;1.6706;4507;1.5343;8726;1.2161;5362.0;1.0247;4417.0;1.0741;4784.0;1.2734;;;;
leparisien;self_employed_and_freelancers;3111;0.0214;;;;;;;;;;;44.0;0.0089;60.0;0.008;80.0;0.0108;65.0;0.0117;62.0;0.0114;77.0;0.0137;87.0;0.0159;65.0;0.0154;139.0;0.0146;167.0;0.0282;158.0;0.0239;136.0;0.0209;193.0;0.0291;164.0;0.0248;186.0;0.0273;203.0;0.0273;279.0;0.0377;253;0.0387;171.0;0.0289;95;0.0323;214;0.0298;105.0;0.0201;73.0;0.0178;35.0;0.0093;;;;
leparisien;single;3036;0.0209;;;;;;;;;;;75.0;0.0152;96.0;0.0128;142.0;0.0192;131.0;0.0237;178.0;0.0326;163.0;0.0289;162.0;0.0296;109.0;0.0258;187.0;0.0196;134.0;0.0227;106.0;0.016;114.0;0.0175;120.0;0.0181;164.0;0.0248;134.0;0.0196;157.0;0.0211;159.0;0.0215;168;0.0257;138.0;0.0234;62;0.0211;167;0.0233;79.0;0.0151;50.0;0.0122;41.0;0.0109;;;;
leparisien;skilled_or_qualified;2054;0.0141;;;;;;;;;;;98.0;0.0199;107.0;0.0143;113.0;0.0153;92.0;0.0166;71.0;0.013;108.0;0.0192;92.0;0.0168;56.0;0.0133;150.0;0.0157;87.0;0.0147;99.0;0.015;90.0;0.0138;99.0;0.0149;113.0;0.0171;85.0;0.0125;109.0;0.0146;90.0;0.0122;88;0.0135;79.0;0.0134;30;0.0102;73;0.0102;44.0;0.0084;42.0;0.0102;39.0;0.0104;;;;
leparisien;soldiers;27261;0.1876;;;;;;;;;;;644.0;0.1306;1096.0;0.1463;1117.0;0.1513;1108.0;0.2;1296.0;0.2377;1057.0;0.1876;939.0;0.1717;707.0;0.1676;1636.0;0.1713;1011.0;0.1709;1047.0;0.1583;1198.0;0.1842;1237.0;0.1863;1534.0;0.2317;1562.0;0.229;1680.0;0.2257;1623.0;0.2192;1387;0.212;1257.0;0.2128;700;0.2383;1043;0.1454;942.0;0.18;735.0;0.1787;705.0;0.1877;;;;
leparisien;teachers_and_educators;46156;0.3177;;;;;;;;;;;1737.0;0.3521;2765.0;0.369;2781.0;0.3767;2813.0;0.5079;1732.0;0.3177;2055.0;0.3647;2359.0;0.4314;1619.0;0.3838;3194.0;0.3345;2031.0;0.3433;2180.0;0.3296;1815.0;0.2791;1840.0;0.2771;1955.0;0.2953;1810.0;0.2653;2198.0;0.2953;2295.0;0.31;1935;0.2958;1753.0;0.2968;1068;0.3636;2082;0.2902;860.0;0.1643;692.0;0.1683;587.0;0.1562;;;;
leparisien;tenants;15576;0.1072;;;;;;;;;;;584.0;0.1184;881.0;0.1176;920.0;0.1246;824.0;0.1488;767.0;0.1407;985.0;0.1748;954.0;0.1744;638.0;0.1512;898.0;0.094;715.0;0.1209;715.0;0.1081;655.0;0.1007;664.0;0.1;746.0;0.1127;548.0;0.0803;751.0;0.1009;869.0;0.1174;658;0.1006;564.0;0.0955;313;0.1065;479;0.0668;186.0;0.0355;159.0;0.0387;103.0;0.0274;;;;
leparisien;terrorists_rebels_revolutionaries_and_or_movements_of_armed_resistance;8364;0.0576;;;;;;;;;;;120.0;0.0243;218.0;0.0291;210.0;0.0284;211.0;0.0381;212.0;0.0389;181.0;0.0321;153.0;0.028;81.0;0.0192;268.0;0.0281;156.0;0.0264;192.0;0.029;273.0;0.042;248.0;0.0373;474.0;0.0716;689.0;0.101;1117.0;0.1501;865.0;0.1168;561;0.0857;410.0;0.0694;189;0.0643;341;0.0475;264.0;0.0504;183.0;0.0445;748.0;0.1991;;;;
leparisien;unemployed;13077;0.09;;;;;;;;;;;638.0;0.1293;682.0;0.091;499.0;0.0676;486.0;0.0877;643.0;0.1179;663.0;0.1177;621.0;0.1136;451.0;0.1069;730.0;0.0764;676.0;0.1143;620.0;0.0937;578.0;0.0889;670.0;0.1009;746.0;0.1127;716.0;0.105;844.0;0.1134;811.0;0.1095;630;0.0963;403.0;0.0682;141;0.048;323;0.045;247.0;0.0472;180.0;0.0438;79.0;0.021;;;;
leparisien;unskilled_or_unqualified;2286;0.0157;;;;;;;;;;;75.0;0.0152;100.0;0.0133;125.0;0.0169;94.0;0.017;93.0;0.0171;121.0;0.0215;109.0;0.0199;79.0;0.0187;179.0;0.0187;97.0;0.0164;118.0;0.0178;91.0;0.014;126.0;0.019;142.0;0.0214;91.0;0.0133;105.0;0.0141;115.0;0.0155;93;0.0142;100.0;0.0169;24;0.0082;79;0.011;53.0;0.0101;48.0;0.0117;29.0;0.0077;;;;
leparisien;upper_class;6492;0.0447;;;;;;;;;;;147.0;0.0298;159.0;0.0212;204.0;0.0276;213.0;0.0385;222.0;0.0407;236.0;0.0419;238.0;0.0435;224.0;0.0531;324.0;0.0339;264.0;0.0446;357.0;0.054;421.0;0.0647;588.0;0.0885;374.0;0.0565;364.0;0.0534;324.0;0.0435;279.0;0.0377;363;0.0555;369.0;0.0625;140;0.0477;231;0.0322;192.0;0.0367;161.0;0.0392;98.0;0.0261;;;;
leparisien;wage_and_salary_earners;218003;1.5004;;;;;;;;;;;7313.0;1.4825;11004.0;1.4684;11239.0;1.5224;10150.0;1.8325;8465.0;1.5526;10233.0;1.8159;9878.0;1.8062;7547.0;1.789;14098.0;1.4764;12436.0;2.1021;11382.0;1.721;9300.0;1.43;10130.0;1.5253;10716.0;1.6185;9634.0;1.4122;10416.0;1.3994;9844.0;1.3296;8222;1.2567;8376.0;1.418;4295;1.4621;9940;1.3853;4812.0;0.9196;4147.0;1.0084;4426.0;1.1781;;;;
leparisien;women;76581;0.5271;;;;;;;;;;;1870.0;0.3791;2885.0;0.385;3181.0;0.4309;3222.0;0.5817;3380.0;0.6199;3322.0;0.5895;3216.0;0.5881;2380.0;0.5642;3811.0;0.3991;2627.0;0.444;3455.0;0.5224;3429.0;0.5273;3720.0;0.5601;3825.0;0.5777;3672.0;0.5383;3768.0;0.5062;4005.0;0.5409;3908;0.5973;4057.0;0.6868;2290;0.7796;3342;0.4658;2669.0;0.51;2448.0;0.5953;2099.0;0.5587;;;;
leparisien;young_adults;130170;0.8959;;;;;;;;;;;5321.0;1.0787;7182.0;0.9584;7208.0;0.9764;6111.0;1.1033;6065.0;1.1124;7375.0;1.3087;7295.0;1.3339;4952.0;1.1738;7317.0;0.7663;5474.0;0.9253;5864.0;0.8867;5488.0;0.8439;5224.0;0.7866;5438.0;0.8213;5152.0;0.7552;6637.0;0.8917;7224.0;0.9757;5941;0.9081;5164.0;0.8743;2418;0.8231;4294;0.5984;3237.0;0.6186;2056.0;0.5;1733.0;0.4613;;;;
liberation;athletes;82229;0.6306;;;;;;;4338.0;0.8308;4195.0;0.7764;3817.0;0.6578;2918.0;0.6471;3752.0;0.69;3274.0;0.6189;2741.0;0.5366;2677.0;0.5358;3660.0;0.7616;3270.0;0.7283;3448.0;0.774;2689.0;0.6423;3058.0;0.733;2437.0;0.5348;2580.0;0.5411;2483.0;0.518;2929.0;0.5723;3109.0;0.5724;3329.0;0.6788;2558;0.5095;3783.0;0.7609;3109;0.6289;2322;0.4652;3733.0;0.6825;3212.0;0.5495;2808.0;0.492;;;;
liberation;authors_and_artists;61948;0.4751;;;;;;;2397.0;0.4591;2436.0;0.4509;2672.0;0.4605;2197.0;0.4872;2488.0;0.4576;2596.0;0.4907;2505.0;0.4904;2332.0;0.4668;2475.0;0.515;2146.0;0.478;2086.0;0.4683;1956.0;0.4672;1808.0;0.4334;2142.0;0.4701;2162.0;0.4535;2468.0;0.5149;2448.0;0.4783;2749.0;0.5061;2637.0;0.5377;2430;0.484;2466.0;0.496;2363;0.478;2404;0.4816;2443.0;0.4467;2414.0;0.413;2728.0;0.478;;;;
liberation;capital_owners_investors_and_shareholders;18560;0.1423;;;;;;;804.0;0.154;1144.0;0.2117;1178.0;0.203;818.0;0.1814;976.0;0.1795;671.0;0.1268;559.0;0.1094;692.0;0.1385;721.0;0.15;651.0;0.145;795.0;0.1785;746.0;0.1782;701.0;0.168;766.0;0.1681;812.0;0.1703;525.0;0.1095;784.0;0.1532;691.0;0.1272;722.0;0.1472;603;0.1201;555.0;0.1116;494;0.0999;497;0.0996;427.0;0.0781;631.0;0.1079;597.0;0.1046;;;;
liberation;car_drivers;7062;0.0542;;;;;;;262.0;0.0502;241.0;0.0446;426.0;0.0734;258.0;0.0572;302.0;0.0555;220.0;0.0416;269.0;0.0527;190.0;0.038;198.0;0.0412;215.0;0.0479;260.0;0.0584;234.0;0.0559;294.0;0.0705;198.0;0.0435;203.0;0.0426;229.0;0.0478;364.0;0.0711;350.0;0.0644;331.0;0.0675;214;0.0426;413.0;0.0831;317;0.0641;183;0.0367;191.0;0.0349;353.0;0.0604;347.0;0.0608;;;;
liberation;ceos_and_corporate_leaders;1302;0.01;;;;;;;56.0;0.0107;64.0;0.0118;59.0;0.0102;44.0;0.0098;55.0;0.0101;65.0;0.0123;53.0;0.0104;52.0;0.0104;70.0;0.0146;51.0;0.0114;61.0;0.0137;73.0;0.0174;39.0;0.0093;37.0;0.0081;58.0;0.0122;50.0;0.0104;47.0;0.0092;46.0;0.0085;43.0;0.0088;47;0.0094;48.0;0.0097;30;0.0061;39;0.0078;41.0;0.0075;33.0;0.0056;41.0;0.0072;;;;
liberation;children;150739;1.156;;;;;;;4927.0;0.9436;4781.0;0.8849;5361.0;0.924;4511.0;1.0004;5737.0;1.0551;4515.0;0.8535;4792.0;0.9381;5147.0;1.0302;5301.0;1.1031;4992.0;1.1119;5474.0;1.2288;4678.0;1.1174;5001.0;1.1987;4678.0;1.0266;4805.0;1.0078;5969.0;1.2453;6229.0;1.217;5885.0;1.0835;5582.0;1.1383;5126;1.0211;7234.0;1.4549;6576;1.3302;8098;1.6224;8803.0;1.6095;7500.0;1.283;9037.0;1.5836;;;;
liberation;christians;19998;0.1534;;;;;;;830.0;0.159;767.0;0.142;772.0;0.1331;446.0;0.0989;724.0;0.1331;711.0;0.1344;793.0;0.1552;851.0;0.1703;668.0;0.139;642.0;0.143;677.0;0.152;503.0;0.1201;631.0;0.1512;637.0;0.1398;766.0;0.1607;902.0;0.1882;963.0;0.1881;1124.0;0.2069;918.0;0.1872;900;0.1793;750.0;0.1508;876;0.1772;714;0.143;859.0;0.1571;783.0;0.1339;791.0;0.1386;;;;
liberation;cisgender_and_heterosexuals;6071;0.0466;;;;;;;187.0;0.0358;194.0;0.0359;180.0;0.031;130.0;0.0288;146.0;0.0269;124.0;0.0234;206.0;0.0403;163.0;0.0326;159.0;0.0331;138.0;0.0307;147.0;0.033;109.0;0.026;179.0;0.0429;172.0;0.0377;277.0;0.0581;373.0;0.0778;309.0;0.0604;470.0;0.0865;368.0;0.075;309;0.0616;347.0;0.0698;363;0.0734;230;0.0461;265.0;0.0484;268.0;0.0458;258.0;0.0452;;;;
liberation;civil_servants;1321;0.0101;;;;;;;38.0;0.0073;43.0;0.008;62.0;0.0107;44.0;0.0098;62.0;0.0114;85.0;0.0161;37.0;0.0072;61.0;0.0122;36.0;0.0075;64.0;0.0143;42.0;0.0094;42.0;0.01;59.0;0.0141;40.0;0.0088;42.0;0.0088;47.0;0.0098;52.0;0.0102;31.0;0.0057;44.0;0.009;76;0.0151;57.0;0.0115;54;0.0109;52;0.0104;59.0;0.0108;46.0;0.0079;46.0;0.0081;;;;
liberation;consumers_and_clients;95841;0.735;;;;;;;3312.0;0.6343;4046.0;0.7488;4674.0;0.8055;3200.0;0.7097;3315.0;0.6097;3175.0;0.6002;3651.0;0.7147;3527.0;0.7059;3566.0;0.742;3387.0;0.7544;3578.0;0.8032;3505.0;0.8372;3484.0;0.8351;3493.0;0.7666;3871.0;0.8119;3711.0;0.7742;3979.0;0.7774;4007.0;0.7377;3411.0;0.6956;3363;0.6699;3470.0;0.6979;3567;0.7215;3753;0.7519;4321.0;0.79;4248.0;0.7267;4227.0;0.7407;;;;
liberation;disabled_people;8813;0.0676;;;;;;;142.0;0.0272;165.0;0.0305;328.0;0.0565;271.0;0.0601;405.0;0.0745;352.0;0.0665;298.0;0.0583;311.0;0.0622;251.0;0.0522;344.0;0.0766;236.0;0.053;212.0;0.0506;287.0;0.0688;243.0;0.0533;326.0;0.0684;386.0;0.0805;399.0;0.078;327.0;0.0602;405.0;0.0826;328;0.0653;380.0;0.0764;303;0.0613;435;0.0871;591.0;0.1081;541.0;0.0925;547.0;0.0959;;;;
liberation;doctors;26353;0.2021;;;;;;;1093.0;0.2093;1002.0;0.1855;900.0;0.1551;699.0;0.155;1267.0;0.233;982.0;0.1856;1135.0;0.2222;955.0;0.1911;883.0;0.1837;764.0;0.1702;646.0;0.145;815.0;0.1947;673.0;0.1613;703.0;0.1543;861.0;0.1806;751.0;0.1567;1018.0;0.1989;989.0;0.1821;689.0;0.1405;970;0.1932;907.0;0.1824;1164;0.2355;1988;0.3983;1707.0;0.3121;1413.0;0.2417;1379.0;0.2416;;;;
liberation;drug_addicts;3759;0.0288;;;;;;;204.0;0.0391;163.0;0.0302;148.0;0.0255;154.0;0.0342;190.0;0.0349;131.0;0.0248;154.0;0.0301;114.0;0.0228;141.0;0.0293;81.0;0.018;115.0;0.0258;123.0;0.0294;173.0;0.0415;138.0;0.0303;146.0;0.0306;155.0;0.0323;149.0;0.0291;156.0;0.0287;120.0;0.0245;137;0.0273;119.0;0.0239;118;0.0239;122;0.0244;215.0;0.0393;143.0;0.0245;150.0;0.0263;;;;
liberation;elderly;16153;0.1239;;;;;;;482.0;0.0923;493.0;0.0912;552.0;0.0951;460.0;0.102;563.0;0.1035;848.0;0.1603;535.0;0.1047;598.0;0.1197;556.0;0.1157;449.0;0.1;466.0;0.1046;412.0;0.0984;484.0;0.116;445.0;0.0977;515.0;0.108;565.0;0.1179;592.0;0.1157;482.0;0.0887;441.0;0.0899;608;0.1211;691.0;0.139;665;0.1345;1115;0.2234;1218.0;0.2227;1012.0;0.1731;906.0;0.1588;;;;
liberation;employers;2349;0.018;;;;;;;116.0;0.0222;118.0;0.0218;128.0;0.0221;77.0;0.0171;95.0;0.0175;109.0;0.0206;89.0;0.0174;81.0;0.0162;88.0;0.0183;90.0;0.02;88.0;0.0198;98.0;0.0234;72.0;0.0173;52.0;0.0114;109.0;0.0229;118.0;0.0246;110.0;0.0215;84.0;0.0155;81.0;0.0165;74;0.0147;79.0;0.0159;60;0.0121;87;0.0174;74.0;0.0135;75.0;0.0128;97.0;0.017;;;;
liberation;entrepreneur;8617;0.0661;;;;;;;332.0;0.0636;372.0;0.0688;377.0;0.065;237.0;0.0526;327.0;0.0601;278.0;0.0526;308.0;0.0603;331.0;0.0663;330.0;0.0687;293.0;0.0653;411.0;0.0923;379.0;0.0905;288.0;0.069;344.0;0.0755;430.0;0.0902;346.0;0.0722;330.0;0.0645;361.0;0.0665;297.0;0.0606;300;0.0598;266.0;0.0535;274;0.0554;370;0.0741;320.0;0.0585;330.0;0.0565;386.0;0.0676;;;;
liberation;ethnic_and_racial_minorities;15682;0.1203;;;;;;;343.0;0.0657;409.0;0.0757;444.0;0.0765;260.0;0.0577;411.0;0.0756;350.0;0.0662;332.0;0.065;615.0;0.1231;545.0;0.1134;520.0;0.1158;494.0;0.1109;426.0;0.1018;1352.0;0.3241;603.0;0.1323;852.0;0.1787;1079.0;0.2251;889.0;0.1737;796.0;0.1466;653.0;0.1332;595;0.1185;589.0;0.1185;699;0.1414;811;0.1625;656.0;0.1199;439.0;0.0751;520.0;0.0911;;;;
liberation;extremists;9727;0.0746;;;;;;;448.0;0.0858;477.0;0.0883;602.0;0.1038;395.0;0.0876;412.0;0.0758;562.0;0.1062;444.0;0.0869;333.0;0.0667;259.0;0.0539;224.0;0.0499;224.0;0.0503;217.0;0.0518;203.0;0.0487;265.0;0.0582;323.0;0.0677;389.0;0.0812;478.0;0.0934;501.0;0.0922;365.0;0.0744;425;0.0847;406.0;0.0817;382;0.0773;297;0.0595;354.0;0.0647;341.0;0.0583;401.0;0.0703;;;;
liberation;farmers_and_fishermen;28912;0.2217;;;;;;;897.0;0.1718;1354.0;0.2506;1322.0;0.2278;1050.0;0.2329;1104.0;0.203;1065.0;0.2013;1068.0;0.2091;1164.0;0.233;1022.0;0.2127;1052.0;0.2343;1095.0;0.2458;1005.0;0.2401;870.0;0.2085;819.0;0.1797;626.0;0.1313;972.0;0.2028;952.0;0.186;1045.0;0.1924;984.0;0.2007;1139;0.2269;1176.0;0.2365;1327;0.2684;1193;0.239;1370.0;0.2505;1518.0;0.2597;1723.0;0.3019;;;;
liberation;health_and_care_professionals;15251;0.117;;;;;;;209.0;0.04;272.0;0.0503;323.0;0.0557;289.0;0.0641;369.0;0.0679;430.0;0.0813;420.0;0.0822;351.0;0.0703;309.0;0.0643;269.0;0.0599;263.0;0.059;367.0;0.0877;282.0;0.0676;275.0;0.0604;319.0;0.0669;290.0;0.0605;369.0;0.0721;352.0;0.0648;288.0;0.0587;344;0.0685;447.0;0.0899;729;0.1475;2489;0.4986;2448.0;0.4476;1623.0;0.2776;1125.0;0.1971;;;;
liberation;homeless;4775;0.0366;;;;;;;209.0;0.04;155.0;0.0287;91.0;0.0157;75.0;0.0166;186.0;0.0342;175.0;0.0331;131.0;0.0256;144.0;0.0288;309.0;0.0643;427.0;0.0951;179.0;0.0402;160.0;0.0382;119.0;0.0285;162.0;0.0356;158.0;0.0331;167.0;0.0348;179.0;0.035;149.0;0.0274;122.0;0.0249;177;0.0353;256.0;0.0515;277;0.056;229;0.0459;164.0;0.03;154.0;0.0263;221.0;0.0387;;;;
liberation;housewife_and_househusband;32;0.0003;;;;;;;1.0;0.0002;1.0;0.0002;1.0;0.0002;;;1.0;0.0002;;;1.0;0.0002;1.0;0.0002;3.0;0.0006;1.0;0.0002;;;;;;;1.0;0.0002;1.0;0.0002;1.0;0.0002;1.0;0.0002;3.0;0.0006;2.0;0.0004;2;0.0004;3.0;0.0006;1;0.0002;3;0.0006;1.0;0.0002;3.0;0.0005;;;;;;
liberation;jews;29419;0.2256;;;;;;;1186.0;0.2271;1014.0;0.1877;1187.0;0.2046;768.0;0.1703;1293.0;0.2378;1005.0;0.19;1386.0;0.2713;1088.0;0.2178;1192.0;0.248;826.0;0.184;742.0;0.1666;772.0;0.1844;792.0;0.1898;762.0;0.1672;1323.0;0.2775;1448.0;0.3021;1417.0;0.2769;1515.0;0.2789;1227.0;0.2502;1155;0.2301;1260.0;0.2534;1185;0.2397;989;0.1981;1114.0;0.2037;1202.0;0.2056;1571.0;0.2753;;;;
liberation;journalists;31896;0.2446;;;;;;;1093.0;0.2093;1152.0;0.2132;977.0;0.1684;692.0;0.1535;866.0;0.1593;858.0;0.1622;948.0;0.1856;1057.0;0.2116;970.0;0.2018;1174.0;0.2615;1179.0;0.2647;1088.0;0.2599;1138.0;0.2728;1252.0;0.2748;1399.0;0.2934;1242.0;0.2591;1414.0;0.2763;1625.0;0.2992;1305.0;0.2661;1525;0.3038;1434.0;0.2884;1548;0.3131;1162;0.2328;1383.0;0.2529;1615.0;0.2763;1800.0;0.3154;;;;
liberation;legal_professionals;29868;0.2291;;;;;;;1409.0;0.2698;1483.0;0.2745;1681.0;0.2897;1214.0;0.2692;1291.0;0.2374;988.0;0.1868;1193.0;0.2336;1023.0;0.2048;1096.0;0.2281;864.0;0.1924;762.0;0.171;939.0;0.2243;864.0;0.2071;1341.0;0.2943;1019.0;0.2137;1278.0;0.2666;1285.0;0.2511;1008.0;0.1856;939.0;0.1915;1067;0.2125;1039.0;0.209;1094;0.2213;1305;0.2614;1352.0;0.2472;1111.0;0.1901;1223.0;0.2143;;;;
liberation;lgbtqqia;17718;0.1359;;;;;;;530.0;0.1015;474.0;0.0877;523.0;0.0901;307.0;0.0681;366.0;0.0673;351.0;0.0664;749.0;0.1466;466.0;0.0933;438.0;0.0911;333.0;0.0742;317.0;0.0712;293.0;0.07;389.0;0.0932;424.0;0.093;966.0;0.2026;1349.0;0.2814;868.0;0.1696;981.0;0.1806;907.0;0.185;1008;0.2008;1037.0;0.2086;999;0.2021;740;0.1483;886.0;0.162;954.0;0.1632;1063.0;0.1863;;;;
liberation;lower_class;28119;0.2156;;;;;;;960.0;0.1839;804.0;0.1488;999.0;0.1722;690.0;0.153;1046.0;0.1924;798.0;0.1508;871.0;0.1705;1163.0;0.2328;1028.0;0.2139;1114.0;0.2481;1141.0;0.2561;946.0;0.226;922.0;0.221;1009.0;0.2214;1101.0;0.2309;1150.0;0.2399;1269.0;0.2479;1127.0;0.2075;972.0;0.1982;1173;0.2337;1319.0;0.2653;1197;0.2421;1302;0.2608;1145.0;0.2093;1438.0;0.246;1435.0;0.2515;;;;
liberation;married_people;6572;0.0504;;;;;;;227.0;0.0435;193.0;0.0357;209.0;0.036;153.0;0.0339;149.0;0.0274;154.0;0.0291;282.0;0.0552;160.0;0.032;183.0;0.0381;151.0;0.0336;250.0;0.0561;157.0;0.0375;165.0;0.0395;203.0;0.0445;384.0;0.0805;586.0;0.1223;458.0;0.0895;344.0;0.0633;314.0;0.064;339;0.0675;323.0;0.065;328;0.0663;206;0.0413;258.0;0.0472;195.0;0.0334;201.0;0.0352;;;;
liberation;men;50584;0.3879;;;;;;;1450.0;0.2777;1754.0;0.3246;1637.0;0.2821;1360.0;0.3016;1710.0;0.3145;1792.0;0.3387;1586.0;0.3105;1517.0;0.3036;1659.0;0.3452;1471.0;0.3276;1357.0;0.3046;1431.0;0.3418;1606.0;0.3849;1679.0;0.3685;1759.0;0.3689;2108.0;0.4398;2087.0;0.4078;3226.0;0.5939;2234.0;0.4556;2417;0.4815;2689.0;0.5408;2807;0.5678;2256;0.452;2274.0;0.4158;2347.0;0.4015;2371.0;0.4155;;;;
liberation;middle_class;5636;0.0432;;;;;;;145.0;0.0278;184.0;0.0341;193.0;0.0333;90.0;0.02;178.0;0.0327;140.0;0.0265;146.0;0.0286;190.0;0.038;174.0;0.0362;189.0;0.0421;229.0;0.0514;160.0;0.0382;167.0;0.04;251.0;0.0551;355.0;0.0745;286.0;0.0597;287.0;0.0561;282.0;0.0519;238.0;0.0485;263;0.0524;305.0;0.0613;320;0.0647;189;0.0379;176.0;0.0322;242.0;0.0414;257.0;0.045;;;;
liberation;multiple_or_other_specific_religious_or_minority_groups;6622;0.0508;;;;;;;173.0;0.0331;198.0;0.0366;221.0;0.0381;127.0;0.0282;217.0;0.0399;241.0;0.0456;282.0;0.0552;272.0;0.0544;181.0;0.0377;221.0;0.0492;233.0;0.0523;198.0;0.0473;177.0;0.0424;164.0;0.036;226.0;0.0474;270.0;0.0563;287.0;0.0561;487.0;0.0897;409.0;0.0834;281;0.056;312.0;0.0628;310;0.0627;303;0.0607;271.0;0.0495;275.0;0.047;286.0;0.0501;;;;
liberation;muslims;20532;0.1575;;;;;;;284.0;0.0544;306.0;0.0566;352.0;0.0607;333.0;0.0739;673.0;0.1238;965.0;0.1824;1093.0;0.214;677.0;0.1355;717.0;0.1492;481.0;0.1071;316.0;0.0709;432.0;0.1032;607.0;0.1455;737.0;0.1617;953.0;0.1999;942.0;0.1965;1116.0;0.218;2305.0;0.4244;1668.0;0.3401;1041;0.2074;730.0;0.1468;806;0.163;923;0.1849;723.0;0.1322;553.0;0.0946;799.0;0.14;;;;
liberation;offenders_criminals_prisoners_and_or_accused_people;42736;0.3277;;;;;;;1471.0;0.2817;1582.0;0.2928;1882.0;0.3244;1551.0;0.344;1869.0;0.3437;1554.0;0.2938;1631.0;0.3193;1511.0;0.3024;1585.0;0.3298;1519.0;0.3383;1561.0;0.3504;1723.0;0.4116;1780.0;0.4267;1690.0;0.3709;1609.0;0.3375;2176.0;0.454;1842.0;0.3599;1763.0;0.3246;1576.0;0.3214;1332;0.2653;1595.0;0.3208;1502;0.3038;1304;0.2612;1801.0;0.3293;1598.0;0.2734;1729.0;0.303;;;;
liberation;other_profession;112974;0.8664;;;;;;;4811.0;0.9214;4993.0;0.9241;5589.0;0.9632;4171.0;0.925;4673.0;0.8594;4669.0;0.8826;4424.0;0.8661;4195.0;0.8396;3761.0;0.7826;3544.0;0.7894;3508.0;0.7875;3410.0;0.8145;3599.0;0.8627;3643.0;0.7995;3804.0;0.7978;4134.0;0.8625;4525.0;0.8841;3958.0;0.7287;3916.0;0.7985;3821;0.7611;4306.0;0.866;4502;0.9107;4670;0.9356;5281.0;0.9655;5395.0;0.9229;5672.0;0.9939;;;;
liberation;parents_and_families;65541;0.5026;;;;;;;1935.0;0.3706;2039.0;0.3774;2567.0;0.4424;2019.0;0.4478;2523.0;0.464;2052.0;0.3879;2204.0;0.4315;2205.0;0.4413;2510.0;0.5223;2475.0;0.5513;2309.0;0.5183;2001.0;0.478;2150.0;0.5153;2093.0;0.4593;2273.0;0.4767;3249.0;0.6778;3210.0;0.6272;2555.0;0.4704;2302.0;0.4694;2177;0.4336;2641.0;0.5312;2876;0.5818;3224;0.6459;3251.0;0.5944;2983.0;0.5103;3718.0;0.6515;;;;
liberation;patients;30306;0.2324;;;;;;;614.0;0.1176;651.0;0.1205;873.0;0.1505;768.0;0.1703;930.0;0.171;888.0;0.1679;941.0;0.1842;905.0;0.1811;785.0;0.1633;686.0;0.1528;607.0;0.1363;741.0;0.177;725.0;0.1738;835.0;0.1832;810.0;0.1699;874.0;0.1823;1180.0;0.2305;969.0;0.1784;879.0;0.1792;945;0.1882;984.0;0.1979;1148;0.2322;4227;0.8468;3417.0;0.6247;2261.0;0.3868;1663.0;0.2914;;;;
liberation;people_with_an_immigration_background_including_immigrants;74053;0.5679;;;;;;;2135.0;0.4089;2254.0;0.4172;2040.0;0.3516;1478.0;0.3278;2892.0;0.5319;1905.0;0.3601;1802.0;0.3528;2122.0;0.4247;2863.0;0.5958;2974.0;0.6624;2165.0;0.486;2176.0;0.5198;2004.0;0.4803;2159.0;0.4738;2662.0;0.5583;2349.0;0.4901;2706.0;0.5287;5318.0;0.9791;4869.0;0.9929;3965;0.7898;4653.0;0.9358;3262;0.6598;2496;0.5;3022.0;0.5525;3542.0;0.6059;4240.0;0.743;;;;
liberation;politicians_and_high_ranking_officials;616889;4.7309;;;;;;;24193.0;4.6334;21435.0;3.9672;20789.0;3.5829;15653.0;3.4715;25126.0;4.6209;18956.0;3.5833;21225.0;4.1552;18979.0;3.7987;18259.0;3.7995;23340.0;5.1986;18973.0;4.259;20160.0;4.8155;20736.0;4.9703;23448.0;5.1458;30183.0;6.3305;25216.0;5.2608;30156.0;5.8918;29688.0;5.466;22762.0;4.6416;30804;6.136;20410.0;4.105;23242;4.7015;20061;4.019;26287.0;4.8061;37353.0;6.39;29455.0;5.1614;;;;
liberation;prostitutes;7606;0.0583;;;;;;;171.0;0.0327;194.0;0.0359;200.0;0.0345;159.0;0.0353;355.0;0.0653;347.0;0.0656;216.0;0.0423;226.0;0.0452;283.0;0.0589;213.0;0.0474;158.0;0.0355;181.0;0.0432;224.0;0.0537;334.0;0.0733;325.0;0.0682;567.0;0.1183;282.0;0.0551;648.0;0.1193;241.0;0.0491;316;0.0629;407.0;0.0819;465;0.0941;333;0.0667;264.0;0.0483;257.0;0.044;240.0;0.0421;;;;
liberation;real_estate_owner;2271;0.0174;;;;;;;74.0;0.0142;88.0;0.0163;81.0;0.014;63.0;0.014;77.0;0.0142;48.0;0.0091;75.0;0.0147;98.0;0.0196;75.0;0.0156;122.0;0.0272;72.0;0.0162;62.0;0.0148;107.0;0.0256;71.0;0.0156;105.0;0.022;125.0;0.0261;82.0;0.016;75.0;0.0138;56.0;0.0114;91;0.0181;101.0;0.0203;94;0.019;74;0.0148;90.0;0.0165;120.0;0.0205;145.0;0.0254;;;;
liberation;retirees;724;0.0056;;;;;;;19.0;0.0036;17.0;0.0031;20.0;0.0034;17.0;0.0038;17.0;0.0031;30.0;0.0057;19.0;0.0037;11.0;0.0022;15.0;0.0031;23.0;0.0051;37.0;0.0083;17.0;0.0041;35.0;0.0084;22.0;0.0048;16.0;0.0034;47.0;0.0098;23.0;0.0045;22.0;0.0041;17.0;0.0035;33;0.0066;70.0;0.0141;51;0.0103;25;0.005;29.0;0.0053;34.0;0.0058;58.0;0.0102;;;;
liberation;scientists_and_professors;37001;0.2838;;;;;;;1334.0;0.2555;1368.0;0.2532;1642.0;0.283;1185.0;0.2628;1328.0;0.2442;1324.0;0.2503;1731.0;0.3389;1406.0;0.2814;1331.0;0.277;1211.0;0.2697;1214.0;0.2725;1288.0;0.3077;976.0;0.2339;947.0;0.2078;1111.0;0.233;1263.0;0.2635;1214.0;0.2372;1482.0;0.2729;1255.0;0.2559;1358;0.2705;1594.0;0.3206;1491;0.3016;2208;0.4424;2038.0;0.3726;1688.0;0.2888;2014.0;0.3529;;;;
liberation;security_forces;87793;0.6733;;;;;;;2911.0;0.5575;3366.0;0.623;3082.0;0.5312;2651.0;0.5879;3592.0;0.6606;2907.0;0.5495;2615.0;0.5119;2476.0;0.4956;2746.0;0.5714;2585.0;0.5758;2306.0;0.5176;2818.0;0.6731;3125.0;0.749;3334.0;0.7317;3509.0;0.736;3634.0;0.7582;3291.0;0.643;3283.0;0.6044;3934.0;0.8022;3031;0.6038;3790.0;0.7623;4376;0.8852;4285;0.8585;4705.0;0.8602;3819.0;0.6533;5622.0;0.9851;;;;
liberation;self_employed_and_freelancers;199;0.0015;;;;;;;2.0;0.0004;12.0;0.0022;6.0;0.001;5.0;0.0011;4.0;0.0007;4.0;0.0008;5.0;0.001;4.0;0.0008;1.0;0.0002;3.0;0.0007;6.0;0.0013;4.0;0.001;6.0;0.0014;2.0;0.0004;13.0;0.0027;19.0;0.004;19.0;0.0037;8.0;0.0015;13.0;0.0027;8;0.0016;7.0;0.0014;9;0.0018;18;0.0036;9.0;0.0016;9.0;0.0015;3.0;0.0005;;;;
liberation;single;3419;0.0262;;;;;;;130.0;0.0249;93.0;0.0172;112.0;0.0193;100.0;0.0222;88.0;0.0162;82.0;0.0155;106.0;0.0208;88.0;0.0176;96.0;0.02;126.0;0.0281;123.0;0.0276;86.0;0.0205;95.0;0.0228;113.0;0.0248;124.0;0.026;136.0;0.0284;139.0;0.0272;131.0;0.0241;156.0;0.0318;196;0.039;221.0;0.0444;223;0.0451;148;0.0297;201.0;0.0367;132.0;0.0226;174.0;0.0305;;;;
liberation;skilled_or_qualified;2841;0.0218;;;;;;;133.0;0.0255;131.0;0.0242;155.0;0.0267;112.0;0.0248;148.0;0.0272;115.0;0.0217;115.0;0.0225;135.0;0.027;136.0;0.0283;125.0;0.0278;63.0;0.0141;90.0;0.0215;78.0;0.0187;82.0;0.018;144.0;0.0302;173.0;0.0361;108.0;0.0211;106.0;0.0195;85.0;0.0173;114;0.0227;93.0;0.0187;73;0.0148;79;0.0158;90.0;0.0165;90.0;0.0154;68.0;0.0119;;;;
liberation;soldiers;32830;0.2518;;;;;;;1224.0;0.2344;1682.0;0.3113;1437.0;0.2477;966.0;0.2142;1348.0;0.2479;1533.0;0.2898;1318.0;0.258;1016.0;0.2034;1156.0;0.2405;965.0;0.2149;1201.0;0.2696;846.0;0.2021;949.0;0.2275;1349.0;0.296;1379.0;0.2892;1557.0;0.3248;1620.0;0.3165;1292.0;0.2379;993.0;0.2025;1118;0.2227;1035.0;0.2082;1126;0.2278;907;0.1817;1531.0;0.2799;1610.0;0.2754;1672.0;0.293;;;;
liberation;teachers_and_educators;31627;0.2425;;;;;;;1277.0;0.2446;1175.0;0.2175;1626.0;0.2802;854.0;0.1894;1194.0;0.2196;1622.0;0.3066;948.0;0.1856;933.0;0.1867;980.0;0.2039;1081.0;0.2408;1375.0;0.3087;1001.0;0.2391;950.0;0.2277;1061.0;0.2328;1112.0;0.2332;1121.0;0.2339;956.0;0.1868;909.0;0.1674;819.0;0.167;790;0.1574;1308.0;0.2631;1531;0.3097;1854;0.3714;1734.0;0.317;1597.0;0.2732;1819.0;0.3187;;;;
liberation;tenants;4682;0.0359;;;;;;;161.0;0.0308;189.0;0.035;161.0;0.0277;95.0;0.0211;176.0;0.0324;200.0;0.0378;177.0;0.0347;336.0;0.0673;178.0;0.037;164.0;0.0365;161.0;0.0361;111.0;0.0265;115.0;0.0276;146.0;0.032;169.0;0.0354;182.0;0.038;203.0;0.0397;153.0;0.0282;162.0;0.033;200;0.0398;232.0;0.0467;152;0.0307;201;0.0403;149.0;0.0272;234.0;0.04;275.0;0.0482;;;;
liberation;terrorists_rebels_revolutionaries_and_or_movements_of_armed_resistance;20102;0.1542;;;;;;;474.0;0.0908;503.0;0.0931;525.0;0.0905;545.0;0.1209;648.0;0.1192;630.0;0.1191;688.0;0.1347;596.0;0.1193;633.0;0.1317;494.0;0.11;484.0;0.1086;365.0;0.0872;425.0;0.1019;612.0;0.1343;696.0;0.146;1042.0;0.2174;1380.0;0.2696;1847.0;0.3401;1569.0;0.3199;994;0.198;694.0;0.1396;609;0.1232;583;0.1168;773.0;0.1413;585.0;0.1001;1708.0;0.2993;;;;
liberation;unemployed;1187;0.0091;;;;;;;114.0;0.0218;36.0;0.0067;58.0;0.01;26.0;0.0058;37.0;0.0068;46.0;0.0087;37.0;0.0072;55.0;0.011;34.0;0.0071;33.0;0.0074;46.0;0.0103;40.0;0.0096;41.0;0.0098;45.0;0.0099;64.0;0.0134;53.0;0.0111;73.0;0.0143;47.0;0.0087;51.0;0.0104;44;0.0088;30.0;0.006;32;0.0065;34;0.0068;48.0;0.0088;33.0;0.0056;30.0;0.0053;;;;
liberation;unskilled_or_unqualified;2898;0.0222;;;;;;;121.0;0.0232;118.0;0.0218;145.0;0.025;103.0;0.0228;141.0;0.0259;85.0;0.0161;110.0;0.0215;152.0;0.0304;156.0;0.0325;133.0;0.0296;68.0;0.0153;98.0;0.0234;83.0;0.0199;90.0;0.0198;156.0;0.0327;170.0;0.0355;128.0;0.025;119.0;0.0219;100.0;0.0204;95;0.0189;92.0;0.0185;78;0.0158;78;0.0156;92.0;0.0168;110.0;0.0188;77.0;0.0135;;;;
liberation;upper_class;19708;0.1511;;;;;;;600.0;0.1149;558.0;0.1033;697.0;0.1201;522.0;0.1158;644.0;0.1184;632.0;0.1195;619.0;0.1212;688.0;0.1377;649.0;0.135;720.0;0.1604;595.0;0.1336;605.0;0.1445;761.0;0.1824;901.0;0.1977;913.0;0.1915;831.0;0.1734;691.0;0.135;749.0;0.1379;638.0;0.1301;998;0.1988;1025.0;0.2062;1121;0.2268;746;0.1495;788.0;0.1441;1015.0;0.1736;1002.0;0.1756;;;;
liberation;wage_and_salary_earners;21050;0.1614;;;;;;;747.0;0.1431;766.0;0.1418;783.0;0.1349;588.0;0.1304;798.0;0.1468;1118.0;0.2113;797.0;0.156;902.0;0.1805;714.0;0.1486;782.0;0.1742;736.0;0.1652;855.0;0.2042;780.0;0.187;559.0;0.1227;925.0;0.194;849.0;0.1771;856.0;0.1672;570.0;0.1049;749.0;0.1527;726;0.1446;813.0;0.1635;816;0.1651;846;0.1695;842.0;0.1539;855.0;0.1463;1278.0;0.2239;;;;
liberation;women;105095;0.806;;;;;;;2337.0;0.4476;2769.0;0.5125;2865.0;0.4938;2278.0;0.5052;2979.0;0.5479;3065.0;0.5794;2942.0;0.5759;2865.0;0.5734;2965.0;0.617;2785.0;0.6203;2465.0;0.5533;2580.0;0.6163;2935.0;0.7035;3221.0;0.7069;3725.0;0.7813;4209.0;0.8781;4206.0;0.8218;6000.0;1.1047;5332.0;1.0873;5793;1.1539;6020.0;1.2108;6923;1.4004;5507;1.1033;6000.0;1.097;6020.0;1.0298;6309.0;1.1055;;;;
liberation;young_adults;85839;0.6583;;;;;;;2895.0;0.5544;2878.0;0.5327;3048.0;0.5253;2625.0;0.5822;3445.0;0.6336;2472.0;0.4673;2486.0;0.4867;3165.0;0.6335;4055.0;0.8438;3035.0;0.676;2537.0;0.5695;2676.0;0.6392;3023.0;0.7246;2975.0;0.6529;3182.0;0.6674;3502.0;0.7306;3342.0;0.653;3278.0;0.6035;3526.0;0.719;3286;0.6546;3183.0;0.6402;3482;0.7043;3442;0.6896;4968.0;0.9083;4404.0;0.7534;4929.0;0.8637;;;;
mediapart;athletes;2918;0.1345;;;;;;;;;;;;;;;;;;;;;;;;;;;43.0;0.102;31.0;0.0601;92.0;0.1814;111.0;0.2003;58.0;0.1095;47.0;0.0727;55.0;0.0475;92.0;0.0786;276.0;0.2193;77;0.0573;460.0;0.294;330;0.1476;320;0.1262;269.0;0.1103;285.0;0.1156;372.0;0.1584;;;;
mediapart;authors_and_artists;3205;0.1477;;;;;;;;;;;;;;;;;;;;;;;;;;;145.0;0.344;145.0;0.2813;77.0;0.1518;129.0;0.2328;144.0;0.272;123.0;0.1902;190.0;0.164;133.0;0.1136;181.0;0.1438;176;0.131;215.0;0.1374;219;0.098;331;0.1305;341.0;0.1398;260.0;0.1054;396.0;0.1686;;;;
mediapart;capital_owners_investors_and_shareholders;4919;0.2267;;;;;;;;;;;;;;;;;;;;;;;;;;;226.0;0.5361;393.0;0.7625;290.0;0.5718;241.0;0.4349;221.0;0.4174;280.0;0.4331;340.0;0.2934;252.0;0.2153;345.0;0.2741;275;0.2047;286.0;0.1828;303;0.1356;373;0.1471;367.0;0.1505;386.0;0.1565;341.0;0.1452;;;;
mediapart;car_drivers;548;0.0253;;;;;;;;;;;;;;;;;;;;;;;;;;;3.0;0.0071;17.0;0.033;11.0;0.0217;8.0;0.0144;4.0;0.0076;4.0;0.0062;14.0;0.0121;9.0;0.0077;53.0;0.0421;42;0.0313;68.0;0.0435;59;0.0264;58;0.0229;50.0;0.0205;67.0;0.0272;81.0;0.0345;;;;
mediapart;ceos_and_corporate_leaders;3505;0.1616;;;;;;;;;;;;;;;;;;;;;;;;;;;127.0;0.3013;257.0;0.4986;153.0;0.3017;134.0;0.2418;166.0;0.3135;192.0;0.297;161.0;0.1389;191.0;0.1632;205.0;0.1629;204;0.1519;274.0;0.1751;302;0.1351;334;0.1317;277.0;0.1136;292.0;0.1184;236.0;0.1005;;;;
mediapart;children;15072;0.6947;;;;;;;;;;;;;;;;;;;;;;;;;;;109.0;0.2586;182.0;0.3531;196.0;0.3865;156.0;0.2815;152.0;0.2871;209.0;0.3233;250.0;0.2157;295.0;0.252;370.0;0.2939;382;0.2843;863.0;0.5516;2145;0.9597;2965;1.1694;2428.0;0.9958;2300.0;0.9326;2070.0;0.8812;;;;
mediapart;christians;2411;0.1111;;;;;;;;;;;;;;;;;;;;;;;;;;;65.0;0.1542;37.0;0.0718;49.0;0.0966;48.0;0.0866;84.0;0.1586;81.0;0.1253;104.0;0.0897;147.0;0.1256;112.0;0.089;130;0.0968;140.0;0.0895;208;0.0931;320;0.1262;362.0;0.1485;289.0;0.1172;235.0;0.1;;;;
mediapart;cisgender_and_heterosexuals;724;0.0334;;;;;;;;;;;;;;;;;;;;;;;;;;;5.0;0.0119;3.0;0.0058;10.0;0.0197;7.0;0.0126;12.0;0.0227;13.0;0.0201;14.0;0.0121;35.0;0.0299;39.0;0.031;26;0.0194;47.0;0.03;148;0.0662;91;0.0359;114.0;0.0468;70.0;0.0284;90.0;0.0383;;;;
mediapart;civil_servants;3011;0.1388;;;;;;;;;;;;;;;;;;;;;;;;;;;41.0;0.0973;72.0;0.1397;145.0;0.2859;75.0;0.1353;77.0;0.1454;82.0;0.1268;137.0;0.1182;124.0;0.1059;142.0;0.1128;283;0.2107;239.0;0.1528;360;0.1611;344;0.1357;295.0;0.121;306.0;0.1241;289.0;0.123;;;;
mediapart;consumers_and_clients;7348;0.3387;;;;;;;;;;;;;;;;;;;;;;;;;;;276.0;0.6548;242.0;0.4695;246.0;0.4851;196.0;0.3537;252.0;0.4759;440.0;0.6805;447.0;0.3857;369.0;0.3152;384.0;0.3051;322;0.2397;469.0;0.2998;566;0.2532;912;0.3597;760.0;0.3117;806.0;0.3268;661.0;0.2814;;;;
mediapart;disabled_people;933;0.043;;;;;;;;;;;;;;;;;;;;;;;;;;;7.0;0.0166;5.0;0.0097;19.0;0.0375;18.0;0.0325;21.0;0.0397;13.0;0.0201;10.0;0.0086;37.0;0.0316;21.0;0.0167;30;0.0223;52.0;0.0332;95;0.0425;113;0.0446;154.0;0.0632;178.0;0.0722;160.0;0.0681;;;;
mediapart;doctors;3519;0.1622;;;;;;;;;;;;;;;;;;;;;;;;;;;29.0;0.0688;35.0;0.0679;55.0;0.1085;22.0;0.0397;59.0;0.1114;63.0;0.0974;72.0;0.0621;89.0;0.076;134.0;0.1065;55;0.0409;146.0;0.0933;462;0.2067;740;0.2918;478.0;0.196;525.0;0.2129;555.0;0.2363;;;;
mediapart;drug_addicts;322;0.0148;;;;;;;;;;;;;;;;;;;;;;;;;;;2.0;0.0047;2.0;0.0039;3.0;0.0059;4.0;0.0072;3.0;0.0057;4.0;0.0062;10.0;0.0086;25.0;0.0214;7.0;0.0056;6;0.0045;10.0;0.0064;20;0.0089;47;0.0185;101.0;0.0414;30.0;0.0122;48.0;0.0204;;;;
mediapart;elderly;1927;0.0888;;;;;;;;;;;;;;;;;;;;;;;;;;;33.0;0.0783;22.0;0.0427;59.0;0.1163;39.0;0.0704;26.0;0.0491;70.0;0.1083;60.0;0.0518;41.0;0.035;74.0;0.0588;62;0.0462;113.0;0.0722;155;0.0693;405;0.1597;285.0;0.1169;268.0;0.1087;215.0;0.0915;;;;
mediapart;employers;4947;0.228;;;;;;;;;;;;;;;;;;;;;;;;;;;151.0;0.3582;228.0;0.4423;161.0;0.3175;107.0;0.1931;304.0;0.5741;306.0;0.4733;300.0;0.2589;260.0;0.2221;367.0;0.2916;406;0.3022;321.0;0.2052;319;0.1427;493;0.1944;477.0;0.1956;398.0;0.1614;349.0;0.1486;;;;
mediapart;entrepreneur;16447;0.7581;;;;;;;;;;;;;;;;;;;;;;;;;;;719.0;1.7057;1008.0;1.9556;714.0;1.4079;827.0;1.4923;830.0;1.5675;1104.0;1.7076;1045.0;0.9018;839.0;0.7168;822.0;0.653;924;0.6878;1039.0;0.6641;1071;0.4792;1556;0.6137;1319.0;0.5409;1334.0;0.5409;1296.0;0.5517;;;;
mediapart;ethnic_and_racial_minorities;2619;0.1207;;;;;;;;;;;;;;;;;;;;;;;;;;;40.0;0.0949;23.0;0.0446;40.0;0.0789;72.0;0.1299;20.0;0.0378;91.0;0.1407;100.0;0.0863;65.0;0.0555;158.0;0.1255;104;0.0774;214.0;0.1368;361;0.1615;410;0.1617;327.0;0.1341;273.0;0.1107;321.0;0.1366;;;;
mediapart;extremists;1531;0.0706;;;;;;;;;;;;;;;;;;;;;;;;;;;17.0;0.0403;28.0;0.0543;20.0;0.0394;31.0;0.0559;19.0;0.0359;52.0;0.0804;89.0;0.0768;99.0;0.0846;57.0;0.0453;99;0.0737;115.0;0.0735;191;0.0855;126;0.0497;196.0;0.0804;194.0;0.0787;198.0;0.0843;;;;
mediapart;farmers_and_fishermen;3719;0.1714;;;;;;;;;;;;;;;;;;;;;;;;;;;90.0;0.2135;71.0;0.1377;40.0;0.0789;42.0;0.0758;103.0;0.1945;125.0;0.1933;132.0;0.1139;105.0;0.0897;235.0;0.1867;186;0.1385;252.0;0.1611;337;0.1508;446;0.1759;454.0;0.1862;497.0;0.2015;604.0;0.2571;;;;
mediapart;health_and_care_professionals;3224;0.1486;;;;;;;;;;;;;;;;;;;;;;;;;;;10.0;0.0237;13.0;0.0252;27.0;0.0532;6.0;0.0108;8.0;0.0151;26.0;0.0402;32.0;0.0276;48.0;0.041;56.0;0.0445;29;0.0216;87.0;0.0556;370;0.1655;1127;0.4445;591.0;0.2424;449.0;0.1821;345.0;0.1469;;;;
mediapart;homeless;318;0.0147;;;;;;;;;;;;;;;;;;;;;;;;;;;1.0;0.0024;3.0;0.0058;1.0;0.002;4.0;0.0072;6.0;0.0113;3.0;0.0046;6.0;0.0052;6.0;0.0051;9.0;0.0072;13;0.0097;11.0;0.007;37;0.0166;65;0.0256;33.0;0.0135;54.0;0.0219;66.0;0.0281;;;;
mediapart;housewife_and_househusband;42;0.0021;;;;;;;;;;;;;;;;;;;;;;;;;;;;;;;1.0;0.002;;;1.0;0.0019;2.0;0.0031;4.0;0.0035;1.0;0.0009;4.0;0.0032;2;0.0015;1.0;0.0006;5;0.0022;10;0.0039;2.0;0.0008;5.0;0.002;4.0;0.0017;;;;
mediapart;jews;3642;0.1679;;;;;;;;;;;;;;;;;;;;;;;;;;;63.0;0.1495;83.0;0.161;43.0;0.0848;58.0;0.1047;45.0;0.085;83.0;0.1284;123.0;0.1061;141.0;0.1205;129.0;0.1025;124;0.0923;285.0;0.1822;458;0.2049;346;0.1365;514.0;0.2108;451.0;0.1829;696.0;0.2963;;;;
mediapart;journalists;4737;0.2184;;;;;;;;;;;;;;;;;;;;;;;;;;;208.0;0.4934;105.0;0.2037;179.0;0.353;103.0;0.1859;133.0;0.2512;145.0;0.2243;201.0;0.1735;268.0;0.229;287.0;0.228;231;0.1719;283.0;0.1809;560;0.2505;405;0.1597;488.0;0.2001;528.0;0.2141;613.0;0.261;;;;
mediapart;legal_professionals;6212;0.2863;;;;;;;;;;;;;;;;;;;;;;;;;;;36.0;0.0854;90.0;0.1746;50.0;0.0986;86.0;0.1552;40.0;0.0755;145.0;0.2243;184.0;0.1588;283.0;0.2418;235.0;0.1867;210;0.1563;345.0;0.2205;952;0.4259;849;0.3348;1102.0;0.4519;784.0;0.3179;821.0;0.3495;;;;
mediapart;lgbtqqia;2004;0.0924;;;;;;;;;;;;;;;;;;;;;;;;;;;11.0;0.0261;5.0;0.0097;7.0;0.0138;21.0;0.0379;21.0;0.0397;17.0;0.0263;48.0;0.0414;49.0;0.0419;43.0;0.0342;28;0.0208;127.0;0.0812;328;0.1467;174;0.0686;376.0;0.1542;322.0;0.1306;427.0;0.1818;;;;
mediapart;lower_class;4954;0.2284;;;;;;;;;;;;;;;;;;;;;;;;;;;80.0;0.1898;154.0;0.2988;142.0;0.28;155.0;0.2797;244.0;0.4608;196.0;0.3032;281.0;0.2425;175.0;0.1495;193.0;0.1533;293;0.2181;364.0;0.2327;457;0.2045;631;0.2489;601.0;0.2465;504.0;0.2044;484.0;0.206;;;;
mediapart;married_people;531;0.0245;;;;;;;;;;;;;;;;;;;;;;;;;;;2.0;0.0047;7.0;0.0136;5.0;0.0099;13.0;0.0235;16.0;0.0302;34.0;0.0526;37.0;0.0319;10.0;0.0085;13.0;0.0103;26;0.0194;24.0;0.0153;117;0.0523;65;0.0256;62.0;0.0254;57.0;0.0231;43.0;0.0183;;;;
mediapart;men;4374;0.2016;;;;;;;;;;;;;;;;;;;;;;;;;;;65.0;0.1542;52.0;0.1009;90.0;0.1775;124.0;0.2237;81.0;0.153;142.0;0.2196;157.0;0.1355;113.0;0.0965;163.0;0.1295;210;0.1563;335.0;0.2141;606;0.2711;512;0.2019;602.0;0.2469;590.0;0.2392;532.0;0.2265;;;;
mediapart;middle_class;1047;0.0483;;;;;;;;;;;;;;;;;;;;;;;;;;;25.0;0.0593;33.0;0.064;28.0;0.0552;35.0;0.0632;41.0;0.0774;50.0;0.0773;54.0;0.0466;49.0;0.0419;50.0;0.0397;116;0.0863;78.0;0.0499;150;0.0671;81;0.0319;71.0;0.0291;90.0;0.0365;96.0;0.0409;;;;
mediapart;multiple_or_other_specific_religious_or_minority_groups;997;0.046;;;;;;;;;;;;;;;;;;;;;;;;;;;18.0;0.0427;15.0;0.0291;16.0;0.0315;23.0;0.0415;16.0;0.0302;42.0;0.065;40.0;0.0345;51.0;0.0436;53.0;0.0421;72;0.0536;64.0;0.0409;102;0.0456;121;0.0477;133.0;0.0545;107.0;0.0434;124.0;0.0528;;;;
mediapart;muslims;4176;0.1925;;;;;;;;;;;;;;;;;;;;;;;;;;;25.0;0.0593;47.0;0.0912;13.0;0.0256;91.0;0.1642;20.0;0.0378;119.0;0.1841;135.0;0.1165;513.0;0.4383;222.0;0.1764;236;0.1757;287.0;0.1834;435;0.1946;544;0.2145;551.0;0.226;484.0;0.1963;454.0;0.1933;;;;
mediapart;offenders_criminals_prisoners_and_or_accused_people;4917;0.2266;;;;;;;;;;;;;;;;;;;;;;;;;;;51.0;0.121;44.0;0.0854;54.0;0.1065;94.0;0.1696;58.0;0.1095;135.0;0.2088;171.0;0.1476;343.0;0.293;252.0;0.2002;242;0.1801;335.0;0.2141;584;0.2613;706;0.2784;611.0;0.2506;669.0;0.2713;568.0;0.2418;;;;
mediapart;other_profession;14970;0.69;;;;;;;;;;;;;;;;;;;;;;;;;;;303.0;0.7188;351.0;0.681;358.0;0.7059;380.0;0.6857;357.0;0.6742;414.0;0.6403;606.0;0.523;717.0;0.6126;745.0;0.5919;775;0.5769;1054.0;0.6737;1601;0.7163;1954;0.7706;1891.0;0.7755;1709.0;0.693;1755.0;0.7471;;;;
mediapart;parents_and_families;6716;0.3096;;;;;;;;;;;;;;;;;;;;;;;;;;;49.0;0.1162;72.0;0.1397;73.0;0.1439;79.0;0.1426;81.0;0.153;148.0;0.2289;187.0;0.1614;183.0;0.1563;184.0;0.1462;157;0.1169;343.0;0.2192;931;0.4165;1234;0.4867;1020.0;0.4183;928.0;0.3763;1047.0;0.4457;;;;
mediapart;patients;4736;0.2183;;;;;;;;;;;;;;;;;;;;;;;;;;;28.0;0.0664;11.0;0.0213;66.0;0.1301;16.0;0.0289;26.0;0.0491;70.0;0.1083;90.0;0.0777;94.0;0.0803;120.0;0.0953;74;0.0551;101.0;0.0646;395;0.1767;1612;0.6358;839.0;0.3441;651.0;0.264;543.0;0.2312;;;;
mediapart;people_with_an_immigration_background_including_immigrants;12625;0.5819;;;;;;;;;;;;;;;;;;;;;;;;;;;82.0;0.1945;152.0;0.2949;101.0;0.1992;154.0;0.2779;124.0;0.2342;230.0;0.3557;273.0;0.2356;1280.0;1.0935;1144.0;0.9089;719;0.5352;1141.0;0.7293;1431;0.6402;1264;0.4985;1380.0;0.566;1691.0;0.6857;1459.0;0.6211;;;;
mediapart;politicians_and_high_ranking_officials;115885;5.3417;;;;;;;;;;;;;;;;;;;;;;;;;;;1797.0;4.263;1851.0;3.5912;2120.0;4.1803;2692.0;4.8575;2669.0;5.0407;5439.0;8.4125;8619.0;7.4379;7471.0;6.3827;6619.0;5.2585;8091;6.0227;6604.0;4.2212;11370;5.087;10862;4.2839;12074.0;4.9517;15644.0;6.3435;11963.0;5.0926;;;;
mediapart;prostitutes;532;0.0245;;;;;;;;;;;;;;;;;;;;;;;;;;;9.0;0.0214;6.0;0.0116;10.0;0.0197;18.0;0.0325;6.0;0.0113;13.0;0.0201;9.0;0.0078;13.0;0.0111;16.0;0.0127;13;0.0097;36.0;0.023;58;0.0259;102;0.0402;64.0;0.0262;74.0;0.03;85.0;0.0362;;;;
mediapart;real_estate_owner;399;0.0184;;;;;;;;;;;;;;;;;;;;;;;;;;;3.0;0.0071;3.0;0.0058;2.0;0.0039;1.0;0.0018;21.0;0.0397;13.0;0.0201;13.0;0.0112;8.0;0.0068;6.0;0.0048;17;0.0127;40.0;0.0256;28;0.0125;31;0.0122;52.0;0.0213;70.0;0.0284;91.0;0.0387;;;;
mediapart;retirees;1477;0.0681;;;;;;;;;;;;;;;;;;;;;;;;;;;27.0;0.0641;28.0;0.0543;112.0;0.2208;24.0;0.0433;33.0;0.0623;84.0;0.1299;38.0;0.0328;97.0;0.0829;52.0;0.0413;96;0.0715;159.0;0.1016;164;0.0734;128;0.0505;53.0;0.0217;116.0;0.047;266.0;0.1132;;;;
mediapart;scientists_and_professors;6789;0.3129;;;;;;;;;;;;;;;;;;;;;;;;;;;245.0;0.5812;391.0;0.7586;257.0;0.5068;240.0;0.4331;329.0;0.6214;280.0;0.4331;451.0;0.3892;271.0;0.2315;374.0;0.2971;337;0.2509;312.0;0.1994;510;0.2282;877;0.3459;750.0;0.3076;596.0;0.2417;569.0;0.2422;;;;
mediapart;security_forces;17797;0.8203;;;;;;;;;;;;;;;;;;;;;;;;;;;82.0;0.1945;65.0;0.1261;97.0;0.1913;153.0;0.2761;122.0;0.2304;188.0;0.2908;364.0;0.3141;535.0;0.4571;581.0;0.4616;444;0.3305;1133.0;0.7242;2662;1.191;3062;1.2076;2780.0;1.1401;2412.0;0.9781;3117.0;1.3269;;;;
mediapart;self_employed_and_freelancers;495;0.0228;;;;;;;;;;;;;;;;;;;;;;;;;;;4.0;0.0095;37.0;0.0718;4.0;0.0079;12.0;0.0217;10.0;0.0189;25.0;0.0387;27.0;0.0233;12.0;0.0103;37.0;0.0294;53;0.0395;60.0;0.0384;27;0.0121;51;0.0201;50.0;0.0205;63.0;0.0255;23.0;0.0098;;;;
mediapart;single;327;0.0151;;;;;;;;;;;;;;;;;;;;;;;;;;;4.0;0.0095;4.0;0.0078;6.0;0.0118;5.0;0.009;8.0;0.0151;6.0;0.0093;11.0;0.0095;6.0;0.0051;11.0;0.0087;24;0.0179;19.0;0.0121;52;0.0233;62;0.0245;46.0;0.0189;30.0;0.0122;33.0;0.014;;;;
mediapart;skilled_or_qualified;364;0.0168;;;;;;;;;;;;;;;;;;;;;;;;;;;11.0;0.0261;17.0;0.033;6.0;0.0118;12.0;0.0217;10.0;0.0189;8.0;0.0124;32.0;0.0276;11.0;0.0094;25.0;0.0199;29;0.0216;34.0;0.0217;24;0.0107;37;0.0146;41.0;0.0168;40.0;0.0162;27.0;0.0115;;;;
mediapart;soldiers;4638;0.2138;;;;;;;;;;;;;;;;;;;;;;;;;;;46.0;0.1091;48.0;0.0931;65.0;0.1282;66.0;0.1191;30.0;0.0567;130.0;0.2011;248.0;0.214;297.0;0.2537;271.0;0.2153;294;0.2188;317.0;0.2026;546;0.2443;540;0.213;602.0;0.2469;570.0;0.2311;568.0;0.2418;;;;
mediapart;teachers_and_educators;4044;0.1864;;;;;;;;;;;;;;;;;;;;;;;;;;;71.0;0.1684;184.0;0.357;59.0;0.1163;37.0;0.0668;19.0;0.0359;27.0;0.0418;34.0;0.0293;42.0;0.0359;49.0;0.0389;39;0.029;135.0;0.0863;698;0.3123;916;0.3613;697.0;0.2859;535.0;0.2169;502.0;0.2137;;;;
mediapart;tenants;790;0.0364;;;;;;;;;;;;;;;;;;;;;;;;;;;6.0;0.0142;7.0;0.0136;3.0;0.0059;23.0;0.0415;12.0;0.0227;19.0;0.0294;24.0;0.0207;9.0;0.0077;15.0;0.0119;44;0.0328;62.0;0.0396;76;0.034;92;0.0363;128.0;0.0525;117.0;0.0474;153.0;0.0651;;;;
mediapart;terrorists_rebels_revolutionaries_and_or_movements_of_armed_resistance;4684;0.2159;;;;;;;;;;;;;;;;;;;;;;;;;;;21.0;0.0498;10.0;0.0194;13.0;0.0256;13.0;0.0235;14.0;0.0264;48.0;0.0742;188.0;0.1622;530.0;0.4528;362.0;0.2876;366;0.2724;215.0;0.1374;494;0.221;459;0.181;632.0;0.2592;378.0;0.1533;941.0;0.4006;;;;
mediapart;unemployed;2412;0.1112;;;;;;;;;;;;;;;;;;;;;;;;;;;61.0;0.1447;133.0;0.258;81.0;0.1597;93.0;0.1678;103.0;0.1945;69.0;0.1067;131.0;0.113;84.0;0.0718;163.0;0.1295;137;0.102;282.0;0.1803;184;0.0823;184;0.0726;255.0;0.1046;235.0;0.0953;217.0;0.0924;;;;
mediapart;unskilled_or_unqualified;372;0.0171;;;;;;;;;;;;;;;;;;;;;;;;;;;11.0;0.0261;12.0;0.0233;6.0;0.0118;15.0;0.0271;14.0;0.0264;11.0;0.017;29.0;0.025;19.0;0.0162;23.0;0.0183;15;0.0112;43.0;0.0275;22;0.0098;43;0.017;37.0;0.0152;45.0;0.0182;27.0;0.0115;;;;
mediapart;upper_class;4343;0.2002;;;;;;;;;;;;;;;;;;;;;;;;;;;69.0;0.1637;123.0;0.2386;191.0;0.3766;230.0;0.415;221.0;0.4174;247.0;0.382;190.0;0.164;179.0;0.1529;213.0;0.1692;345;0.2568;341.0;0.218;433;0.1937;354;0.1396;395.0;0.162;419.0;0.1699;393.0;0.1673;;;;
mediapart;wage_and_salary_earners;49534;2.2833;;;;;;;;;;;;;;;;;;;;;;;;;;;829.0;1.9666;2036.0;3.9501;1724.0;3.3995;947.0;1.7088;1537.0;2.9028;1374.0;2.1252;1703.0;1.4696;1917.0;1.6378;3000.0;2.3834;3029;2.2547;3499.0;2.2365;4792;2.144;6265;2.4709;5572.0;2.2852;5374.0;2.1791;5936.0;2.5269;;;;
mediapart;women;11553;0.5325;;;;;;;;;;;;;;;;;;;;;;;;;;;83.0;0.1969;83.0;0.161;137.0;0.2701;150.0;0.2707;113.0;0.2134;201.0;0.3109;323.0;0.2787;227.0;0.1939;332.0;0.2638;387;0.2881;837.0;0.535;1708;0.7642;1412;0.5569;1756.0;0.7202;2067.0;0.8382;1737.0;0.7394;;;;
mediapart;young_adults;9332;0.4302;;;;;;;;;;;;;;;;;;;;;;;;;;;143.0;0.3392;155.0;0.3007;198.0;0.3904;202.0;0.3645;158.0;0.2984;219.0;0.3387;337.0;0.2908;271.0;0.2315;477.0;0.379;360;0.268;529.0;0.3381;850;0.3803;1217;0.48;1651.0;0.6771;1248.0;0.5061;1317.0;0.5606;;;;
mondediplo;athletes;719;0.0985;24.0;0.079;21.0;0.07;26.0;0.0932;10.0;0.0368;9.0;0.0319;50.0;0.1861;14.0;0.0531;18.0;0.0729;22.0;0.0833;26.0;0.1057;10.0;0.0436;31.0;0.1287;36.0;0.1465;34.0;0.1309;28.0;0.1114;24.0;0.1025;4.0;0.0173;34.0;0.1445;31.0;0.128;45.0;0.1863;8.0;0.0316;17.0;0.072;18;0.0742;67.0;0.2907;23;0.0975;14;0.0589;17.0;0.0711;14.0;0.0608;41.0;0.175;3.0;0.1453;;
mondediplo;authors_and_artists;1778;0.2436;88.0;0.2898;84.0;0.28;60.0;0.215;55.0;0.2022;34.0;0.1205;42.0;0.1563;40.0;0.1518;41.0;0.166;65.0;0.246;71.0;0.2886;51.0;0.2222;67.0;0.2782;64.0;0.2604;50.0;0.1925;72.0;0.2865;58.0;0.2478;44.0;0.1904;48.0;0.204;60.0;0.2477;73.0;0.3023;76.0;0.3;57.0;0.2415;62;0.2555;52.0;0.2256;50;0.212;109;0.4582;68.0;0.2843;67.0;0.2908;67.0;0.2859;3.0;0.1453;;
mondediplo;capital_owners_investors_and_shareholders;1235;0.1692;30.0;0.0988;46.0;0.1533;38.0;0.1362;75.0;0.2757;49.0;0.1736;70.0;0.2606;35.0;0.1329;24.0;0.0972;26.0;0.0984;28.0;0.1138;26.0;0.1133;24.0;0.0997;79.0;0.3215;63.0;0.2426;76.0;0.3024;66.0;0.282;49.0;0.212;43.0;0.1828;31.0;0.128;63.0;0.2609;23.0;0.0908;34.0;0.144;22;0.0907;16.0;0.0694;53;0.2247;30;0.1261;39.0;0.163;47.0;0.204;29.0;0.1238;1.0;0.0484;;
mondediplo;car_drivers;105;0.0155;2.0;0.0066;1.0;0.0033;7.0;0.0251;2.0;0.0074;1.0;0.0035;;;3.0;0.0114;4.0;0.0162;2.0;0.0076;1.0;0.0041;4.0;0.0174;2.0;0.0083;1.0;0.0041;1.0;0.0039;1.0;0.004;4.0;0.0171;1.0;0.0043;3.0;0.0128;5.0;0.0206;1.0;0.0041;7.0;0.0276;11.0;0.0466;3;0.0124;16.0;0.0694;3;0.0127;4;0.0168;4.0;0.0167;11.0;0.0477;;;;;;
mondediplo;ceos_and_corporate_leaders;929;0.1273;43.0;0.1416;30.0;0.1;34.0;0.1218;37.0;0.136;31.0;0.1098;33.0;0.1228;26.0;0.0987;37.0;0.1498;31.0;0.1173;24.0;0.0975;26.0;0.1133;24.0;0.0997;45.0;0.1831;45.0;0.1733;40.0;0.1592;32.0;0.1367;24.0;0.1038;40.0;0.17;28.0;0.1156;27.0;0.1118;22.0;0.0868;35.0;0.1483;36;0.1484;28.0;0.1215;29;0.1229;48;0.2018;27.0;0.1129;24.0;0.1042;21.0;0.0896;2.0;0.0969;;
mondediplo;children;3909;0.5356;104.0;0.3425;109.0;0.3633;171.0;0.6127;102.0;0.3749;122.0;0.4322;182.0;0.6774;148.0;0.5618;188.0;0.7611;118.0;0.4467;184.0;0.7478;87.0;0.3791;107.0;0.4443;126.0;0.5127;110.0;0.4236;96.0;0.382;114.0;0.487;109.0;0.4716;93.0;0.3953;151.0;0.6235;109.0;0.4513;143.0;0.5645;105.0;0.4449;80;0.3297;201.0;0.8721;165;0.6995;191;0.803;152.0;0.6354;193.0;0.8376;144.0;0.6146;5.0;0.2422;;
mondediplo;christians;1180;0.1617;68.0;0.2239;64.0;0.2133;55.0;0.1971;69.0;0.2536;45.0;0.1594;39.0;0.1452;80.0;0.3037;55.0;0.2227;32.0;0.1211;35.0;0.1422;35.0;0.1525;27.0;0.1121;40.0;0.1628;60.0;0.231;28.0;0.1114;16.0;0.0684;24.0;0.1038;20.0;0.085;18.0;0.0743;22.0;0.0911;54.0;0.2132;43.0;0.1822;28;0.1154;35.0;0.1519;23;0.0975;50;0.2102;19.0;0.0794;65.0;0.2821;21.0;0.0896;10.0;0.4845;;
mondediplo;cisgender_and_heterosexuals;166;0.0227;3.0;0.0099;6.0;0.02;6.0;0.0215;9.0;0.0331;5.0;0.0177;3.0;0.0112;7.0;0.0266;3.0;0.0121;5.0;0.0189;1.0;0.0041;4.0;0.0174;2.0;0.0083;2.0;0.0081;7.0;0.027;8.0;0.0318;2.0;0.0085;4.0;0.0173;10.0;0.0425;15.0;0.0619;10.0;0.0414;11.0;0.0434;8.0;0.0339;2;0.0082;6.0;0.026;5;0.0212;4;0.0168;8.0;0.0334;4.0;0.0174;5.0;0.0213;1.0;0.0484;;
mondediplo;civil_servants;821;0.1128;28.0;0.0922;38.0;0.1267;35.0;0.1254;28.0;0.1029;42.0;0.1488;22.0;0.0819;25.0;0.0949;32.0;0.1295;20.0;0.0757;21.0;0.0853;13.0;0.0566;24.0;0.0997;15.0;0.061;20.0;0.077;39.0;0.1552;32.0;0.1367;31.0;0.1341;38.0;0.1615;26.0;0.1074;20.0;0.0828;30.0;0.1184;31.0;0.1313;32;0.1319;46.0;0.1996;29;0.1229;40;0.1682;18.0;0.0752;30.0;0.1302;16.0;0.0683;;;;
mondediplo;consumers_and_clients;3085;0.4227;83.0;0.2733;127.0;0.4233;113.0;0.4049;125.0;0.4594;86.0;0.3047;123.0;0.4578;141.0;0.5352;101.0;0.4089;70.0;0.265;67.0;0.2723;60.0;0.2614;88.0;0.3654;98.0;0.3988;158.0;0.6084;142.0;0.5651;100.0;0.4272;125.0;0.5408;130.0;0.5526;145.0;0.5987;131.0;0.5424;89.0;0.3513;78.0;0.3305;69;0.2844;113.0;0.4903;114;0.4833;106;0.4456;160.0;0.6688;76.0;0.3298;57.0;0.2433;10.0;0.4845;;
mondediplo;disabled_people;178;0.0253;4.0;0.0132;6.0;0.02;5.0;0.0179;8.0;0.0294;7.0;0.0248;6.0;0.0223;4.0;0.0152;4.0;0.0162;;;1.0;0.0041;12.0;0.0523;7.0;0.0291;3.0;0.0122;4.0;0.0154;3.0;0.0119;10.0;0.0427;3.0;0.013;2.0;0.0085;13.0;0.0537;2.0;0.0083;3.0;0.0118;3.0;0.0127;1;0.0041;4.0;0.0174;3;0.0127;10;0.042;5.0;0.0209;39.0;0.1693;5.0;0.0213;1.0;0.0484;;
mondediplo;doctors;789;0.1081;18.0;0.0593;10.0;0.0333;28.0;0.1003;17.0;0.0625;9.0;0.0319;17.0;0.0633;12.0;0.0455;23.0;0.0931;45.0;0.1703;46.0;0.187;3.0;0.0131;69.0;0.2865;10.0;0.0407;28.0;0.1078;27.0;0.1074;23.0;0.0983;17.0;0.0735;19.0;0.0808;11.0;0.0454;18.0;0.0745;64.0;0.2526;37.0;0.1568;28;0.1154;15.0;0.0651;32;0.1357;73;0.3069;19.0;0.0794;18.0;0.0781;52.0;0.2219;1.0;0.0484;;
mondediplo;drug_addicts;92;0.0136;5.0;0.0165;3.0;0.01;19.0;0.0681;1.0;0.0037;3.0;0.0106;2.0;0.0074;4.0;0.0152;1.0;0.004;2.0;0.0076;2.0;0.0081;1.0;0.0044;2.0;0.0083;3.0;0.0122;;;1.0;0.004;1.0;0.0043;1.0;0.0043;;;4.0;0.0165;3.0;0.0124;1.0;0.0039;2.0;0.0085;1;0.0041;10.0;0.0434;10;0.0424;3;0.0126;1.0;0.0042;4.0;0.0174;2.0;0.0085;;;;
mondediplo;elderly;637;0.0875;16.0;0.0527;14.0;0.0467;13.0;0.0466;21.0;0.0772;22.0;0.0779;13.0;0.0484;21.0;0.0797;17.0;0.0688;30.0;0.1136;9.0;0.0366;19.0;0.0828;16.0;0.0664;12.0;0.0488;23.0;0.0886;13.0;0.0517;16.0;0.0684;24.0;0.1038;9.0;0.0383;106.0;0.4377;9.0;0.0373;10.0;0.0395;27.0;0.1144;24;0.0989;24.0;0.1041;41;0.1738;31;0.1303;17.0;0.0711;15.0;0.0651;25.0;0.1067;;;;
mondediplo;employers;1651;0.2262;40.0;0.1317;64.0;0.2133;51.0;0.1827;41.0;0.1507;61.0;0.2161;39.0;0.1452;64.0;0.2429;85.0;0.3441;84.0;0.318;32.0;0.1301;47.0;0.2048;51.0;0.2118;48.0;0.1953;69.0;0.2657;46.0;0.183;49.0;0.2093;70.0;0.3028;65.0;0.2763;72.0;0.2973;63.0;0.2609;57.0;0.225;92.0;0.3898;75;0.3091;52.0;0.2256;52;0.2205;33;0.1387;49.0;0.2048;53.0;0.23;38.0;0.1622;9.0;0.436;;
mondediplo;entrepreneur;5341;0.7318;228.0;0.7508;206.0;0.6866;246.0;0.8815;250.0;0.9189;164.0;0.581;240.0;0.8933;228.0;0.8654;137.0;0.5546;139.0;0.5262;131.0;0.5324;99.0;0.4314;154.0;0.6395;178.0;0.7243;199.0;0.7663;180.0;0.7163;211.0;0.9014;166.0;0.7182;190.0;0.8076;220.0;0.9084;181.0;0.7495;138.0;0.5447;190.0;0.805;171;0.7047;151.0;0.6551;196;0.831;237;0.9963;230.0;0.9615;143.0;0.6206;122.0;0.5207;16.0;0.7752;;
mondediplo;ethnic_and_racial_minorities;853;0.1169;48.0;0.1581;19.0;0.0633;21.0;0.0752;37.0;0.136;21.0;0.0744;29.0;0.1079;36.0;0.1366;29.0;0.1174;25.0;0.0946;30.0;0.1219;27.0;0.1176;33.0;0.137;42.0;0.1709;47.0;0.181;23.0;0.0915;14.0;0.0598;22.0;0.0952;34.0;0.1445;17.0;0.0702;25.0;0.1035;30.0;0.1184;25.0;0.1059;25;0.103;40.0;0.1735;17;0.0721;25;0.1051;36.0;0.1505;36.0;0.1562;29.0;0.1238;11.0;0.5329;;
mondediplo;extremists;635;0.0873;45.0;0.1482;24.0;0.08;30.0;0.1075;33.0;0.1213;18.0;0.0638;21.0;0.0782;18.0;0.0683;30.0;0.1215;10.0;0.0379;53.0;0.2154;24.0;0.1046;22.0;0.0914;27.0;0.1099;18.0;0.0693;18.0;0.0716;19.0;0.0812;19.0;0.0822;16.0;0.068;11.0;0.0454;21.0;0.087;37.0;0.1461;14.0;0.0593;10;0.0412;14.0;0.0607;18;0.0763;12;0.0504;27.0;0.1129;16.0;0.0694;10.0;0.0427;;;;
mondediplo;farmers_and_fishermen;1714;0.2348;113.0;0.3721;61.0;0.2033;62.0;0.2222;67.0;0.2463;63.0;0.2232;41.0;0.1526;81.0;0.3075;38.0;0.1538;103.0;0.3899;31.0;0.126;22.0;0.0959;78.0;0.3239;52.0;0.2116;51.0;0.1964;57.0;0.2268;64.0;0.2734;46.0;0.199;47.0;0.1998;35.0;0.1445;59.0;0.2443;54.0;0.2132;28.0;0.1186;95;0.3915;72.0;0.3124;51;0.2162;31;0.1303;97.0;0.4055;48.0;0.2083;53.0;0.2262;14.0;0.6783;;
mondediplo;health_and_care_professionals;419;0.0574;10.0;0.0329;4.0;0.0133;12.0;0.043;3.0;0.011;2.0;0.0071;7.0;0.0261;3.0;0.0114;10.0;0.0405;13.0;0.0492;18.0;0.0732;1.0;0.0044;30.0;0.1246;6.0;0.0244;7.0;0.027;12.0;0.0478;13.0;0.0555;11.0;0.0476;6.0;0.0255;8.0;0.033;8.0;0.0331;14.0;0.0553;27.0;0.1144;17;0.0701;13.0;0.0564;47;0.1993;75;0.3153;6.0;0.0251;15.0;0.0651;20.0;0.0854;1.0;0.0484;;
mondediplo;homeless;89;0.0131;11.0;0.0362;4.0;0.0133;7.0;0.0251;4.0;0.0147;5.0;0.0177;5.0;0.0186;1.0;0.0038;1.0;0.004;1.0;0.0038;4.0;0.0163;2.0;0.0087;6.0;0.0249;2.0;0.0081;7.0;0.027;2.0;0.008;;;2.0;0.0087;3.0;0.0128;1.0;0.0041;1.0;0.0041;;;3.0;0.0127;1;0.0041;3.0;0.013;2;0.0085;4;0.0168;1.0;0.0042;2.0;0.0087;3.0;0.0128;1.0;0.0484;;
mondediplo;housewife_and_househusband;32;0.0067;1.0;0.0033;;;1.0;0.0036;2.0;0.0074;1.0;0.0035;;;1.0;0.0038;1.0;0.004;1.0;0.0038;;;;;1.0;0.0042;;;;;;;1.0;0.0043;6.0;0.026;1.0;0.0043;2.0;0.0083;;;3.0;0.0118;;;2;0.0082;;;2;0.0085;2;0.0084;1.0;0.0042;1.0;0.0043;1.0;0.0043;1.0;0.0484;;
mondediplo;jews;908;0.1244;38.0;0.1251;59.0;0.1967;37.0;0.1326;48.0;0.1764;23.0;0.0815;11.0;0.0409;34.0;0.1291;68.0;0.2753;28.0;0.106;63.0;0.256;42.0;0.183;25.0;0.1038;24.0;0.0977;40.0;0.154;11.0;0.0438;13.0;0.0555;31.0;0.1341;44.0;0.187;16.0;0.0661;29.0;0.1201;37.0;0.1461;38.0;0.161;28;0.1154;31.0;0.1345;28;0.1187;9;0.0378;18.0;0.0752;9.0;0.0391;23.0;0.0982;3.0;0.1453;;
mondediplo;journalists;1658;0.2272;57.0;0.1877;74.0;0.2467;57.0;0.2042;75.0;0.2757;123.0;0.4358;45.0;0.1675;48.0;0.1822;50.0;0.2024;80.0;0.3028;78.0;0.317;64.0;0.2789;38.0;0.1578;94.0;0.3825;48.0;0.1848;47.0;0.187;45.0;0.1922;45.0;0.1947;44.0;0.187;70.0;0.289;49.0;0.2029;45.0;0.1776;53.0;0.2245;51;0.2102;39.0;0.1692;52;0.2205;42;0.1766;51.0;0.2132;46.0;0.1996;45.0;0.1921;3.0;0.1453;;
mondediplo;legal_professionals;723;0.0991;20.0;0.0659;20.0;0.0667;27.0;0.0967;33.0;0.1213;30.0;0.1063;11.0;0.0409;36.0;0.1366;15.0;0.0607;19.0;0.0719;22.0;0.0894;15.0;0.0654;32.0;0.1329;18.0;0.0732;26.0;0.1001;35.0;0.1393;18.0;0.0769;9.0;0.0389;13.0;0.0553;30.0;0.1239;35.0;0.1449;28.0;0.1105;39.0;0.1652;28;0.1154;19.0;0.0824;23;0.0975;25;0.1051;44.0;0.1839;19.0;0.0825;31.0;0.1323;3.0;0.1453;;
mondediplo;lgbtqqia;183;0.0282;;;31.0;0.1033;2.0;0.0072;5.0;0.0184;2.0;0.0071;;;2.0;0.0076;1.0;0.004;4.0;0.0151;2.0;0.0081;1.0;0.0044;3.0;0.0125;5.0;0.0203;3.0;0.0116;1.0;0.004;;;5.0;0.0216;33.0;0.1403;4.0;0.0165;12.0;0.0497;1.0;0.0039;9.0;0.0381;9;0.0371;14.0;0.0607;9;0.0382;7;0.0294;5.0;0.0209;6.0;0.026;5.0;0.0213;2.0;0.0969;;
mondediplo;lower_class;2028;0.2779;110.0;0.3622;87.0;0.29;94.0;0.3368;91.0;0.3345;91.0;0.3224;93.0;0.3462;40.0;0.1518;83.0;0.336;61.0;0.2309;67.0;0.2723;74.0;0.3224;59.0;0.245;82.0;0.3337;64.0;0.2464;75.0;0.2984;83.0;0.3546;64.0;0.2769;55.0;0.2338;85.0;0.351;58.0;0.2402;62.0;0.2447;55.0;0.233;68;0.2803;59.0;0.256;60;0.2544;56;0.2354;50.0;0.209;59.0;0.2561;40.0;0.1707;3.0;0.1453;;
mondediplo;married_people;157;0.0216;1.0;0.0033;10.0;0.0333;5.0;0.0179;5.0;0.0184;8.0;0.0283;7.0;0.0261;3.0;0.0114;7.0;0.0283;11.0;0.0416;6.0;0.0244;10.0;0.0436;4.0;0.0166;3.0;0.0122;4.0;0.0154;3.0;0.0119;1.0;0.0043;7.0;0.0303;4.0;0.017;4.0;0.0165;4.0;0.0166;4.0;0.0158;4.0;0.0169;10;0.0412;8.0;0.0347;6;0.0254;6;0.0252;4.0;0.0167;5.0;0.0217;3.0;0.0128;;;;
mondediplo;men;1742;0.2387;74.0;0.2437;78.0;0.26;111.0;0.3977;98.0;0.3602;80.0;0.2834;88.0;0.3276;58.0;0.2202;58.0;0.2348;58.0;0.2195;48.0;0.1951;61.0;0.2658;41.0;0.1702;61.0;0.2482;62.0;0.2387;55.0;0.2189;47.0;0.2008;64.0;0.2769;46.0;0.1955;54.0;0.223;51.0;0.2112;48.0;0.1895;58.0;0.2457;41;0.169;75.0;0.3254;59;0.2501;59;0.248;36.0;0.1505;41.0;0.1779;29.0;0.1238;3.0;0.1453;;
mondediplo;middle_class;561;0.0771;16.0;0.0527;17.0;0.0567;19.0;0.0681;23.0;0.0845;11.0;0.039;17.0;0.0633;6.0;0.0228;47.0;0.1903;7.0;0.0265;4.0;0.0163;10.0;0.0436;10.0;0.0415;17.0;0.0692;22.0;0.0847;25.0;0.0995;20.0;0.0854;21.0;0.0909;54.0;0.2295;17.0;0.0702;37.0;0.1532;24.0;0.0947;16.0;0.0678;22;0.0907;14.0;0.0607;16;0.0678;20;0.0841;14.0;0.0585;24.0;0.1042;11.0;0.0469;;;;
mondediplo;multiple_or_other_specific_religious_or_minority_groups;462;0.0633;26.0;0.0856;19.0;0.0633;21.0;0.0752;10.0;0.0368;19.0;0.0673;10.0;0.0372;51.0;0.1936;22.0;0.0891;5.0;0.0189;16.0;0.065;15.0;0.0654;18.0;0.0747;21.0;0.0854;18.0;0.0693;13.0;0.0517;7.0;0.0299;8.0;0.0346;12.0;0.051;8.0;0.033;17.0;0.0704;22.0;0.0868;21.0;0.089;15;0.0618;8.0;0.0347;10;0.0424;13;0.0547;12.0;0.0502;14.0;0.0608;7.0;0.0299;4.0;0.1938;;
mondediplo;muslims;1247;0.1709;49.0;0.1614;33.0;0.11;36.0;0.129;46.0;0.1691;29.0;0.1027;37.0;0.1377;69.0;0.2619;68.0;0.2753;36.0;0.1363;105.0;0.4267;41.0;0.1786;72.0;0.299;33.0;0.1343;40.0;0.154;29.0;0.1154;29.0;0.1239;28.0;0.1211;25.0;0.1063;27.0;0.1115;41.0;0.1698;146.0;0.5763;63.0;0.2669;43;0.1772;27.0;0.1171;20;0.0848;31;0.1303;11.0;0.046;17.0;0.0738;15.0;0.064;1.0;0.0484;;
mondediplo;offenders_criminals_prisoners_and_or_accused_people;1752;0.24;42.0;0.1383;84.0;0.28;82.0;0.2938;80.0;0.294;101.0;0.3578;61.0;0.2271;86.0;0.3264;80.0;0.3239;80.0;0.3028;93.0;0.378;69.0;0.3007;78.0;0.3239;52.0;0.2116;55.0;0.2118;33.0;0.1313;41.0;0.1752;43.0;0.186;42.0;0.1785;56.0;0.2312;67.0;0.2774;50.0;0.1974;65.0;0.2754;41;0.169;29.0;0.1258;52;0.2205;49;0.206;45.0;0.1881;32.0;0.1389;62.0;0.2646;2.0;0.0969;;
mondediplo;other_profession;4450;0.6097;154.0;0.5071;201.0;0.67;160.0;0.5733;157.0;0.5771;156.0;0.5527;189.0;0.7035;151.0;0.5732;131.0;0.5303;136.0;0.5148;104.0;0.4227;127.0;0.5534;115.0;0.4775;152.0;0.6185;174.0;0.67;156.0;0.6208;160.0;0.6835;138.0;0.597;139.0;0.5908;170.0;0.702;139.0;0.5755;148.0;0.5842;128.0;0.5423;183;0.7542;156.0;0.6768;160;0.6783;209;0.8786;152.0;0.6354;166.0;0.7204;134.0;0.5719;5.0;0.2422;;
mondediplo;parents_and_families;1855;0.2542;69.0;0.2272;57.0;0.19;97.0;0.3476;57.0;0.2095;85.0;0.3012;77.0;0.2866;76.0;0.2885;52.0;0.2105;94.0;0.3558;64.0;0.2601;45.0;0.1961;47.0;0.1952;62.0;0.2523;55.0;0.2118;54.0;0.2149;65.0;0.2777;54.0;0.2336;59.0;0.2508;58.0;0.2395;85.0;0.352;49.0;0.1934;43.0;0.1822;49;0.2019;91.0;0.3948;53;0.2247;70;0.2943;65.0;0.2717;70.0;0.3038;50.0;0.2134;3.0;0.1453;;
mondediplo;patients;832;0.1143;8.0;0.0263;11.0;0.0367;25.0;0.0896;9.0;0.0331;24.0;0.085;27.0;0.1005;15.0;0.0569;12.0;0.0486;30.0;0.1136;29.0;0.1179;7.0;0.0305;90.0;0.3737;12.0;0.0488;21.0;0.0809;33.0;0.1313;30.0;0.1282;15.0;0.0649;32.0;0.136;20.0;0.0826;25.0;0.1035;33.0;0.1303;44.0;0.1864;26;0.1072;23.0;0.0998;75;0.318;76;0.3195;11.0;0.046;27.0;0.1172;42.0;0.1792;;;;
mondediplo;people_with_an_immigration_background_including_immigrants;3812;0.5223;142.0;0.4676;184.0;0.6133;207.0;0.7417;145.0;0.533;136.0;0.4818;139.0;0.5174;92.0;0.3492;169.0;0.6842;94.0;0.3558;163.0;0.6625;141.0;0.6144;109.0;0.4526;80.0;0.3255;105.0;0.4043;100.0;0.3979;100.0;0.4272;79.0;0.3418;142.0;0.6036;80.0;0.3303;112.0;0.4637;154.0;0.6079;130.0;0.5508;280;1.154;192.0;0.833;96;0.407;88;0.3699;118.0;0.4933;157.0;0.6814;74.0;0.3158;4.0;0.1938;;
mondediplo;politicians_and_high_ranking_officials;16924;2.3188;732.0;2.4104;570.0;1.8999;609.0;2.1822;667.0;2.4516;420.0;1.488;477.0;1.7755;397.0;1.5069;497.0;2.0121;382.0;1.446;393.0;1.5972;450.0;1.9608;406.0;1.6858;692.0;2.8158;512.0;1.9715;669.0;2.6622;506.0;2.1617;665.0;2.877;727.0;3.0902;469.0;1.9366;808.0;3.3456;870.0;3.4343;754.0;3.1945;852;3.5114;411.0;1.7832;599;2.5395;534;2.2449;663.0;2.7715;620.0;2.6907;539.0;2.3004;34.0;1.6473;;
mondediplo;prostitutes;145;0.0215;;;8.0;0.0267;4.0;0.0143;2.0;0.0074;15.0;0.0531;2.0;0.0074;7.0;0.0266;2.0;0.0081;5.0;0.0189;5.0;0.0203;4.0;0.0174;4.0;0.0166;4.0;0.0163;5.0;0.0193;1.0;0.004;4.0;0.0171;5.0;0.0216;3.0;0.0128;2.0;0.0083;28.0;0.1159;5.0;0.0197;4.0;0.0169;4;0.0165;9.0;0.039;7;0.0297;2;0.0084;1.0;0.0042;;;3.0;0.0128;;;;
mondediplo;real_estate_owner;107;0.0152;5.0;0.0165;5.0;0.0167;1.0;0.0036;2.0;0.0074;3.0;0.0106;6.0;0.0223;3.0;0.0114;;;3.0;0.0114;2.0;0.0081;1.0;0.0044;1.0;0.0042;4.0;0.0163;7.0;0.027;7.0;0.0279;3.0;0.0128;6.0;0.026;2.0;0.0085;5.0;0.0206;3.0;0.0124;3.0;0.0118;6.0;0.0254;4;0.0165;7.0;0.0304;4;0.017;1;0.0042;3.0;0.0125;7.0;0.0304;3.0;0.0128;;;;
mondediplo;retirees;373;0.0511;13.0;0.0428;10.0;0.0333;20.0;0.0717;9.0;0.0331;15.0;0.0531;1.0;0.0037;3.0;0.0114;8.0;0.0324;23.0;0.0871;6.0;0.0244;2.0;0.0087;12.0;0.0498;9.0;0.0366;17.0;0.0655;7.0;0.0279;31.0;0.1324;6.0;0.026;16.0;0.068;31.0;0.128;13.0;0.0538;10.0;0.0395;5.0;0.0212;16;0.0659;6.0;0.026;13;0.0551;31;0.1303;8.0;0.0334;16.0;0.0694;14.0;0.0597;2.0;0.0969;;
mondediplo;scientists_and_professors;2098;0.2883;85.0;0.2799;67.0;0.2233;89.0;0.3189;98.0;0.3602;95.0;0.3366;89.0;0.3313;76.0;0.2885;67.0;0.2712;71.0;0.2688;78.0;0.317;63.0;0.2745;85.0;0.3529;70.0;0.2848;95.0;0.3658;84.0;0.3343;62.0;0.2649;51.0;0.2206;87.0;0.3698;70.0;0.289;39.0;0.1615;103.0;0.4066;57.0;0.2415;43;0.1772;65.0;0.282;50;0.212;75;0.3153;76.0;0.3177;60.0;0.2604;48.0;0.2049;;;;
mondediplo;security_forces;1719;0.2355;31.0;0.1021;47.0;0.1567;42.0;0.1505;32.0;0.1176;88.0;0.3118;41.0;0.1526;122.0;0.4631;48.0;0.1943;67.0;0.2536;55.0;0.2235;33.0;0.1438;56.0;0.2325;37.0;0.1506;89.0;0.3427;84.0;0.3343;61.0;0.2606;39.0;0.1687;53.0;0.2253;69.0;0.2849;39.0;0.1615;56.0;0.2211;54.0;0.2288;53;0.2184;67.0;0.2907;63;0.2671;66;0.2775;83.0;0.347;53.0;0.23;86.0;0.367;5.0;0.2422;;
mondediplo;self_employed_and_freelancers;153;0.0218;3.0;0.0099;7.0;0.0233;4.0;0.0143;6.0;0.0221;6.0;0.0213;8.0;0.0298;6.0;0.0228;6.0;0.0243;2.0;0.0076;3.0;0.0122;1.0;0.0044;5.0;0.0208;;;5.0;0.0193;3.0;0.0119;3.0;0.0128;4.0;0.0173;3.0;0.0128;6.0;0.0248;4.0;0.0166;4.0;0.0158;6.0;0.0254;24;0.0989;4.0;0.0174;4;0.017;6;0.0252;8.0;0.0334;7.0;0.0304;5.0;0.0213;;;;
mondediplo;single;103;0.0157;1.0;0.0033;1.0;0.0033;4.0;0.0143;2.0;0.0074;4.0;0.0142;2.0;0.0074;2.0;0.0076;1.0;0.004;7.0;0.0265;1.0;0.0041;9.0;0.0392;;;4.0;0.0163;3.0;0.0116;2.0;0.008;1.0;0.0043;;;2.0;0.0085;17.0;0.0702;4.0;0.0166;5.0;0.0197;5.0;0.0212;3;0.0124;2.0;0.0087;3;0.0127;2;0.0084;11.0;0.046;;;5.0;0.0213;;;;
mondediplo;skilled_or_qualified;265;0.0364;11.0;0.0362;13.0;0.0433;15.0;0.0537;9.0;0.0331;4.0;0.0142;16.0;0.0596;7.0;0.0266;6.0;0.0243;11.0;0.0416;9.0;0.0366;10.0;0.0436;10.0;0.0415;8.0;0.0326;7.0;0.027;5.0;0.0199;8.0;0.0342;5.0;0.0216;10.0;0.0425;7.0;0.0289;5.0;0.0207;6.0;0.0237;12.0;0.0508;16;0.0659;14.0;0.0607;16;0.0678;9;0.0378;9.0;0.0376;4.0;0.0174;3.0;0.0128;;;;
mondediplo;soldiers;2165;0.2966;52.0;0.1712;109.0;0.3633;50.0;0.1792;80.0;0.294;53.0;0.1878;45.0;0.1675;60.0;0.2277;66.0;0.2672;85.0;0.3218;123.0;0.4999;70.0;0.305;57.0;0.2367;76.0;0.3092;109.0;0.4197;64.0;0.2547;51.0;0.2179;65.0;0.2812;35.0;0.1488;87.0;0.3592;53.0;0.2195;105.0;0.4145;86.0;0.3644;56;0.2308;74.0;0.3211;73;0.3095;51;0.2144;142.0;0.5936;72.0;0.3125;106.0;0.4524;10.0;0.4845;;
mondediplo;teachers_and_educators;1009;0.1382;20.0;0.0659;19.0;0.0633;14.0;0.0502;31.0;0.1139;35.0;0.124;24.0;0.0893;31.0;0.1177;29.0;0.1174;58.0;0.2195;53.0;0.2154;17.0;0.0741;27.0;0.1121;22.0;0.0895;23.0;0.0886;26.0;0.1035;47.0;0.2008;31.0;0.1341;26.0;0.1105;24.0;0.0991;41.0;0.1698;32.0;0.1263;27.0;0.1144;17;0.0701;87.0;0.3775;48;0.2035;36;0.1513;70.0;0.2926;69.0;0.2995;23.0;0.0982;2.0;0.0969;;
mondediplo;tenants;146;0.02;3.0;0.0099;5.0;0.0167;6.0;0.0215;6.0;0.0221;2.0;0.0071;6.0;0.0223;4.0;0.0152;5.0;0.0202;5.0;0.0189;3.0;0.0122;7.0;0.0305;7.0;0.0291;7.0;0.0285;4.0;0.0154;10.0;0.0398;2.0;0.0085;4.0;0.0173;4.0;0.017;2.0;0.0083;2.0;0.0083;8.0;0.0316;3.0;0.0127;11;0.0453;4.0;0.0174;3;0.0127;7;0.0294;8.0;0.0334;4.0;0.0174;3.0;0.0128;1.0;0.0484;;
mondediplo;terrorists_rebels_revolutionaries_and_or_movements_of_armed_resistance;1475;0.2021;35.0;0.1153;54.0;0.18;24.0;0.086;31.0;0.1139;38.0;0.1346;15.0;0.0558;35.0;0.1329;44.0;0.1781;49.0;0.1855;76.0;0.3089;56.0;0.244;92.0;0.382;65.0;0.2645;75.0;0.2888;35.0;0.1393;55.0;0.235;27.0;0.1168;29.0;0.1233;68.0;0.2808;71.0;0.294;122.0;0.4816;74.0;0.3135;51;0.2102;43.0;0.1866;24;0.1018;41;0.1724;59.0;0.2466;24.0;0.1042;58.0;0.2475;5.0;0.2422;;
mondediplo;unemployed;611;0.084;27.0;0.0889;56.0;0.1867;29.0;0.1039;59.0;0.2169;24.0;0.085;24.0;0.0893;14.0;0.0531;12.0;0.0486;38.0;0.1438;14.0;0.0569;20.0;0.0871;39.0;0.1619;12.0;0.0488;17.0;0.0655;21.0;0.0836;10.0;0.0427;10.0;0.0433;20.0;0.085;17.0;0.0702;25.0;0.1035;27.0;0.1066;19.0;0.0805;19;0.0783;12.0;0.0521;10;0.0424;8;0.0336;9.0;0.0376;14.0;0.0608;5.0;0.0213;;;;
mondediplo;unskilled_or_unqualified;243;0.0334;10.0;0.0329;14.0;0.0467;18.0;0.0645;8.0;0.0294;5.0;0.0177;11.0;0.0409;7.0;0.0266;9.0;0.0364;8.0;0.0303;10.0;0.0406;11.0;0.0479;6.0;0.0249;5.0;0.0203;5.0;0.0193;9.0;0.0358;7.0;0.0299;7.0;0.0303;9.0;0.0383;4.0;0.0165;5.0;0.0207;8.0;0.0316;8.0;0.0339;10;0.0412;9.0;0.039;13;0.0551;5;0.021;14.0;0.0585;4.0;0.0174;4.0;0.0171;;;;
mondediplo;upper_class;1895;0.2596;76.0;0.2503;74.0;0.2467;55.0;0.1971;98.0;0.3602;56.0;0.1984;60.0;0.2233;62.0;0.2353;55.0;0.2227;41.0;0.1552;47.0;0.191;35.0;0.1525;45.0;0.1869;71.0;0.2889;92.0;0.3543;54.0;0.2149;82.0;0.3503;73.0;0.3158;96.0;0.4081;71.0;0.2932;65.0;0.2691;53.0;0.2092;43.0;0.1822;54;0.2226;45.0;0.1952;98;0.4155;87;0.3657;68.0;0.2843;87.0;0.3776;50.0;0.2134;2.0;0.0969;;
mondediplo;wage_and_salary_earners;10340;1.4167;223.0;0.7343;496.0;1.6533;394.0;1.4118;264.0;0.9703;350.0;1.24;412.0;1.5335;280.0;1.0628;297.0;1.2024;342.0;1.2946;269.0;1.0933;191.0;0.8322;374.0;1.553;360.0;1.4648;400.0;1.5402;415.0;1.6514;452.0;1.931;377.0;1.631;352.0;1.4962;306.0;1.2635;371.0;1.5362;340.0;1.3421;429.0;1.8176;609;2.5099;359.0;1.5576;388;1.645;380;1.5975;299.0;1.2499;288.0;1.2499;283.0;1.2078;40.0;1.938;;
mondediplo;women;3632;0.4976;92.0;0.303;106.0;0.3533;286.0;1.0248;212.0;0.7792;193.0;0.6838;187.0;0.696;95.0;0.3606;114.0;0.4615;128.0;0.4845;162.0;0.6584;90.0;0.3922;98.0;0.4069;104.0;0.4232;148.0;0.5699;75.0;0.2984;68.0;0.2905;164.0;0.7095;96.0;0.4081;109.0;0.4501;77.0;0.3188;95.0;0.375;148.0;0.627;81;0.3338;126.0;0.5467;144;0.6105;194;0.8156;76.0;0.3177;71.0;0.3081;83.0;0.3542;10.0;0.4845;;
mondediplo;young_adults;2750;0.3768;110.0;0.3622;110.0;0.3667;92.0;0.3297;74.0;0.272;126.0;0.4464;83.0;0.3089;159.0;0.6035;112.0;0.4534;114.0;0.4315;112.0;0.4552;82.0;0.3573;141.0;0.5855;73.0;0.297;84.0;0.3235;76.0;0.3024;76.0;0.3247;54.0;0.2336;78.0;0.3315;99.0;0.4088;115.0;0.4762;82.0;0.3237;87.0;0.3686;122;0.5028;99.0;0.4295;84;0.3561;98;0.412;76.0;0.3177;62.0;0.2691;67.0;0.2859;3.0;0.1453;;
spiegel;athletes;41331;0.6125;1385.0;0.5456;1888.0;0.7488;1573.0;0.6129;1637.0;0.648;1520.0;0.5439;1947.0;0.7087;1394.0;0.5318;1487.0;0.6033;1352.0;0.5745;1583.0;0.6846;1401.0;0.5744;2090.0;0.8383;1511.0;0.5971;1722.0;0.696;1517.0;0.5651;1265.0;0.517;1290.0;0.5238;1604.0;0.643;1331.0;0.5366;1292.0;0.4831;1183.0;0.4872;1776.0;0.6678;1459;0.571;1518.0;0.6305;1600;0.6442;1628;0.6655;1378.0;0.7363;1721.0;0.7065;1487.0;0.5988;;;;
spiegel;authors_and_artists;27286;0.4044;1389.0;0.5471;1360.0;0.5394;1350.0;0.526;1287.0;0.5094;1536.0;0.5496;1522.0;0.554;1141.0;0.4352;1012.0;0.4106;1141.0;0.4848;1094.0;0.4731;1061.0;0.435;1209.0;0.4849;1189.0;0.4699;935.0;0.3779;972.0;0.3621;800.0;0.327;628.0;0.255;852.0;0.3416;852.0;0.3435;647.0;0.2419;810.0;0.3336;861.0;0.3237;712;0.2786;801.0;0.3327;728;0.2931;782;0.3197;614.0;0.3281;865.0;0.3551;829.0;0.3338;;;;
spiegel;capital_owners_investors_and_shareholders;22579;0.3346;567.0;0.2233;796.0;0.3157;1126.0;0.4387;1071.0;0.4239;1088.0;0.3893;1281.0;0.4663;1209.0;0.4612;1023.0;0.4151;713.0;0.303;874.0;0.378;1039.0;0.426;790.0;0.3169;952.0;0.3762;965.0;0.3901;1023.0;0.3811;818.0;0.3343;863.0;0.3504;935.0;0.3748;747.0;0.3011;566.0;0.2117;626.0;0.2578;742.0;0.279;579;0.2266;481.0;0.1998;604;0.2432;640;0.2616;461.0;0.2463;592.0;0.243;516.0;0.2078;;;;
spiegel;car_drivers;3351;0.0497;167.0;0.0658;86.0;0.0341;130.0;0.0506;143.0;0.0566;180.0;0.0644;192.0;0.0699;145.0;0.0553;99.0;0.0402;119.0;0.0506;89.0;0.0385;126.0;0.0517;76.0;0.0305;92.0;0.0364;118.0;0.0477;92.0;0.0343;62.0;0.0253;154.0;0.0625;109.0;0.0437;132.0;0.0532;158.0;0.0591;109.0;0.0449;149.0;0.056;142;0.0556;119.0;0.0494;212;0.0854;88;0.036;63.0;0.0337;153.0;0.0628;211.0;0.085;;;;
spiegel;ceos_and_corporate_leaders;20791;0.3081;882.0;0.3474;1005.0;0.3986;1022.0;0.3982;949.0;0.3756;1106.0;0.3957;970.0;0.3531;903.0;0.3445;925.0;0.3753;848.0;0.3603;898.0;0.3883;928.0;0.3805;838.0;0.3361;800.0;0.3162;987.0;0.399;986.0;0.3673;702.0;0.2869;644.0;0.2615;758.0;0.3039;792.0;0.3193;461.0;0.1724;514.0;0.2117;495.0;0.1861;550;0.2152;528.0;0.2193;470;0.1892;496;0.2027;334.0;0.1785;342.0;0.1404;402.0;0.1619;;;;
spiegel;children;73149;1.084;2554.0;1.0061;2405.0;0.9539;2523.0;0.983;2412.0;0.9547;2495.0;0.8927;2596.0;0.945;2743.0;1.0463;3234.0;1.3122;2427.0;1.0312;2155.0;0.9319;2691.0;1.1032;3043.0;1.2205;3264.0;1.2899;2842.0;1.1488;2898.0;1.0795;2790.0;1.1403;2467.0;1.0018;2871.0;1.151;3110.0;1.2538;2478.0;0.9266;2741.0;1.1288;2818.0;1.0596;3166;1.239;2662.0;1.1056;3012;1.2126;2494;1.0195;2254.0;1.2043;2785.0;1.1433;3849.0;1.55;;;;
spiegel;christians;15493;0.2296;888.0;0.3498;786.0;0.3117;670.0;0.261;852.0;0.3372;694.0;0.2483;630.0;0.2293;623.0;0.2376;493.0;0.2;552.0;0.2345;444.0;0.192;659.0;0.2702;668.0;0.2679;647.0;0.2557;597.0;0.2413;596.0;0.222;669.0;0.2734;590.0;0.2396;473.0;0.1896;572.0;0.2306;491.0;0.1836;519.0;0.2137;467.0;0.1756;444;0.1738;453.0;0.1881;384;0.1546;318;0.13;314.0;0.1678;309.0;0.1269;272.0;0.1095;;;;
spiegel;cisgender_and_heterosexuals;1162;0.0172;44.0;0.0173;81.0;0.0321;46.0;0.0179;70.0;0.0277;54.0;0.0193;75.0;0.0273;61.0;0.0233;41.0;0.0166;25.0;0.0106;38.0;0.0164;36.0;0.0148;46.0;0.0185;31.0;0.0123;31.0;0.0125;32.0;0.0119;44.0;0.018;18.0;0.0073;31.0;0.0124;34.0;0.0137;41.0;0.0153;34.0;0.014;54.0;0.0203;55;0.0215;45.0;0.0187;36;0.0145;23;0.0094;35.0;0.0187;63.0;0.0259;69.0;0.0278;;;;
spiegel;civil_servants;13520;0.2004;722.0;0.2844;790.0;0.3133;764.0;0.2977;566.0;0.224;581.0;0.2079;595.0;0.2166;542.0;0.2068;546.0;0.2215;573.0;0.2435;517.0;0.2236;552.0;0.2263;539.0;0.2162;553.0;0.2185;427.0;0.1726;400.0;0.149;473.0;0.1933;427.0;0.1734;469.0;0.188;451.0;0.1818;335.0;0.1253;420.0;0.173;395.0;0.1485;363;0.1421;363.0;0.1508;437;0.1759;422;0.1725;298.0;0.1592;322.0;0.1322;329.0;0.1325;;;;
spiegel;consumers_and_clients;56687;0.8401;2332.0;0.9186;2672.0;1.0598;2241.0;0.8731;2241.0;0.8871;2830.0;1.0126;3353.0;1.2205;2308.0;0.8804;2116.0;0.8585;1949.0;0.8281;1966.0;0.8502;2139.0;0.8769;2082.0;0.8351;2016.0;0.7967;2072.0;0.8375;1941.0;0.723;1785.0;0.7295;1751.0;0.711;2049.0;0.8214;2189.0;0.8825;1807.0;0.6757;2001.0;0.824;2035.0;0.7652;1928;0.7545;1757.0;0.7297;1835;0.7388;2004;0.8192;1227.0;0.6556;1997.0;0.8198;2066.0;0.832;;;;
spiegel;disabled_people;4005;0.0594;171.0;0.0674;175.0;0.0694;150.0;0.0584;176.0;0.0697;168.0;0.0601;174.0;0.0633;182.0;0.0694;148.0;0.06;140.0;0.0595;112.0;0.0484;147.0;0.0603;142.0;0.057;141.0;0.0557;107.0;0.0433;171.0;0.0637;99.0;0.0405;171.0;0.0694;221.0;0.0886;153.0;0.0617;159.0;0.0595;77.0;0.0317;145.0;0.0545;149;0.0583;142.0;0.059;160;0.0644;109;0.0446;116.0;0.062;115.0;0.0472;109.0;0.0439;;;;
spiegel;doctors;25406;0.3765;1065.0;0.4195;1085.0;0.4303;1254.0;0.4886;1162.0;0.46;1283.0;0.4591;1296.0;0.4718;1065.0;0.4063;1086.0;0.4406;897.0;0.3811;717.0;0.3101;882.0;0.3616;948.0;0.3802;933.0;0.3687;824.0;0.3331;1076.0;0.4008;825.0;0.3372;956.0;0.3882;1123.0;0.4502;908.0;0.3661;835.0;0.3122;902.0;0.3715;795.0;0.2989;643;0.2516;689.0;0.2862;729;0.2935;914;0.3736;514.0;0.2746;682.0;0.28;681.0;0.2742;;;;
spiegel;drug_addicts;4590;0.068;267.0;0.1052;225.0;0.0892;309.0;0.1204;213.0;0.0843;202.0;0.0723;219.0;0.0797;192.0;0.0732;191.0;0.0775;150.0;0.0637;152.0;0.0657;140.0;0.0574;210.0;0.0842;204.0;0.0806;178.0;0.0719;144.0;0.0536;138.0;0.0564;120.0;0.0487;135.0;0.0541;173.0;0.0697;146.0;0.0546;164.0;0.0675;126.0;0.0474;123;0.0481;144.0;0.0598;142;0.0572;128;0.0523;55.0;0.0294;100.0;0.0411;222.0;0.0894;;;;
spiegel;elderly;7061;0.1046;235.0;0.0926;241.0;0.0956;243.0;0.0947;272.0;0.1077;338.0;0.1209;314.0;0.1143;247.0;0.0942;243.0;0.0986;247.0;0.1049;277.0;0.1198;255.0;0.1045;279.0;0.1119;258.0;0.102;205.0;0.0829;243.0;0.0905;265.0;0.1083;229.0;0.093;242.0;0.097;318.0;0.1282;220.0;0.0823;240.0;0.0988;273.0;0.1026;241;0.0943;257.0;0.1067;254;0.1023;356;0.1455;268.0;0.1432;375.0;0.1539;418.0;0.1683;;;;
spiegel;employers;4434;0.0657;242.0;0.0953;381.0;0.1511;243.0;0.0947;228.0;0.0902;229.0;0.0819;154.0;0.0561;150.0;0.0572;230.0;0.0933;245.0;0.1041;260.0;0.1124;197.0;0.0808;224.0;0.0898;190.0;0.0751;141.0;0.057;137.0;0.051;102.0;0.0417;105.0;0.0426;129.0;0.0517;130.0;0.0524;102.0;0.0381;117.0;0.0482;73.0;0.0274;123;0.0481;78.0;0.0324;71;0.0286;98;0.0401;55.0;0.0294;126.0;0.0517;118.0;0.0475;;;;
spiegel;entrepreneur;92104;1.3649;3803.0;1.4981;3913.0;1.552;3932.0;1.532;4008.0;1.5865;4209.0;1.506;4597.0;1.6734;3625.0;1.3828;3792.0;1.5386;3333.0;1.4162;3277.0;1.4171;3372.0;1.3824;3287.0;1.3184;3289.0;1.2998;3812.0;1.5408;4434.0;1.6517;3383.0;1.3826;3294.0;1.3376;3741.0;1.4998;3507.0;1.4138;2664.0;0.9962;2686.0;1.1061;2817.0;1.0592;2818;1.1028;2599.0;1.0794;2704;1.0886;3042;1.2435;2166.0;1.1573;2918.0;1.1979;3237.0;1.3036;;;;
spiegel;ethnic_and_racial_minorities;5608;0.0831;269.0;0.106;265.0;0.1051;231.0;0.09;236.0;0.0934;222.0;0.0794;242.0;0.0881;213.0;0.0813;196.0;0.0795;141.0;0.0599;182.0;0.0787;173.0;0.0709;154.0;0.0618;184.0;0.0727;189.0;0.0764;173.0;0.0644;165.0;0.0674;121.0;0.0491;144.0;0.0577;192.0;0.0774;189.0;0.0707;202.0;0.0832;210.0;0.079;216;0.0845;225.0;0.0934;253;0.1019;340;0.139;281.0;0.1501;203.0;0.0833;233.0;0.0938;;;;
spiegel;extremists;22649;0.3356;1070.0;0.4215;842.0;0.334;967.0;0.3768;931.0;0.3685;774.0;0.2769;1079.0;0.3928;1039.0;0.3963;691.0;0.2804;559.0;0.2375;630.0;0.2724;712.0;0.2919;725.0;0.2908;661.0;0.2612;638.0;0.2579;646.0;0.2406;556.0;0.2272;766.0;0.3111;957.0;0.3837;779.0;0.314;756.0;0.2827;926.0;0.3813;1071.0;0.4027;1031;0.4035;920.0;0.3821;1172;0.4718;1102;0.4505;649.0;0.3468;766.0;0.3145;935.0;0.3765;;;;
spiegel;farmers_and_fishermen;12190;0.1806;534.0;0.2104;640.0;0.2538;514.0;0.2003;617.0;0.2442;597.0;0.2136;665.0;0.2421;823.0;0.3139;499.0;0.2025;377.0;0.1602;440.0;0.1903;468.0;0.1919;418.0;0.1677;490.0;0.1936;531.0;0.2146;415.0;0.1546;350.0;0.143;404.0;0.1641;294.0;0.1179;362.0;0.1459;366.0;0.1369;362.0;0.1491;328.0;0.1233;404;0.1581;390.0;0.162;360;0.1449;280;0.1145;262.0;0.14;372.0;0.1527;390.0;0.1571;;;;
spiegel;health_and_care_professionals;4006;0.0594;120.0;0.0473;111.0;0.044;109.0;0.0425;141.0;0.0558;174.0;0.0623;120.0;0.0437;139.0;0.053;127.0;0.0515;125.0;0.0531;109.0;0.0471;122.0;0.05;128.0;0.0513;133.0;0.0526;118.0;0.0477;118.0;0.044;108.0;0.0441;126.0;0.0512;145.0;0.0581;118.0;0.0476;150.0;0.0561;143.0;0.0589;127.0;0.0478;136;0.0532;207.0;0.086;201;0.0809;442;0.1807;209.0;0.1117;273.0;0.1121;229.0;0.0922;;;;
spiegel;homeless;1093;0.0162;70.0;0.0276;59.0;0.0234;70.0;0.0273;48.0;0.019;46.0;0.0165;49.0;0.0178;51.0;0.0195;33.0;0.0134;21.0;0.0089;34.0;0.0147;31.0;0.0127;22.0;0.0088;16.0;0.0063;16.0;0.0065;41.0;0.0153;43.0;0.0176;29.0;0.0118;24.0;0.0096;48.0;0.0194;44.0;0.0165;37.0;0.0152;46.0;0.0173;47;0.0184;73.0;0.0303;29;0.0117;36;0.0147;30.0;0.016;32.0;0.0131;61.0;0.0246;;;;
spiegel;housewife_and_househusband;845;0.0125;38.0;0.015;61.0;0.0242;58.0;0.0226;40.0;0.0158;61.0;0.0218;33.0;0.012;48.0;0.0183;20.0;0.0081;20.0;0.0085;25.0;0.0108;40.0;0.0164;31.0;0.0124;42.0;0.0166;28.0;0.0113;18.0;0.0067;20.0;0.0082;36.0;0.0146;34.0;0.0136;28.0;0.0113;16.0;0.006;22.0;0.0091;43.0;0.0162;26;0.0102;16.0;0.0066;15;0.006;14;0.0057;12.0;0.0064;14.0;0.0057;32.0;0.0129;;;;
spiegel;jews;15686;0.2325;903.0;0.3557;1055.0;0.4184;962.0;0.3748;876.0;0.3467;746.0;0.2669;773.0;0.2814;999.0;0.3811;575.0;0.2333;403.0;0.1712;400.0;0.173;571.0;0.2341;566.0;0.227;333.0;0.1316;462.0;0.1867;586.0;0.2183;458.0;0.1872;392.0;0.1592;435.0;0.1744;546.0;0.2201;397.0;0.1485;559.0;0.2302;415.0;0.156;498;0.1949;466.0;0.1935;485;0.1953;481;0.1966;340.0;0.1817;542.0;0.2225;814.0;0.3278;;;;
spiegel;journalists;14317;0.2122;453.0;0.1784;461.0;0.1828;436.0;0.1699;509.0;0.2015;583.0;0.2086;640.0;0.233;565.0;0.2155;561.0;0.2276;525.0;0.2231;449.0;0.1942;482.0;0.1976;629.0;0.2523;510.0;0.2015;569.0;0.23;648.0;0.2414;563.0;0.2301;591.0;0.24;549.0;0.2201;596.0;0.2403;512.0;0.1915;566.0;0.2331;581.0;0.2185;563;0.2203;530.0;0.2201;526;0.2118;382;0.1561;337.0;0.1801;457.0;0.1876;493.0;0.1985;;;;
spiegel;legal_professionals;21126;0.3131;982.0;0.3868;917.0;0.3637;913.0;0.3557;934.0;0.3697;900.0;0.322;1025.0;0.3731;885.0;0.3376;877.0;0.3558;741.0;0.3148;733.0;0.317;753.0;0.3087;829.0;0.3325;856.0;0.3383;772.0;0.312;833.0;0.3103;853.0;0.3486;811.0;0.3293;844.0;0.3384;869.0;0.3503;792.0;0.2962;690.0;0.2841;663.0;0.2493;606;0.2372;590.0;0.245;579;0.2331;482;0.197;396.0;0.2116;451.0;0.1851;434.0;0.1748;;;;
spiegel;lgbtqqia;4888;0.0724;191.0;0.0752;334.0;0.1325;212.0;0.0826;219.0;0.0867;189.0;0.0676;275.0;0.1001;202.0;0.0771;96.0;0.039;121.0;0.0514;137.0;0.0592;132.0;0.0541;118.0;0.0473;137.0;0.0541;131.0;0.053;169.0;0.063;197.0;0.0805;96.0;0.039;180.0;0.0722;266.0;0.1072;182.0;0.0681;266.0;0.1095;176.0;0.0662;211;0.0826;172.0;0.0714;189;0.0761;136;0.0556;153.0;0.0817;303.0;0.1244;298.0;0.12;;;;
spiegel;lower_class;7748;0.1148;247.0;0.0973;342.0;0.1356;295.0;0.1149;300.0;0.1187;278.0;0.0995;252.0;0.0917;217.0;0.0828;236.0;0.0958;246.0;0.1045;277.0;0.1198;333.0;0.1365;422.0;0.1693;355.0;0.1403;359.0;0.1451;291.0;0.1084;271.0;0.1108;251.0;0.1019;318.0;0.1275;312.0;0.1258;227.0;0.0849;228.0;0.0939;377.0;0.1418;287;0.1123;268.0;0.1113;269;0.1083;255;0.1042;235.0;0.1256;319.0;0.131;292.0;0.1176;;;;
spiegel;married_people;4987;0.0739;142.0;0.0559;263.0;0.1043;201.0;0.0783;204.0;0.0807;192.0;0.0687;290.0;0.1056;217.0;0.0828;161.0;0.0653;148.0;0.0629;166.0;0.0718;232.0;0.0951;205.0;0.0822;193.0;0.0763;176.0;0.0711;204.0;0.076;161.0;0.0658;148.0;0.0601;208.0;0.0834;216.0;0.0871;134.0;0.0501;162.0;0.0667;209.0;0.0786;263;0.1029;170.0;0.0706;121;0.0487;97;0.0396;102.0;0.0545;139.0;0.0571;230.0;0.0926;;;;
spiegel;men;40195;0.5957;1382.0;0.5444;1542.0;0.6116;1543.0;0.6012;1675.0;0.663;1669.0;0.5972;1678.0;0.6108;1691.0;0.645;1231.0;0.4995;1254.0;0.5328;1397.0;0.6041;1305.0;0.535;1570.0;0.6297;1472.0;0.5817;1605.0;0.6488;1357.0;0.5055;1336.0;0.546;1398.0;0.5677;1625.0;0.6515;1498.0;0.6039;1355.0;0.5067;1513.0;0.6231;1847.0;0.6945;1718;0.6724;1774.0;0.7368;1515;0.6099;1203;0.4917;1041.0;0.5562;1410.0;0.5788;1742.0;0.7015;;;;
spiegel;middle_class;2100;0.0311;50.0;0.0197;58.0;0.023;64.0;0.0249;76.0;0.0301;51.0;0.0182;49.0;0.0178;38.0;0.0145;74.0;0.03;26.0;0.011;53.0;0.0229;42.0;0.0172;73.0;0.0293;76.0;0.03;117.0;0.0473;63.0;0.0235;102.0;0.0417;76.0;0.0309;99.0;0.0397;78.0;0.0314;90.0;0.0337;86.0;0.0354;176.0;0.0662;135;0.0528;87.0;0.0361;80;0.0322;118;0.0482;63.0;0.0337;117.0;0.048;88.0;0.0354;;;;
spiegel;multiple_or_other_specific_religious_or_minority_groups;3017;0.0447;151.0;0.0595;124.0;0.0492;88.0;0.0343;91.0;0.036;97.0;0.0347;113.0;0.0411;138.0;0.0526;116.0;0.0471;106.0;0.045;94.0;0.0406;117.0;0.048;166.0;0.0666;122.0;0.0482;106.0;0.0428;126.0;0.0469;104.0;0.0425;111.0;0.0451;115.0;0.0461;126.0;0.0508;90.0;0.0337;115.0;0.0474;138.0;0.0519;109;0.0427;119.0;0.0494;76;0.0306;80;0.0327;79.0;0.0422;82.0;0.0337;107.0;0.0431;;;;
spiegel;muslims;11097;0.1645;223.0;0.0878;140.0;0.0555;205.0;0.0799;250.0;0.099;87.0;0.0311;171.0;0.0622;566.0;0.2159;390.0;0.1582;406.0;0.1725;570.0;0.2465;450.0;0.1845;786.0;0.3153;538.0;0.2126;333.0;0.1346;500.0;0.1863;617.0;0.2522;570.0;0.2315;472.0;0.1892;409.0;0.1649;503.0;0.1881;740.0;0.3047;779.0;0.2929;458;0.1792;344.0;0.1429;224;0.0902;222;0.0907;144.0;0.0769;126.0;0.0517;249.0;0.1003;;;;
spiegel;offenders_criminals_prisoners_and_or_accused_people;37633;0.5577;1759.0;0.6929;1731.0;0.6865;1970.0;0.7675;1710.0;0.6769;1675.0;0.5993;1631.0;0.5937;1795.0;0.6847;1437.0;0.583;1240.0;0.5269;1129.0;0.4882;1296.0;0.5313;1270.0;0.5094;1451.0;0.5734;1433.0;0.5792;1348.0;0.5021;1356.0;0.5542;1400.0;0.5685;1209.0;0.4847;1282.0;0.5168;1120.0;0.4188;1267.0;0.5218;1536.0;0.5775;1306;0.5111;1254.0;0.5208;1156;0.4654;1125;0.4599;746.0;0.3986;929.0;0.3814;1228.0;0.4945;;;;
spiegel;other_profession;98258;1.4561;4431.0;1.7454;4653.0;1.8455;4632.0;1.8047;4544.0;1.7986;5095.0;1.823;5506.0;2.0043;4685.0;1.7871;4325.0;1.7548;3825.0;1.6252;3615.0;1.5633;3657.0;1.4993;3830.0;1.5362;3837.0;1.5164;3444.0;1.3921;3739.0;1.3928;3294.0;1.3463;3194.0;1.297;3287.0;1.3178;3321.0;1.3388;2896.0;1.0829;2850.0;1.1737;2976.0;1.119;2695;1.0547;2573.0;1.0686;2776;1.1176;2585;1.0567;1992.0;1.0643;2847.0;1.1688;2897.0;1.1666;;;;
spiegel;parents_and_families;40272;0.5968;1224.0;0.4822;1106.0;0.4387;1278.0;0.4979;1342.0;0.5312;1353.0;0.4841;1379.0;0.502;1460.0;0.5569;1593.0;0.6463;1136.0;0.4827;1049.0;0.4536;1547.0;0.6342;1732.0;0.6947;1726.0;0.6821;1665.0;0.673;1751.0;0.6523;1483.0;0.6061;1458.0;0.5921;1663.0;0.6667;1834.0;0.7394;1347.0;0.5037;1803.0;0.7425;1703.0;0.6403;1873;0.733;1703.0;0.7073;1569;0.6317;1440;0.5886;1054.0;0.5632;1670.0;0.6856;2096.0;0.8441;;;;
spiegel;patients;21039;0.3118;921.0;0.3628;764.0;0.303;995.0;0.3877;844.0;0.3341;969.0;0.3467;998.0;0.3633;773.0;0.2949;754.0;0.3059;757.0;0.3216;702.0;0.3036;711.0;0.2915;758.0;0.304;689.0;0.2723;719.0;0.2906;879.0;0.3274;557.0;0.2276;811.0;0.3293;846.0;0.3392;761.0;0.3068;760.0;0.2842;693.0;0.2854;598.0;0.2249;612;0.2395;652.0;0.2708;739;0.2975;1178;0.4815;599.0;0.32;829.0;0.3403;895.0;0.3604;;;;
spiegel;people_with_an_immigration_background_including_immigrants;48436;0.7178;1608.0;0.6334;1624.0;0.6441;1625.0;0.6331;1825.0;0.7224;1800.0;0.6441;1794.0;0.653;1648.0;0.6286;1533.0;0.622;952.0;0.4045;1175.0;0.5081;1292.0;0.5297;1463.0;0.5868;1149.0;0.4541;1132.0;0.4576;1114.0;0.415;1408.0;0.5755;1135.0;0.4609;1007.0;0.4037;1391.0;0.5608;1784.0;0.6671;4298.0;1.77;4831.0;1.8165;2749;1.0758;3233.0;1.3428;1948;0.7843;1732;0.708;1185.0;0.6331;1645.0;0.6753;2276.0;0.9166;;;;
spiegel;politicians_and_high_ranking_officials;320167;4.7447;13708.0;5.3998;11028.0;4.3739;12159.0;4.7373;14498.0;5.7387;13509.0;4.8337;13388.0;4.8734;12071.0;4.6046;12836.0;5.208;9742.0;4.1393;10717.0;4.6345;13551.0;5.5555;11377.0;4.5633;11714.0;4.6293;12082.0;4.8836;12491.0;4.653;11866.0;4.8496;11422.0;4.6382;11290.0;4.5262;12085.0;4.8719;8380.0;3.1336;7792.0;3.2088;11738.0;4.4135;13144;5.144;12895.0;5.3557;13112;5.2789;10443;4.2687;11126.0;5.9446;10601.0;4.352;12294.0;4.9509;;;;
spiegel;prostitutes;2291;0.034;107.0;0.0421;130.0;0.0516;125.0;0.0487;128.0;0.0507;119.0;0.0426;128.0;0.0466;145.0;0.0553;83.0;0.0337;93.0;0.0395;70.0;0.0303;120.0;0.0492;104.0;0.0417;59.0;0.0233;72.0;0.0291;85.0;0.0317;71.0;0.029;59.0;0.024;63.0;0.0253;133.0;0.0536;48.0;0.0179;94.0;0.0387;59.0;0.0222;64;0.025;38.0;0.0158;39;0.0157;31;0.0127;24.0;0.0128;36.0;0.0148;77.0;0.031;;;;
spiegel;real_estate_owner;1321;0.0196;57.0;0.0225;29.0;0.0115;54.0;0.021;59.0;0.0234;44.0;0.0157;34.0;0.0124;31.0;0.0118;26.0;0.0105;30.0;0.0127;27.0;0.0117;49.0;0.0201;31.0;0.0124;53.0;0.0209;45.0;0.0182;71.0;0.0264;66.0;0.027;42.0;0.0171;51.0;0.0204;64.0;0.0258;67.0;0.0251;47.0;0.0194;47.0;0.0177;40;0.0157;52.0;0.0216;64;0.0258;74;0.0302;67.0;0.0358;111.0;0.0456;159.0;0.064;;;;
spiegel;retirees;6631;0.0983;211.0;0.0831;352.0;0.1396;294.0;0.1145;259.0;0.1025;408.0;0.146;306.0;0.1114;256.0;0.0977;185.0;0.0751;241.0;0.1024;308.0;0.1332;278.0;0.114;223.0;0.0894;279.0;0.1103;217.0;0.0877;275.0;0.1024;185.0;0.0756;171.0;0.0694;246.0;0.0986;268.0;0.108;199.0;0.0744;183.0;0.0754;232.0;0.0872;201;0.0787;255.0;0.1059;234;0.0942;234;0.0957;131.0;0.07;192.0;0.0788;184.0;0.0741;;;;
spiegel;scientists_and_professors;35773;0.5301;1542.0;0.6074;1526.0;0.6052;1547.0;0.6027;1702.0;0.6737;1668.0;0.5968;2046.0;0.7448;1587.0;0.6054;1396.0;0.5664;1279.0;0.5434;1346.0;0.5821;1479.0;0.6063;1439.0;0.5772;1528.0;0.6039;1367.0;0.5526;1329.0;0.4951;1060.0;0.4332;1070.0;0.4345;1153.0;0.4622;1205.0;0.4858;841.0;0.3145;903.0;0.3719;1154.0;0.4339;1107;0.4332;1016.0;0.422;1200;0.4831;1276;0.5216;1006.0;0.5375;1140.0;0.468;1149.0;0.4627;;;;
spiegel;security_forces;47037;0.6971;2073.0;0.8166;2316.0;0.9186;2223.0;0.8661;1826.0;0.7228;2232.0;0.7986;1829.0;0.6658;2196.0;0.8377;1806.0;0.7328;1831.0;0.778;1458.0;0.6305;1603.0;0.6572;1556.0;0.6241;1848.0;0.7303;1670.0;0.675;1799.0;0.6701;1682.0;0.6874;1884.0;0.765;1790.0;0.7176;1642.0;0.662;1477.0;0.5523;1574.0;0.6482;1683.0;0.6328;1675;0.6555;1186.0;0.4926;1413;0.5689;1768;0.7227;996.0;0.5322;1268.0;0.5205;1302.0;0.5243;;;;
spiegel;self_employed_and_freelancers;1840;0.0273;59.0;0.0232;82.0;0.0325;101.0;0.0394;85.0;0.0336;129.0;0.0462;77.0;0.028;40.0;0.0153;84.0;0.0341;82.0;0.0348;74.0;0.032;74.0;0.0303;78.0;0.0313;63.0;0.0249;52.0;0.021;54.0;0.0201;42.0;0.0172;33.0;0.0134;56.0;0.0225;54.0;0.0218;51.0;0.0191;67.0;0.0276;64.0;0.0241;50;0.0196;37.0;0.0154;64;0.0258;133;0.0544;55.0;0.0294;40.0;0.0164;56.0;0.0226;;;;
spiegel;single;2294;0.034;73.0;0.0288;100.0;0.0397;124.0;0.0483;90.0;0.0356;111.0;0.0397;139.0;0.0506;75.0;0.0286;77.0;0.0312;69.0;0.0293;81.0;0.035;79.0;0.0324;136.0;0.0545;63.0;0.0249;76.0;0.0307;70.0;0.0261;67.0;0.0274;50.0;0.0203;90.0;0.0361;83.0;0.0335;68.0;0.0254;47.0;0.0194;99.0;0.0372;94;0.0368;74.0;0.0307;82;0.033;98;0.0401;78.0;0.0417;87.0;0.0357;107.0;0.0431;;;;
spiegel;skilled_or_qualified;4094;0.0607;136.0;0.0536;158.0;0.0627;177.0;0.069;140.0;0.0554;156.0;0.0558;265.0;0.0965;138.0;0.0526;184.0;0.0747;88.0;0.0374;157.0;0.0679;164.0;0.0672;256.0;0.1027;228.0;0.0901;209.0;0.0845;123.0;0.0458;167.0;0.0683;144.0;0.0585;126.0;0.0505;150.0;0.0605;127.0;0.0475;127.0;0.0523;152.0;0.0572;136;0.0532;94.0;0.039;127;0.0511;88;0.036;76.0;0.0406;106.0;0.0435;116.0;0.0467;;;;
spiegel;soldiers;29411;0.4359;1746.0;0.6878;1347.0;0.5342;1227.0;0.4781;991.0;0.3923;1778.0;0.6362;1089.0;0.3964;1519.0;0.5794;1425.0;0.5782;1586.0;0.6739;1387.0;0.5998;1051.0;0.4309;1189.0;0.4769;1218.0;0.4813;1057.0;0.4272;1291.0;0.4809;1208.0;0.4937;1074.0;0.4361;892.0;0.3576;839.0;0.3382;929.0;0.3474;831.0;0.3422;687.0;0.2583;771;0.3017;542.0;0.2251;606;0.244;580;0.2371;551.0;0.2944;1111.0;0.4561;992.0;0.3995;;;;
spiegel;teachers_and_educators;9335;0.1383;322.0;0.1268;349.0;0.1384;297.0;0.1157;341.0;0.135;271.0;0.097;306.0;0.1114;352.0;0.1343;605.0;0.2455;442.0;0.1878;260.0;0.1124;283.0;0.116;393.0;0.1576;387.0;0.1529;449.0;0.1815;354.0;0.1319;287.0;0.1173;271.0;0.11;386.0;0.1547;360.0;0.1451;274.0;0.1025;321.0;0.1322;315.0;0.1184;376;0.1472;326.0;0.1354;265;0.1067;459;0.1876;284.0;0.1517;287.0;0.1178;512.0;0.2062;;;;
spiegel;tenants;2016;0.0299;115.0;0.0453;80.0;0.0317;67.0;0.0261;109.0;0.0431;89.0;0.0318;51.0;0.0186;63.0;0.024;31.0;0.0126;48.0;0.0204;59.0;0.0255;72.0;0.0295;39.0;0.0156;65.0;0.0257;37.0;0.015;69.0;0.0257;73.0;0.0298;70.0;0.0284;77.0;0.0309;103.0;0.0415;74.0;0.0277;50.0;0.0206;81.0;0.0305;60;0.0235;109.0;0.0453;109;0.0439;112;0.0458;104.0;0.0556;96.0;0.0394;143.0;0.0576;;;;
spiegel;terrorists_rebels_revolutionaries_and_or_movements_of_armed_resistance;16286;0.2413;535.0;0.2107;454.0;0.1801;564.0;0.2197;441.0;0.1746;389.0;0.1392;374.0;0.1361;1044.0;0.3982;743.0;0.3015;646.0;0.2745;639.0;0.2763;578.0;0.237;678.0;0.2719;1177.0;0.4651;537.0;0.2171;628.0;0.2339;541.0;0.2211;599.0;0.2432;616.0;0.247;592.0;0.2387;652.0;0.2438;844.0;0.3476;924.0;0.3474;705;0.2759;385.0;0.1599;418;0.1683;305;0.1247;278.0;0.1485;360.0;0.1478;519.0;0.209;;;;
spiegel;unemployed;9991;0.1481;286.0;0.1127;542.0;0.215;664.0;0.2587;643.0;0.2545;386.0;0.1381;289.0;0.1052;461.0;0.1759;738.0;0.2994;645.0;0.2741;732.0;0.3165;746.0;0.3058;574.0;0.2302;461.0;0.1822;303.0;0.1225;345.0;0.1285;288.0;0.1177;177.0;0.0719;222.0;0.089;263.0;0.106;163.0;0.061;131.0;0.0539;153.0;0.0575;180;0.0704;159.0;0.066;154;0.062;190;0.0777;96.0;0.0513;104.0;0.0427;118.0;0.0475;;;;
spiegel;unskilled_or_unqualified;2938;0.0435;104.0;0.041;98.0;0.0389;137.0;0.0534;95.0;0.0376;122.0;0.0437;120.0;0.0437;104.0;0.0397;125.0;0.0507;72.0;0.0306;113.0;0.0489;134.0;0.0549;158.0;0.0634;160.0;0.0632;128.0;0.0517;107.0;0.0399;114.0;0.0466;74.0;0.03;84.0;0.0337;107.0;0.0431;108.0;0.0404;83.0;0.0342;151.0;0.0568;111;0.0434;85.0;0.0353;113;0.0455;69;0.0282;62.0;0.0331;50.0;0.0205;79.0;0.0318;;;;
spiegel;upper_class;6283;0.0931;186.0;0.0733;274.0;0.1087;285.0;0.111;291.0;0.1152;262.0;0.0937;227.0;0.0826;179.0;0.0683;240.0;0.0974;206.0;0.0875;237.0;0.1025;270.0;0.1107;260.0;0.1043;230.0;0.0909;229.0;0.0926;247.0;0.092;214.0;0.0875;218.0;0.0885;271.0;0.1086;261.0;0.1052;176.0;0.0658;188.0;0.0774;298.0;0.112;246;0.0963;171.0;0.071;201;0.0809;213;0.0871;203.0;0.1085;269.0;0.1104;216.0;0.087;;;;
spiegel;wage_and_salary_earners;62120;0.9206;2532.0;0.9974;3142.0;1.2462;2961.0;1.1536;2512.0;0.9943;2832.0;1.0133;2499.0;0.9097;2213.0;0.8442;2585.0;1.0488;2629.0;1.1171;2659.0;1.1499;2821.0;1.1565;2829.0;1.1347;2918.0;1.1532;2432.0;0.983;2556.0;0.9521;1972.0;0.806;1750.0;0.7106;2176.0;0.8724;2089.0;0.8422;1807.0;0.6757;1713.0;0.7054;1718.0;0.646;1889;0.7393;1635.0;0.6791;1732;0.6973;2124;0.8682;1394.0;0.7448;1934.0;0.794;2088.0;0.8409;;;;
spiegel;women;72432;1.0734;2557.0;1.0072;2638.0;1.0463;2579.0;1.0048;3077.0;1.218;3151.0;1.1275;3133.0;1.1405;2772.0;1.0574;2346.0;0.9519;2122.0;0.9016;2163.0;0.9354;2307.0;0.9458;2649.0;1.0625;2806.0;1.1089;2717.0;1.0982;2494.0;0.929;2284.0;0.9335;2774.0;1.1265;3110.0;1.2468;3206.0;1.2925;2065.0;0.7722;2648.0;1.0905;3029.0;1.1389;3114;1.2187;3245.0;1.3477;2883;1.1607;2182;0.8919;2379.0;1.2711;3180.0;1.3055;3658.0;1.4731;;;;
spiegel;young_adults;32557;0.4825;1304.0;0.5137;1354.0;0.537;1314.0;0.5119;1395.0;0.5522;1608.0;0.5754;1484.0;0.5402;1268.0;0.4837;1193.0;0.484;927.0;0.3939;1042.0;0.4506;1125.0;0.4612;1326.0;0.5319;1303.0;0.5149;1317.0;0.5323;1147.0;0.4273;1152.0;0.4708;1090.0;0.4426;1169.0;0.4687;1142.0;0.4604;969.0;0.3624;1150.0;0.4736;1297.0;0.4877;1089;0.4262;1150.0;0.4776;1237;0.498;983;0.4018;1021.0;0.5455;1316.0;0.5403;1636.0;0.6588;;;;
sz;athletes;43703;1.6059;;;;;;;;;;;;;;;;;;;;;;;;;;;;;;;;;;;;;;;;;7426.0;1.5047;15650.0;1.6433;4808;1.5895;7657.0;1.6126;1450;1.6612;6712;1.6336;;;;;;;;;;
sz;authors_and_artists;20217;0.7429;;;;;;;;;;;;;;;;;;;;;;;;;;;;;;;;;;;;;;;;;3816.0;0.7732;7214.0;0.7575;2283;0.7547;3374.0;0.7106;673;0.771;2857;0.6954;;;;;;;;;;
sz;capital_owners_investors_and_shareholders;8119;0.2983;;;;;;;;;;;;;;;;;;;;;;;;;;;;;;;;;;;;;;;;;1459.0;0.2956;2720.0;0.2856;819;0.2708;1361.0;0.2866;284;0.3254;1476;0.3592;;;;;;;;;;
sz;car_drivers;3262;0.1199;;;;;;;;;;;;;;;;;;;;;;;;;;;;;;;;;;;;;;;;;600.0;0.1216;1292.0;0.1357;381;0.126;530.0;0.1116;105;0.1203;354;0.0862;;;;;;;;;;
sz;ceos_and_corporate_leaders;3562;0.1309;;;;;;;;;;;;;;;;;;;;;;;;;;;;;;;;;;;;;;;;;621.0;0.1258;1230.0;0.1292;438;0.1448;612.0;0.1289;98;0.1123;563;0.137;;;;;;;;;;
sz;children;35642;1.3097;;;;;;;;;;;;;;;;;;;;;;;;;;;;;;;;;;;;;;;;;7379.0;1.4952;11861.0;1.2454;4030;1.3323;5740.0;1.2088;1184;1.3564;5448;1.326;;;;;;;;;;
sz;christians;5068;0.1862;;;;;;;;;;;;;;;;;;;;;;;;;;;;;;;;;;;;;;;;;953.0;0.1931;1706.0;0.1791;649;0.2146;941.0;0.1982;166;0.1902;653;0.1589;;;;;;;;;;
sz;cisgender_and_heterosexuals;288;0.0106;;;;;;;;;;;;;;;;;;;;;;;;;;;;;;;;;;;;;;;;;45.0;0.0091;96.0;0.0101;33;0.0109;56.0;0.0118;10;0.0115;48;0.0117;;;;;;;;;;
sz;civil_servants;1878;0.069;;;;;;;;;;;;;;;;;;;;;;;;;;;;;;;;;;;;;;;;;345.0;0.0699;694.0;0.0729;226;0.0747;304.0;0.064;46;0.0527;263;0.064;;;;;;;;;;
sz;consumers_and_clients;34752;1.277;;;;;;;;;;;;;;;;;;;;;;;;;;;;;;;;;;;;;;;;;6228.0;1.2619;12662.0;1.3296;3763;1.244;5895.0;1.2415;1111;1.2728;5093;1.2396;;;;;;;;;;
sz;disabled_people;2687;0.0987;;;;;;;;;;;;;;;;;;;;;;;;;;;;;;;;;;;;;;;;;571.0;0.1157;958.0;0.1006;271;0.0896;480.0;0.1011;68;0.0779;339;0.0825;;;;;;;;;;
sz;doctors;4567;0.1678;;;;;;;;;;;;;;;;;;;;;;;;;;;;;;;;;;;;;;;;;827.0;0.1676;1490.0;0.1565;456;0.1508;721.0;0.1518;146;0.1673;927;0.2256;;;;;;;;;;
sz;drug_addicts;953;0.035;;;;;;;;;;;;;;;;;;;;;;;;;;;;;;;;;;;;;;;;;202.0;0.0409;366.0;0.0384;116;0.0383;131.0;0.0276;24;0.0275;114;0.0277;;;;;;;;;;
sz;elderly;2941;0.1081;;;;;;;;;;;;;;;;;;;;;;;;;;;;;;;;;;;;;;;;;570.0;0.1155;934.0;0.0981;323;0.1068;480.0;0.1011;105;0.1203;529;0.1288;;;;;;;;;;
sz;employers;1195;0.0439;;;;;;;;;;;;;;;;;;;;;;;;;;;;;;;;;;;;;;;;;254.0;0.0515;338.0;0.0355;144;0.0476;240.0;0.0505;29;0.0332;190;0.0462;;;;;;;;;;
sz;entrepreneur;26064;0.9578;;;;;;;;;;;;;;;;;;;;;;;;;;;;;;;;;;;;;;;;;4529.0;0.9177;9084.0;0.9539;2854;0.9435;4447.0;0.9365;781;0.8947;4369;1.0633;;;;;;;;;;
sz;ethnic_and_racial_minorities;1332;0.0489;;;;;;;;;;;;;;;;;;;;;;;;;;;;;;;;;;;;;;;;;211.0;0.0428;382.0;0.0401;148;0.0489;274.0;0.0577;46;0.0527;271;0.066;;;;;;;;;;
sz;extremists;4799;0.1763;;;;;;;;;;;;;;;;;;;;;;;;;;;;;;;;;;;;;;;;;964.0;0.1953;1550.0;0.1628;459;0.1517;899.0;0.1893;163;0.1867;764;0.1859;;;;;;;;;;
sz;farmers_and_fishermen;4128;0.1517;;;;;;;;;;;;;;;;;;;;;;;;;;;;;;;;;;;;;;;;;749.0;0.1518;1460.0;0.1533;422;0.1395;732.0;0.1542;172;0.1971;593;0.1443;;;;;;;;;;
sz;health_and_care_professionals;2300;0.0845;;;;;;;;;;;;;;;;;;;;;;;;;;;;;;;;;;;;;;;;;364.0;0.0738;638.0;0.067;226;0.0747;455.0;0.0958;75;0.0859;542;0.1319;;;;;;;;;;
sz;homeless;930;0.0342;;;;;;;;;;;;;;;;;;;;;;;;;;;;;;;;;;;;;;;;;168.0;0.034;315.0;0.0331;101;0.0334;223.0;0.047;30;0.0344;93;0.0226;;;;;;;;;;
sz;housewife_and_househusband;144;0.0053;;;;;;;;;;;;;;;;;;;;;;;;;;;;;;;;;;;;;;;;;32.0;0.0065;48.0;0.005;15;0.005;21.0;0.0044;3;0.0034;25;0.0061;;;;;;;;;;
sz;jews;3029;0.1113;;;;;;;;;;;;;;;;;;;;;;;;;;;;;;;;;;;;;;;;;560.0;0.1135;884.0;0.0928;326;0.1078;657.0;0.1384;112;0.1283;490;0.1193;;;;;;;;;;
sz;journalists;4345;0.1597;;;;;;;;;;;;;;;;;;;;;;;;;;;;;;;;;;;;;;;;;846.0;0.1714;1458.0;0.1531;427;0.1412;832.0;0.1752;147;0.1684;635;0.1545;;;;;;;;;;
sz;legal_professionals;3314;0.1218;;;;;;;;;;;;;;;;;;;;;;;;;;;;;;;;;;;;;;;;;611.0;0.1238;1142.0;0.1199;362;0.1197;589.0;0.124;85;0.0974;525;0.1278;;;;;;;;;;
sz;lgbtqqia;1217;0.0447;;;;;;;;;;;;;;;;;;;;;;;;;;;;;;;;;;;;;;;;;239.0;0.0484;424.0;0.0445;167;0.0552;175.0;0.0369;43;0.0493;169;0.0411;;;;;;;;;;
sz;lower_class;2163;0.0795;;;;;;;;;;;;;;;;;;;;;;;;;;;;;;;;;;;;;;;;;359.0;0.0727;822.0;0.0863;255;0.0843;396.0;0.0834;74;0.0848;257;0.0625;;;;;;;;;;
sz;married_people;1285;0.0472;;;;;;;;;;;;;;;;;;;;;;;;;;;;;;;;;;;;;;;;;269.0;0.0545;446.0;0.0468;160;0.0529;199.0;0.0419;32;0.0367;179;0.0436;;;;;;;;;;
sz;men;11948;0.439;;;;;;;;;;;;;;;;;;;;;;;;;;;;;;;;;;;;;;;;;2158.0;0.4373;4134.0;0.4341;1381;0.4566;2221.0;0.4677;393;0.4502;1661;0.4043;;;;;;;;;;
sz;middle_class;562;0.0207;;;;;;;;;;;;;;;;;;;;;;;;;;;;;;;;;;;;;;;;;72.0;0.0146;218.0;0.0229;64;0.0212;133.0;0.028;11;0.0126;64;0.0156;;;;;;;;;;
sz;multiple_or_other_specific_religious_or_minority_groups;635;0.0233;;;;;;;;;;;;;;;;;;;;;;;;;;;;;;;;;;;;;;;;;127.0;0.0257;250.0;0.0263;59;0.0195;104.0;0.0219;15;0.0172;80;0.0195;;;;;;;;;;
sz;muslims;2133;0.0784;;;;;;;;;;;;;;;;;;;;;;;;;;;;;;;;;;;;;;;;;572.0;0.1159;888.0;0.0932;232;0.0767;271.0;0.0571;33;0.0378;137;0.0333;;;;;;;;;;
sz;offenders_criminals_prisoners_and_or_accused_people;10097;0.371;;;;;;;;;;;;;;;;;;;;;;;;;;;;;;;;;;;;;;;;;1768.0;0.3582;3916.0;0.4112;1161;0.3838;1797.0;0.3784;274;0.3139;1181;0.2874;;;;;;;;;;
sz;other_profession;33719;1.2391;;;;;;;;;;;;;;;;;;;;;;;;;;;;;;;;;;;;;;;;;6471.0;1.3112;11957.0;1.2555;3614;1.1948;5664.0;1.1928;1038;1.1892;4975;1.2108;;;;;;;;;;
sz;parents_and_families;15918;0.5849;;;;;;;;;;;;;;;;;;;;;;;;;;;;;;;;;;;;;;;;;3139.0;0.636;5251.0;0.5514;1852;0.6123;2599.0;0.5473;517;0.5923;2560;0.6231;;;;;;;;;;
sz;patients;4982;0.1831;;;;;;;;;;;;;;;;;;;;;;;;;;;;;;;;;;;;;;;;;844.0;0.171;1492.0;0.1567;476;0.1574;773.0;0.1628;148;0.1696;1249;0.304;;;;;;;;;;
sz;people_with_an_immigration_background_including_immigrants;25492;0.9367;;;;;;;;;;;;;;;;;;;;;;;;;;;;;;;;;;;;;;;;;7174.0;1.4536;10624.0;1.1156;2164;0.7154;3383.0;0.7125;392;0.4491;1755;0.4271;;;;;;;;;;
sz;politicians_and_high_ranking_officials;79019;2.9037;;;;;;;;;;;;;;;;;;;;;;;;;;;;;;;;;;;;;;;;;11913.0;2.4139;23664.0;2.4848;9061;2.9955;16475.0;3.4696;2969;3.4014;14937;3.6354;;;;;;;;;;
sz;prostitutes;463;0.017;;;;;;;;;;;;;;;;;;;;;;;;;;;;;;;;;;;;;;;;;91.0;0.0184;182.0;0.0191;57;0.0188;50.0;0.0105;17;0.0195;66;0.0161;;;;;;;;;;
sz;real_estate_owner;1922;0.0706;;;;;;;;;;;;;;;;;;;;;;;;;;;;;;;;;;;;;;;;;296.0;0.06;696.0;0.0731;247;0.0817;436.0;0.0918;43;0.0493;204;0.0497;;;;;;;;;;
sz;retirees;3257;0.1197;;;;;;;;;;;;;;;;;;;;;;;;;;;;;;;;;;;;;;;;;589.0;0.1193;1210.0;0.1271;341;0.1127;579.0;0.1219;101;0.1157;437;0.1064;;;;;;;;;;
sz;scientists_and_professors;8242;0.3029;;;;;;;;;;;;;;;;;;;;;;;;;;;;;;;;;;;;;;;;;1547.0;0.3135;2866.0;0.3009;845;0.2794;1394.0;0.2936;273;0.3128;1317;0.3205;;;;;;;;;;
sz;security_forces;11646;0.4279;;;;;;;;;;;;;;;;;;;;;;;;;;;;;;;;;;;;;;;;;1994.0;0.404;4365.0;0.4583;1345;0.4447;2016.0;0.4246;305;0.3494;1621;0.3945;;;;;;;;;;
sz;self_employed_and_freelancers;727;0.0267;;;;;;;;;;;;;;;;;;;;;;;;;;;;;;;;;;;;;;;;;116.0;0.0235;204.0;0.0214;89;0.0294;102.0;0.0215;21;0.0241;195;0.0475;;;;;;;;;;
sz;single;900;0.0331;;;;;;;;;;;;;;;;;;;;;;;;;;;;;;;;;;;;;;;;;149.0;0.0302;296.0;0.0311;104;0.0344;136.0;0.0286;38;0.0435;177;0.0431;;;;;;;;;;
sz;skilled_or_qualified;1323;0.0486;;;;;;;;;;;;;;;;;;;;;;;;;;;;;;;;;;;;;;;;;279.0;0.0565;560.0;0.0588;135;0.0446;185.0;0.039;20;0.0229;144;0.035;;;;;;;;;;
sz;soldiers;3117;0.1145;;;;;;;;;;;;;;;;;;;;;;;;;;;;;;;;;;;;;;;;;637.0;0.1291;952.0;0.1;388;0.1283;509.0;0.1072;118;0.1352;513;0.1249;;;;;;;;;;
sz;teachers_and_educators;4169;0.1532;;;;;;;;;;;;;;;;;;;;;;;;;;;;;;;;;;;;;;;;;934.0;0.1893;1208.0;0.1268;393;0.1299;749.0;0.1577;100;0.1146;785;0.1911;;;;;;;;;;
sz;tenants;2717;0.0998;;;;;;;;;;;;;;;;;;;;;;;;;;;;;;;;;;;;;;;;;460.0;0.0932;884.0;0.0928;332;0.1098;688.0;0.1449;68;0.0779;285;0.0694;;;;;;;;;;
sz;terrorists_rebels_revolutionaries_and_or_movements_of_armed_resistance;2716;0.0998;;;;;;;;;;;;;;;;;;;;;;;;;;;;;;;;;;;;;;;;;615.0;0.1246;1128.0;0.1184;300;0.0992;354.0;0.0746;55;0.063;264;0.0643;;;;;;;;;;
sz;unemployed;1450;0.0533;;;;;;;;;;;;;;;;;;;;;;;;;;;;;;;;;;;;;;;;;307.0;0.0622;436.0;0.0458;178;0.0588;255.0;0.0537;36;0.0412;238;0.0579;;;;;;;;;;
sz;unskilled_or_unqualified;593;0.0218;;;;;;;;;;;;;;;;;;;;;;;;;;;;;;;;;;;;;;;;;115.0;0.0233;216.0;0.0227;76;0.0251;98.0;0.0206;17;0.0195;71;0.0173;;;;;;;;;;
sz;upper_class;1275;0.0469;;;;;;;;;;;;;;;;;;;;;;;;;;;;;;;;;;;;;;;;;226.0;0.0458;492.0;0.0517;160;0.0529;202.0;0.0425;47;0.0538;148;0.036;;;;;;;;;;
sz;wage_and_salary_earners;17204;0.6322;;;;;;;;;;;;;;;;;;;;;;;;;;;;;;;;;;;;;;;;;3336.0;0.676;5548.0;0.5826;1845;0.6099;2832.0;0.5964;506;0.5797;3137;0.7635;;;;;;;;;;
sz;women;25252;0.9279;;;;;;;;;;;;;;;;;;;;;;;;;;;;;;;;;;;;;;;;;4438.0;0.8992;8595.0;0.9025;2769;0.9154;4797.0;1.0102;945;1.0826;3708;0.9025;;;;;;;;;;
sz;young_adults;15256;0.5606;;;;;;;;;;;;;;;;;;;;;;;;;;;;;;;;;;;;;;;;;3078.0;0.6237;5243.0;0.5505;1727;0.5709;2521.0;0.5309;546;0.6255;2141;0.5211;;;;;;;;;;
welt;athletes;38222;1.2558;;;;;;;;;;;322.0;1.0371;;;;;1265.0;1.4574;3715.0;1.5253;2585.0;1.5913;4875.0;1.5469;1700.0;1.1471;1135.0;1.4198;2460.0;1.4184;2415.0;1.3087;1759.0;1.0688;2040.0;1.2074;1793.0;1.1214;1946.0;1.2512;1703.0;1.1118;1723.0;1.2763;708;1.0933;2107.0;1.1576;947;0.9047;855;0.7774;887.0;0.9065;756.0;1.0334;526.0;1.0753;;;;
welt;authors_and_artists;14665;0.4818;;;;;;;;;;;185.0;0.5958;;;;;465.0;0.5357;1392.0;0.5715;997.0;0.6138;1821.0;0.5778;1079.0;0.7281;577.0;0.7218;1058.0;0.61;1026.0;0.556;754.0;0.4581;746.0;0.4415;678.0;0.424;627.0;0.4031;498.0;0.3251;477.0;0.3533;215;0.332;633.0;0.3478;345;0.3296;382;0.3473;310.0;0.3168;226.0;0.3089;174.0;0.3557;;;;
welt;capital_owners_investors_and_shareholders;22283;0.7321;;;;;;;;;;;378.0;1.2174;;;;;756.0;0.871;2126.0;0.8729;1488.0;0.916;2909.0;0.9231;1320.0;0.8907;544.0;0.6805;758.0;0.437;1404.0;0.7608;1481.0;0.8998;1474.0;0.8724;1403.0;0.8775;1061.0;0.6822;1046.0;0.6829;926.0;0.6859;345;0.5328;871.0;0.4786;512;0.4891;605;0.5501;474.0;0.4844;194.0;0.2652;208.0;0.4252;;;;
welt;car_drivers;3336;0.1096;;;;;;;;;;;34.0;0.1095;;;;;62.0;0.0714;252.0;0.1035;161.0;0.0991;271.0;0.086;154.0;0.1039;103.0;0.1288;242.0;0.1395;193.0;0.1046;206.0;0.1252;186.0;0.1101;135.0;0.0844;200.0;0.1286;188.0;0.1227;173.0;0.1282;71;0.1096;232.0;0.1275;123;0.1175;104;0.0946;98.0;0.1002;91.0;0.1244;57.0;0.1165;;;;
welt;ceos_and_corporate_leaders;8865;0.2913;;;;;;;;;;;97.0;0.3124;;;;;228.0;0.2627;934.0;0.3835;554.0;0.341;969.0;0.3075;426.0;0.2874;185.0;0.2314;351.0;0.2024;486.0;0.2634;582.0;0.3536;563.0;0.3332;580.0;0.3627;473.0;0.3041;480.0;0.3134;381.0;0.2822;186;0.2872;417.0;0.2291;299;0.2856;261;0.2373;196.0;0.2003;109.0;0.149;108.0;0.2208;;;;
welt;children;33930;1.1148;;;;;;;;;;;249.0;0.802;;;;;885.0;1.0196;2530.0;1.0388;1978.0;1.2177;4133.0;1.3114;1859.0;1.2544;1057.0;1.3222;2317.0;1.3359;2206.0;1.1954;1417.0;0.861;1667.0;0.9867;1624.0;1.0157;1538.0;0.9889;1524.0;0.9949;1163.0;0.8615;623;0.9621;1946.0;1.0692;1331;1.2715;1319;1.1992;1210.0;1.2366;737.0;1.0074;617.0;1.2613;;;;
welt;christians;6432;0.2113;;;;;;;;;;;63.0;0.2029;;;;;239.0;0.2754;522.0;0.2143;400.0;0.2462;640.0;0.2031;302.0;0.2038;191.0;0.2389;304.0;0.1753;499.0;0.2704;382.0;0.2321;403.0;0.2385;444.0;0.2777;341.0;0.2193;338.0;0.2207;233.0;0.1726;108;0.1668;324.0;0.178;176;0.1681;166;0.1509;152.0;0.1553;131.0;0.1791;74.0;0.1513;;;;
welt;cisgender_and_heterosexuals;398;0.0132;;;;;;;;;;;;;;;;;8.0;0.0092;35.0;0.0144;17.0;0.0105;27.0;0.0086;19.0;0.0128;12.0;0.015;18.0;0.0104;14.0;0.0076;15.0;0.0091;21.0;0.0124;22.0;0.0138;22.0;0.0141;23.0;0.015;24.0;0.0178;13;0.0201;28.0;0.0154;12;0.0115;24;0.0218;24.0;0.0245;11.0;0.015;9.0;0.0184;;;;
welt;civil_servants;3361;0.1104;;;;;;;;;;;22.0;0.0709;;;;;140.0;0.1613;370.0;0.1519;195.0;0.12;454.0;0.1441;144.0;0.0972;102.0;0.1276;162.0;0.0934;184.0;0.0997;152.0;0.0924;175.0;0.1036;154.0;0.0963;161.0;0.1035;142.0;0.0927;104.0;0.077;50;0.0772;189.0;0.1038;96;0.0917;108;0.0982;131.0;0.1339;65.0;0.0889;61.0;0.1247;;;;
welt;consumers_and_clients;47065;1.5464;;;;;;;;;;;554.0;1.7843;;;;;1141.0;1.3146;3676.0;1.5093;2394.0;1.4738;4888.0;1.551;2497.0;1.6849;1346.0;1.6837;2691.0;1.5516;2917.0;1.5807;2724.0;1.6551;2752.0;1.6288;2495.0;1.5604;2491.0;1.6016;2695.0;1.7594;2306.0;1.7082;1026;1.5844;2480.0;1.3626;1555;1.4855;1697;1.5429;1223.0;1.2499;929.0;1.2699;588.0;1.202;;;;
welt;disabled_people;1668;0.0548;;;;;;;;;;;9.0;0.029;;;;;50.0;0.0576;157.0;0.0645;104.0;0.064;208.0;0.066;66.0;0.0445;46.0;0.0575;98.0;0.0565;142.0;0.077;75.0;0.0456;98.0;0.058;64.0;0.04;91.0;0.0585;95.0;0.062;88.0;0.0652;17;0.0263;55.0;0.0302;40;0.0382;53;0.0482;50.0;0.0511;40.0;0.0547;22.0;0.045;;;;
welt;doctors;8422;0.2767;;;;;;;;;;;55.0;0.1771;;;;;242.0;0.2788;661.0;0.2714;492.0;0.3029;1320.0;0.4189;341.0;0.2301;217.0;0.2714;542.0;0.3125;545.0;0.2953;405.0;0.2461;482.0;0.2853;383.0;0.2395;450.0;0.2893;365.0;0.2383;241.0;0.1785;113;0.1745;416.0;0.2286;222;0.2121;319;0.29;370.0;0.3781;154.0;0.2105;87.0;0.1778;;;;
welt;drug_addicts;1486;0.0488;;;;;;;;;;;14.0;0.0451;;;;;50.0;0.0576;113.0;0.0464;87.0;0.0536;211.0;0.067;113.0;0.0762;68.0;0.0851;100.0;0.0577;72.0;0.039;68.0;0.0413;67.0;0.0397;68.0;0.0425;69.0;0.0444;69.0;0.045;57.0;0.0422;20;0.0309;68.0;0.0374;42;0.0401;53;0.0482;27.0;0.0276;24.0;0.0328;26.0;0.0532;;;;
welt;elderly;3272;0.1075;;;;;;;;;;;24.0;0.0773;;;;;55.0;0.0634;213.0;0.0875;174.0;0.1071;369.0;0.1171;192.0;0.1296;82.0;0.1026;202.0;0.1165;197.0;0.1068;186.0;0.113;197.0;0.1166;169.0;0.1057;174.0;0.1119;144.0;0.094;119.0;0.0882;60;0.0927;160.0;0.0879;139;0.1328;148;0.1346;123.0;0.1257;87.0;0.1189;58.0;0.1186;;;;
welt;employers;3775;0.124;;;;;;;;;;;19.0;0.0612;;;;;74.0;0.0853;263.0;0.108;175.0;0.1077;503.0;0.1596;162.0;0.1093;104.0;0.1301;140.0;0.0807;259.0;0.1404;196.0;0.1191;247.0;0.1462;288.0;0.1801;231.0;0.1485;207.0;0.1351;144.0;0.1067;66;0.1019;159.0;0.0874;122;0.1165;136;0.1236;133.0;0.1359;85.0;0.1162;62.0;0.1267;;;;
welt;entrepreneur;57326;1.8835;;;;;;;;;;;722.0;2.3254;;;;;1783.0;2.0542;4750.0;1.9503;2851.0;1.7551;5438.0;1.7255;2664.0;1.7976;1310.0;1.6387;2384.0;1.3746;3214.0;1.7417;3687.0;2.2402;3883.0;2.2982;3660.0;2.2891;3130.0;2.0125;2833.0;1.8494;2569.0;1.903;1175;1.8145;2959.0;1.6258;2054;1.9622;2270;2.0638;1880.0;1.9214;1267.0;1.7319;843.0;1.7233;;;;
welt;ethnic_and_racial_minorities;1309;0.043;;;;;;;;;;;9.0;0.029;;;;;37.0;0.0426;95.0;0.039;71.0;0.0437;89.0;0.0282;39.0;0.0263;40.0;0.05;53.0;0.0306;64.0;0.0347;63.0;0.0383;90.0;0.0533;63.0;0.0394;74.0;0.0476;66.0;0.0431;73.0;0.0541;24;0.0371;97.0;0.0533;59;0.0564;81;0.0736;61.0;0.0623;31.0;0.0424;30.0;0.0613;;;;
welt;extremists;7114;0.2337;;;;;;;;;;;93.0;0.2995;;;;;167.0;0.1924;524.0;0.2152;357.0;0.2198;638.0;0.2024;239.0;0.1613;147.0;0.1839;283.0;0.1632;249.0;0.1349;321.0;0.195;443.0;0.2622;366.0;0.2289;356.0;0.2289;393.0;0.2566;353.0;0.2615;206;0.3181;518.0;0.2846;365;0.3487;462;0.42;277.0;0.2831;209.0;0.2857;148.0;0.3025;;;;
welt;farmers_and_fishermen;3546;0.1165;;;;;;;;;;;77.0;0.248;;;;;97.0;0.1118;291.0;0.1195;188.0;0.1157;379.0;0.1203;170.0;0.1147;154.0;0.1926;190.0;0.1096;209.0;0.1133;199.0;0.1209;174.0;0.103;159.0;0.0994;125.0;0.0804;184.0;0.1201;161.0;0.1193;63;0.0973;237.0;0.1302;138;0.1318;126;0.1146;86.0;0.0879;81.0;0.1107;58.0;0.1186;;;;
welt;health_and_care_professionals;1935;0.0636;;;;;;;;;;;10.0;0.0322;;;;;33.0;0.038;97.0;0.0398;71.0;0.0437;177.0;0.0562;69.0;0.0466;50.0;0.0625;107.0;0.0617;101.0;0.0547;74.0;0.045;86.0;0.0509;87.0;0.0544;89.0;0.0572;83.0;0.0542;74.0;0.0548;47;0.0726;189.0;0.1038;77;0.0736;131;0.1191;151.0;0.1543;92.0;0.1258;40.0;0.0818;;;;
welt;homeless;637;0.0209;;;;;;;;;;;9.0;0.029;;;;;31.0;0.0357;69.0;0.0283;43.0;0.0265;74.0;0.0235;23.0;0.0155;12.0;0.015;85.0;0.049;50.0;0.0271;12.0;0.0073;24.0;0.0142;17.0;0.0106;7.0;0.0045;36.0;0.0235;22.0;0.0163;7;0.0108;38.0;0.0209;17;0.0162;15;0.0136;20.0;0.0204;22.0;0.0301;4.0;0.0082;;;;
welt;housewife_and_househusband;212;0.007;;;;;;;;;;;4.0;0.0129;;;;;5.0;0.0058;17.0;0.007;11.0;0.0068;24.0;0.0076;11.0;0.0074;4.0;0.005;17.0;0.0098;15.0;0.0081;20.0;0.0122;12.0;0.0071;15.0;0.0094;10.0;0.0064;8.0;0.0052;7.0;0.0052;2;0.0031;15.0;0.0082;1;0.001;3;0.0027;7.0;0.0072;1.0;0.0014;3.0;0.0061;;;;
welt;jews;5284;0.1736;;;;;;;;;;;51.0;0.1643;;;;;199.0;0.2293;395.0;0.1622;244.0;0.1502;396.0;0.1257;226.0;0.1525;125.0;0.1564;268.0;0.1545;256.0;0.1387;202.0;0.1227;305.0;0.1805;290.0;0.1814;280.0;0.18;298.0;0.1945;188.0;0.1393;111;0.1714;394.0;0.2165;259;0.2474;227;0.2064;246.0;0.2514;207.0;0.283;117.0;0.2392;;;;
welt;journalists;5187;0.1704;;;;;;;;;;;55.0;0.1771;;;;;151.0;0.174;412.0;0.1692;270.0;0.1662;510.0;0.1618;197.0;0.1329;102.0;0.1276;195.0;0.1124;261.0;0.1414;271.0;0.1647;284.0;0.1681;262.0;0.1639;286.0;0.1839;305.0;0.1991;225.0;0.1667;148;0.2285;426.0;0.2341;195;0.1863;222;0.2018;210.0;0.2146;122.0;0.1668;78.0;0.1595;;;;
welt;legal_professionals;5062;0.1663;;;;;;;;;;;63.0;0.2029;;;;;162.0;0.1866;440.0;0.1807;266.0;0.1638;497.0;0.1577;220.0;0.1484;119.0;0.1489;210.0;0.1211;273.0;0.1479;258.0;0.1568;315.0;0.1864;290.0;0.1814;280.0;0.18;277.0;0.1808;225.0;0.1667;116;0.1791;378.0;0.2077;166;0.1586;190;0.1727;159.0;0.1625;104.0;0.1422;54.0;0.1104;;;;
welt;lgbtqqia;1688;0.0555;;;;;;;;;;;9.0;0.029;;;;;26.0;0.03;109.0;0.0448;63.0;0.0388;116.0;0.0368;52.0;0.0351;42.0;0.0525;95.0;0.0548;60.0;0.0325;52.0;0.0316;98.0;0.058;142.0;0.0888;97.0;0.0624;102.0;0.0666;93.0;0.0689;56;0.0865;96.0;0.0527;69;0.0659;76;0.0691;92.0;0.094;77.0;0.1053;66.0;0.1349;;;;
welt;lower_class;2680;0.0881;;;;;;;;;;;25.0;0.0805;;;;;66.0;0.076;154.0;0.0632;162.0;0.0997;275.0;0.0873;118.0;0.0796;79.0;0.0988;154.0;0.0888;155.0;0.084;121.0;0.0735;150.0;0.0888;172.0;0.1076;118.0;0.0759;117.0;0.0764;126.0;0.0933;63;0.0973;195.0;0.1071;107;0.1022;95;0.0864;87.0;0.0889;85.0;0.1162;56.0;0.1145;;;;
welt;married_people;2246;0.0738;;;;;;;;;;;5.0;0.0161;;;;;31.0;0.0357;167.0;0.0686;123.0;0.0757;225.0;0.0714;122.0;0.0823;50.0;0.0625;124.0;0.0715;152.0;0.0824;129.0;0.0784;139.0;0.0823;145.0;0.0907;141.0;0.0907;126.0;0.0823;94.0;0.0696;55;0.0849;99.0;0.0544;73;0.0697;92;0.0836;66.0;0.0675;43.0;0.0588;45.0;0.092;;;;
welt;men;13733;0.4512;;;;;;;;;;;88.0;0.2834;;;;;352.0;0.4055;920.0;0.3777;627.0;0.386;1300.0;0.4125;685.0;0.4622;370.0;0.4628;870.0;0.5016;918.0;0.4975;831.0;0.5049;788.0;0.4664;735.0;0.4597;729.0;0.4687;648.0;0.423;693.0;0.5133;382;0.5899;873.0;0.4796;573;0.5474;467;0.4246;362.0;0.37;277.0;0.3786;245.0;0.5008;;;;
welt;middle_class;755;0.0248;;;;;;;;;;;2.0;0.0064;;;;;11.0;0.0127;32.0;0.0131;15.0;0.0092;47.0;0.0149;25.0;0.0169;25.0;0.0313;34.0;0.0196;53.0;0.0287;66.0;0.0401;42.0;0.0249;54.0;0.0338;40.0;0.0257;34.0;0.0222;32.0;0.0237;20;0.0309;73.0;0.0401;41;0.0392;25;0.0227;34.0;0.0347;29.0;0.0396;21.0;0.0429;;;;
welt;multiple_or_other_specific_religious_or_minority_groups;1067;0.0351;;;;;;;;;;;6.0;0.0193;;;;;34.0;0.0392;85.0;0.0349;56.0;0.0345;122.0;0.0387;45.0;0.0304;25.0;0.0313;37.0;0.0213;50.0;0.0271;54.0;0.0328;72.0;0.0426;68.0;0.0425;70.0;0.045;64.0;0.0418;62.0;0.0459;26;0.0402;63.0;0.0346;32;0.0306;31;0.0282;29.0;0.0296;19.0;0.026;17.0;0.0348;;;;
welt;muslims;4760;0.1564;;;;;;;;;;;7.0;0.0225;;;;;81.0;0.0933;373.0;0.1532;146.0;0.0899;525.0;0.1666;173.0;0.1167;67.0;0.0838;141.0;0.0813;245.0;0.1328;186.0;0.113;286.0;0.1693;191.0;0.1195;360.0;0.2315;388.0;0.2533;370.0;0.2741;143;0.2208;482.0;0.2648;140;0.1337;173;0.1573;157.0;0.1605;67.0;0.0916;59.0;0.1206;;;;
welt;offenders_criminals_prisoners_and_or_accused_people;14141;0.4646;;;;;;;;;;;114.0;0.3672;;;;;468.0;0.5392;1063.0;0.4365;769.0;0.4734;1739.0;0.5518;716.0;0.4831;408.0;0.5104;1014.0;0.5847;995.0;0.5392;653.0;0.3968;624.0;0.3693;656.0;0.4103;591.0;0.38;650.0;0.4243;743.0;0.5504;307;0.4741;886.0;0.4868;510;0.4872;458;0.4164;352.0;0.3598;235.0;0.3212;190.0;0.3884;;;;
welt;other_profession;43811;1.4395;;;;;;;;;;;547.0;1.7617;;;;;1443.0;1.6625;4016.0;1.6489;2649.0;1.6307;4866.0;1.544;2374.0;1.6019;1144.0;1.431;2220.0;1.28;2861.0;1.5504;2476.0;1.5044;2463.0;1.4578;2201.0;1.3766;2209.0;1.4203;2209.0;1.4421;1834.0;1.3586;849;1.3111;2259.0;1.2412;1289;1.2314;1351;1.2283;1172.0;1.1978;821.0;1.1222;558.0;1.1407;;;;
welt;parents_and_families;18095;0.5945;;;;;;;;;;;107.0;0.3446;;;;;456.0;0.5254;1070.0;0.4393;903.0;0.5559;1857.0;0.5892;980.0;0.6613;512.0;0.6405;1156.0;0.6665;1176.0;0.6373;871.0;0.5292;1040.0;0.6155;1011.0;0.6323;929.0;0.5973;1002.0;0.6541;682.0;0.5052;344;0.5312;1113.0;0.6115;751;0.7174;825;0.7501;604.0;0.6173;351.0;0.4798;355.0;0.7257;;;;
welt;patients;8007;0.2631;;;;;;;;;;;46.0;0.1482;;;;;202.0;0.2327;617.0;0.2533;397.0;0.2444;760.0;0.2412;388.0;0.2618;244.0;0.3052;451.0;0.26;422.0;0.2287;426.0;0.2588;463.0;0.274;382.0;0.2389;431.0;0.2771;332.0;0.2167;299.0;0.2215;134;0.2069;418.0;0.2297;310;0.2961;507;0.461;418.0;0.4272;261.0;0.3568;99.0;0.2024;;;;
welt;people_with_an_immigration_background_including_immigrants;22567;0.7415;;;;;;;;;;;159.0;0.5121;;;;;369.0;0.4251;1231.0;0.5054;632.0;0.3891;1718.0;0.5451;549.0;0.3704;288.0;0.3603;635.0;0.3661;797.0;0.4319;610.0;0.3706;630.0;0.3729;768.0;0.4803;1083.0;0.6963;2872.0;1.8749;2551.0;1.8897;786;1.2138;2897.0;1.5917;1050;1.003;917;0.8337;647.0;0.6612;677.0;0.9254;701.0;1.433;;;;
welt;politicians_and_high_ranking_officials;136793;4.4945;;;;;;;;;;;1515.0;4.8794;;;;;4848.0;5.5855;12802.0;5.2564;8257.0;5.0831;13544.0;4.2977;5375.0;3.6268;3052.0;3.8177;6097.0;3.5154;6078.0;3.2937;6049.0;3.6753;6160.0;3.6459;6999.0;4.3774;5586.0;3.5916;4409.0;2.8783;4869.0;3.6068;3188;4.923;10769.0;5.9168;6280;5.9992;5897;5.3614;6887.0;7.0387;4679.0;6.3958;3453.0;7.0588;;;;
welt;prostitutes;574;0.0189;;;;;;;;;;;6.0;0.0193;;;;;18.0;0.0207;35.0;0.0144;28.0;0.0172;53.0;0.0168;33.0;0.0223;17.0;0.0213;42.0;0.0242;22.0;0.0119;33.0;0.0201;19.0;0.0112;43.0;0.0269;46.0;0.0296;29.0;0.0189;33.0;0.0244;11;0.017;41.0;0.0225;25;0.0239;17;0.0155;10.0;0.0102;6.0;0.0082;7.0;0.0143;;;;
welt;real_estate_owner;2847;0.0935;;;;;;;;;;;10.0;0.0322;;;;;52.0;0.0599;155.0;0.0636;115.0;0.0708;191.0;0.0606;150.0;0.1012;84.0;0.1051;155.0;0.0894;235.0;0.1273;172.0;0.1045;130.0;0.0769;110.0;0.0688;120.0;0.0772;244.0;0.1593;180.0;0.1333;67;0.1035;220.0;0.1209;110;0.1051;147;0.1336;88.0;0.0899;62.0;0.0847;50.0;0.1022;;;;
welt;retirees;3269;0.1074;;;;;;;;;;;24.0;0.0773;;;;;153.0;0.1763;255.0;0.1047;150.0;0.0923;304.0;0.0965;168.0;0.1134;74.0;0.0926;211.0;0.1217;149.0;0.0807;164.0;0.0996;191.0;0.113;151.0;0.0944;201.0;0.1292;183.0;0.1195;179.0;0.1326;56;0.0865;202.0;0.111;140;0.1337;91;0.0827;78.0;0.0797;77.0;0.1053;68.0;0.139;;;;
welt;scientists_and_professors;15597;0.5125;;;;;;;;;;;122.0;0.3929;;;;;341.0;0.3929;947.0;0.3888;607.0;0.3737;1217.0;0.3862;699.0;0.4717;388.0;0.4853;802.0;0.4624;972.0;0.5267;884.0;0.5371;990.0;0.586;992.0;0.6204;888.0;0.571;875.0;0.5712;734.0;0.5437;323;0.4988;921.0;0.506;592;0.5655;755;0.6864;657.0;0.6715;571.0;0.7805;320.0;0.6542;;;;
welt;security_forces;14152;0.465;;;;;;;;;;;87.0;0.2802;;;;;377.0;0.4344;1109.0;0.4553;741.0;0.4562;1519.0;0.482;692.0;0.4669;389.0;0.4866;996.0;0.5743;893.0;0.4839;739.0;0.449;646.0;0.3824;642.0;0.4015;629.0;0.4044;662.0;0.4322;735.0;0.5445;375;0.5791;934.0;0.5132;468;0.4471;651;0.5919;425.0;0.4344;238.0;0.3253;205.0;0.4191;;;;
welt;self_employed_and_freelancers;1000;0.0329;;;;;;;;;;;9.0;0.029;;;;;36.0;0.0415;82.0;0.0337;59.0;0.0363;112.0;0.0355;36.0;0.0243;33.0;0.0413;30.0;0.0173;58.0;0.0314;30.0;0.0182;63.0;0.0373;59.0;0.0369;59.0;0.0379;34.0;0.0222;42.0;0.0311;27;0.0417;51.0;0.028;38;0.0363;76;0.0691;38.0;0.0388;16.0;0.0219;12.0;0.0245;;;;
welt;single;1244;0.0409;;;;;;;;;;;6.0;0.0193;;;;;12.0;0.0138;75.0;0.0308;54.0;0.0332;145.0;0.046;60.0;0.0405;37.0;0.0463;79.0;0.0455;81.0;0.0439;50.0;0.0304;88.0;0.0521;54.0;0.0338;62.0;0.0399;72.0;0.047;70.0;0.0519;30;0.0463;77.0;0.0423;45;0.043;69;0.0627;33.0;0.0337;26.0;0.0355;19.0;0.0388;;;;
welt;skilled_or_qualified;2606;0.0856;;;;;;;;;;;24.0;0.0773;;;;;59.0;0.068;186.0;0.0764;126.0;0.0776;248.0;0.0787;150.0;0.1012;57.0;0.0713;118.0;0.068;206.0;0.1116;196.0;0.1191;177.0;0.1048;196.0;0.1226;131.0;0.0842;165.0;0.1077;103.0;0.0763;56;0.0865;124.0;0.0681;104;0.0993;55;0.05;43.0;0.0439;45.0;0.0615;37.0;0.0756;;;;
welt;soldiers;7008;0.2303;;;;;;;;;;;40.0;0.1288;;;;;190.0;0.2189;627.0;0.2574;267.0;0.1644;859.0;0.2726;278.0;0.1876;145.0;0.1814;350.0;0.2018;433.0;0.2346;448.0;0.2722;360.0;0.2131;321.0;0.2008;399.0;0.2565;320.0;0.2089;252.0;0.1867;152;0.2347;344.0;0.189;213;0.2035;282;0.2564;252.0;0.2576;274.0;0.3745;202.0;0.4129;;;;
welt;teachers_and_educators;4442;0.1459;;;;;;;;;;;43.0;0.1385;;;;;198.0;0.2281;393.0;0.1614;269.0;0.1656;595.0;0.1888;271.0;0.1829;126.0;0.1576;202.0;0.1165;270.0;0.1463;167.0;0.1015;162.0;0.0959;187.0;0.117;174.0;0.1119;186.0;0.1214;85.0;0.063;63;0.0973;311.0;0.1709;171;0.1634;240;0.2182;146.0;0.1492;89.0;0.1217;94.0;0.1922;;;;
welt;tenants;3872;0.1272;;;;;;;;;;;27.0;0.087;;;;;85.0;0.0979;255.0;0.1047;165.0;0.1016;302.0;0.0958;202.0;0.1363;104.0;0.1301;209.0;0.1205;274.0;0.1485;198.0;0.1203;179.0;0.1059;167.0;0.1044;197.0;0.1267;294.0;0.1919;232.0;0.1719;87;0.1343;265.0;0.1456;216;0.2063;174;0.1582;123.0;0.1257;88.0;0.1203;29.0;0.0593;;;;
welt;terrorists_rebels_revolutionaries_and_or_movements_of_armed_resistance;5245;0.1723;;;;;;;;;;;16.0;0.0515;;;;;164.0;0.1889;432.0;0.1774;198.0;0.1219;467.0;0.1482;292.0;0.197;73.0;0.0913;209.0;0.1205;182.0;0.0986;236.0;0.1434;326.0;0.193;310.0;0.1939;347.0;0.2231;525.0;0.3427;435.0;0.3222;152;0.2347;234.0;0.1286;185;0.1767;147;0.1336;151.0;0.1543;92.0;0.1258;72.0;0.1472;;;;
welt;unemployed;5318;0.1747;;;;;;;;;;;43.0;0.1385;;;;;212.0;0.2443;833.0;0.342;453.0;0.2789;771.0;0.2446;273.0;0.1842;104.0;0.1301;250.0;0.1441;268.0;0.1452;258.0;0.1568;294.0;0.174;295.0;0.1845;245.0;0.1575;194.0;0.1266;157.0;0.1163;84;0.1297;218.0;0.1198;109;0.1041;89;0.0809;67.0;0.0685;53.0;0.0724;48.0;0.0981;;;;
welt;unskilled_or_unqualified;1209;0.0397;;;;;;;;;;;12.0;0.0386;;;;;46.0;0.053;104.0;0.0427;62.0;0.0382;124.0;0.0393;59.0;0.0398;33.0;0.0413;67.0;0.0386;80.0;0.0434;56.0;0.034;53.0;0.0314;78.0;0.0488;61.0;0.0392;61.0;0.0398;53.0;0.0393;24;0.0371;72.0;0.0396;44;0.042;39;0.0355;25.0;0.0256;31.0;0.0424;25.0;0.0511;;;;
welt;upper_class;2000;0.0657;;;;;;;;;;;11.0;0.0354;;;;;66.0;0.076;132.0;0.0542;90.0;0.0554;130.0;0.0413;69.0;0.0466;42.0;0.0525;65.0;0.0375;112.0;0.0607;113.0;0.0687;126.0;0.0746;163.0;0.1019;118.0;0.0759;112.0;0.0731;103.0;0.0763;55;0.0849;143.0;0.0786;105;0.1003;80;0.0727;62.0;0.0634;57.0;0.0779;46.0;0.094;;;;
welt;wage_and_salary_earners;36757;1.2077;;;;;;;;;;;324.0;1.0435;;;;;963.0;1.1095;3290.0;1.3508;2308.0;1.4208;4356.0;1.3822;1973.0;1.3313;1037.0;1.2972;1740.0;1.0033;2155.0;1.1678;1814.0;1.1022;2207.0;1.3063;2043.0;1.2778;1901.0;1.2223;1696.0;1.1072;1264.0;0.9363;658;1.0161;1913.0;1.0511;1141;1.09;1325;1.2047;1108.0;1.1324;871.0;1.1906;670.0;1.3696;;;;
welt;women;26370;0.8664;;;;;;;;;;;225.0;0.7247;;;;;659.0;0.7593;1801.0;0.7395;1162.0;0.7153;2352.0;0.7463;1292.0;0.8718;651.0;0.8143;1602.0;0.9237;1678.0;0.9093;1607.0;0.9764;1594.0;0.9434;1495.0;0.935;1463.0;0.9407;1364.0;0.8904;1199.0;0.8882;646;0.9976;1638.0;0.9;1114;1.0642;855;0.7774;806.0;0.8238;644.0;0.8803;523.0;1.0691;;;;
welt;young_adults;15763;0.5179;;;;;;;;;;;120.0;0.3865;;;;;438.0;0.5046;1147.0;0.4709;883.0;0.5436;1838.0;0.5832;915.0;0.6174;411.0;0.5141;933.0;0.538;959.0;0.5197;734.0;0.446;805.0;0.4765;700.0;0.4378;780.0;0.5015;728.0;0.4753;667.0;0.4941;315;0.4864;890.0;0.489;668;0.6381;538;0.4891;570.0;0.5826;384.0;0.5249;340.0;0.695;;;;
zeit;athletes;12098;0.3264;273.0;0.1447;140.0;0.2251;119.0;0.1852;149.0;0.259;112.0;0.1511;215.0;0.2396;174.0;0.2243;157.0;0.2756;232.0;0.2342;303.0;0.2732;220.0;0.1857;217.0;0.3794;91.0;0.2081;264.0;0.3389;207.0;0.2244;282.0;0.2603;262.0;0.2212;353.0;0.2609;568.0;0.3884;928.0;0.5351;999.0;0.5261;1209.0;0.5786;1010;0.4274;1153.0;0.4938;646;0.3284;332;0.1908;515.0;0.2753;462.0;0.2589;506.0;0.3385;;;;
zeit;authors_and_artists;21747;0.5867;1116.0;0.5914;406.0;0.6527;402.0;0.6255;346.0;0.6014;418.0;0.5638;563.0;0.6274;569.0;0.7333;434.0;0.7618;693.0;0.6994;662.0;0.5968;686.0;0.5791;320.0;0.5595;256.0;0.5855;480.0;0.6162;732.0;0.7937;654.0;0.6037;711.0;0.6003;984.0;0.7272;969.0;0.6626;979.0;0.5645;1100.0;0.5793;1142.0;0.5466;1301;0.5505;1432.0;0.6133;1088;0.5532;806;0.4631;944.0;0.5046;889.0;0.4982;665.0;0.4448;;;;
zeit;capital_owners_investors_and_shareholders;14575;0.3932;864.0;0.4578;384.0;0.6174;520.0;0.8091;463.0;0.8047;492.0;0.6636;885.0;0.9862;588.0;0.7578;381.0;0.6688;488.0;0.4925;623.0;0.5616;703.0;0.5935;323.0;0.5647;356.0;0.8142;437.0;0.561;383.0;0.4153;453.0;0.4181;625.0;0.5277;628.0;0.4641;607.0;0.4151;693.0;0.3996;596.0;0.3139;471.0;0.2254;399;0.1688;475.0;0.2034;450;0.2288;343;0.1971;344.0;0.1839;373.0;0.209;228.0;0.1525;;;;
zeit;car_drivers;2326;0.0627;113.0;0.0599;22.0;0.0354;25.0;0.0389;40.0;0.0695;52.0;0.0701;84.0;0.0936;39.0;0.0503;23.0;0.0404;54.0;0.0545;67.0;0.0604;54.0;0.0456;19.0;0.0332;24.0;0.0549;35.0;0.0449;25.0;0.0271;38.0;0.0351;53.0;0.0447;48.0;0.0355;67.0;0.0458;153.0;0.0882;180.0;0.0948;134.0;0.0641;160;0.0677;221.0;0.0946;181;0.092;103;0.0592;105.0;0.0561;119.0;0.0667;88.0;0.0589;;;;
zeit;ceos_and_corporate_leaders;8770;0.2366;574.0;0.3042;256.0;0.4116;255.0;0.3968;263.0;0.4571;237.0;0.3197;365.0;0.4067;249.0;0.3209;214.0;0.3756;343.0;0.3462;462.0;0.4165;451.0;0.3807;192.0;0.3357;151.0;0.3453;252.0;0.3235;277.0;0.3003;262.0;0.2418;306.0;0.2584;327.0;0.2417;410.0;0.2804;436.0;0.2514;302.0;0.159;334.0;0.1599;410;0.1735;383.0;0.164;298;0.1515;249;0.1431;206.0;0.1101;166.0;0.093;140.0;0.0936;;;;
zeit;children;50293;1.3568;1631.0;0.8643;519.0;0.8344;565.0;0.8791;451.0;0.7839;745.0;1.0049;864.0;0.9628;888.0;1.1445;667.0;1.1708;1456.0;1.4695;1277.0;1.1512;1484.0;1.2528;830.0;1.4511;813.0;1.8593;1419.0;1.8218;1444.0;1.5657;1704.0;1.5729;1572.0;1.3272;1862.0;1.3761;2311.0;1.5803;2813.0;1.622;2756.0;1.4515;3027.0;1.4488;3302;1.3972;3271.0;1.4009;2899;1.4739;2679;1.5393;2768.0;1.4795;2272.0;1.2732;2004.0;1.3405;;;;
zeit;christians;14627;0.3946;533.0;0.2824;166.0;0.2669;201.0;0.3127;143.0;0.2485;142.0;0.1915;234.0;0.2608;130.0;0.1675;94.0;0.165;255.0;0.2574;254.0;0.229;348.0;0.2938;224.0;0.3916;160.0;0.3659;160.0;0.2054;268.0;0.2906;408.0;0.3766;369.0;0.3115;504.0;0.3725;576.0;0.3939;644.0;0.3713;556.0;0.2928;657.0;0.3145;1755;0.7426;1759.0;0.7533;1264;0.6427;872;0.501;789.0;0.4217;665.0;0.3727;497.0;0.3325;;;;
zeit;cisgender_and_heterosexuals;887;0.0239;33.0;0.0175;10.0;0.0161;10.0;0.0156;8.0;0.0139;10.0;0.0135;17.0;0.0189;8.0;0.0103;10.0;0.0176;21.0;0.0212;24.0;0.0216;30.0;0.0253;14.0;0.0245;11.0;0.0252;10.0;0.0128;17.0;0.0184;26.0;0.024;22.0;0.0186;42.0;0.031;45.0;0.0308;63.0;0.0363;52.0;0.0274;53.0;0.0254;61;0.0258;52.0;0.0223;46;0.0234;47;0.027;65.0;0.0347;41.0;0.023;39.0;0.0261;;;;
zeit;civil_servants;4541;0.1225;459.0;0.2432;181.0;0.291;185.0;0.2879;180.0;0.3129;133.0;0.1794;129.0;0.1437;121.0;0.1559;92.0;0.1615;184.0;0.1857;196.0;0.1767;185.0;0.1562;87.0;0.1521;47.0;0.1075;73.0;0.0937;97.0;0.1052;126.0;0.1163;119.0;0.1005;160.0;0.1182;136.0;0.093;148.0;0.0853;139.0;0.0732;206.0;0.0986;220;0.0931;212.0;0.0908;171;0.0869;185;0.1063;169.0;0.0903;106.0;0.0594;95.0;0.0635;;;;
zeit;consumers_and_clients;33376;0.9004;1733.0;0.9183;632.0;1.0161;646.0;1.0052;641.0;1.1141;978.0;1.3191;1233.0;1.374;1060.0;1.3661;620.0;1.0883;1023.0;1.0325;1110.0;1.0006;1062.0;0.8965;639.0;1.1172;448.0;1.0246;726.0;0.9321;849.0;0.9206;943.0;0.8704;960.0;0.8105;1351.0;0.9984;1487.0;1.0168;1515.0;0.8736;1509.0;0.7947;1695.0;0.8113;1933;0.8179;1931.0;0.827;1549;0.7876;1404;0.8067;1336.0;0.7141;1299.0;0.7279;1064.0;0.7117;;;;
zeit;disabled_people;2367;0.0639;170.0;0.0901;33.0;0.0531;32.0;0.0498;41.0;0.0713;59.0;0.0796;122.0;0.1359;45.0;0.058;55.0;0.0965;65.0;0.0656;51.0;0.046;69.0;0.0582;61.0;0.1066;18.0;0.0412;56.0;0.0719;64.0;0.0694;89.0;0.0822;71.0;0.0599;128.0;0.0946;111.0;0.0759;154.0;0.0888;142.0;0.0748;101.0;0.0483;119;0.0504;99.0;0.0424;92;0.0468;70;0.0402;92.0;0.0492;80.0;0.0448;78.0;0.0522;;;;
zeit;doctors;10813;0.2917;553.0;0.293;243.0;0.3907;198.0;0.3081;281.0;0.4884;393.0;0.5301;246.0;0.2741;318.0;0.4098;219.0;0.3844;375.0;0.3785;325.0;0.293;324.0;0.2735;236.0;0.4126;152.0;0.3476;296.0;0.38;282.0;0.3058;366.0;0.3378;366.0;0.309;420.0;0.3104;481.0;0.3289;421.0;0.2428;446.0;0.2349;533.0;0.2551;527;0.223;553.0;0.2368;385;0.1957;557;0.32;613.0;0.3276;400.0;0.2242;304.0;0.2034;;;;
zeit;drug_addicts;1774;0.0479;106.0;0.0562;51.0;0.082;40.0;0.0622;45.0;0.0782;54.0;0.0728;45.0;0.0501;48.0;0.0619;32.0;0.0562;62.0;0.0626;64.0;0.0577;58.0;0.049;37.0;0.0647;34.0;0.0778;37.0;0.0475;62.0;0.0672;39.0;0.036;38.0;0.0321;64.0;0.0473;47.0;0.0321;65.0;0.0375;112.0;0.059;90.0;0.0431;102;0.0432;128.0;0.0548;62;0.0315;55;0.0316;57.0;0.0305;57.0;0.0319;83.0;0.0555;;;;
zeit;elderly;4977;0.1343;264.0;0.1399;80.0;0.1286;70.0;0.1089;59.0;0.1025;84.0;0.1133;125.0;0.1393;118.0;0.1521;69.0;0.1211;228.0;0.2301;119.0;0.1073;128.0;0.1081;79.0;0.1381;80.0;0.183;104.0;0.1335;113.0;0.1225;136.0;0.1255;171.0;0.1444;155.0;0.1145;252.0;0.1723;227.0;0.1309;194.0;0.1022;241.0;0.1153;256;0.1083;328.0;0.1405;223;0.1134;311;0.1787;339.0;0.1812;220.0;0.1233;204.0;0.1365;;;;
zeit;employers;3064;0.0827;292.0;0.1547;180.0;0.2894;75.0;0.1167;98.0;0.1703;106.0;0.143;92.0;0.1025;99.0;0.1276;72.0;0.1264;136.0;0.1373;123.0;0.1109;152.0;0.1283;90.0;0.1574;53.0;0.1212;56.0;0.0719;85.0;0.0922;91.0;0.084;84.0;0.0709;110.0;0.0813;114.0;0.078;132.0;0.0761;95.0;0.05;67.0;0.0321;88;0.0372;112.0;0.048;88;0.0447;107;0.0615;86.0;0.046;103.0;0.0577;78.0;0.0522;;;;
zeit;entrepreneur;52088;1.4052;3719.0;1.9707;1239.0;1.992;1288.0;2.0041;1346.0;2.3394;1715.0;2.3132;1912.0;2.1306;1758.0;2.2657;963.0;1.6904;1786.0;1.8026;1849.0;1.6668;2023.0;1.7078;996.0;1.7414;707.0;1.6169;1447.0;1.8577;1643.0;1.7815;1644.0;1.5175;1865.0;1.5746;2292.0;1.6939;2457.0;1.6801;2087.0;1.2034;2234.0;1.1765;2104.0;1.007;2148;0.9089;2171.0;0.9298;2185;1.1109;1840;1.0572;1864.0;0.9963;1586.0;0.8888;1220.0;0.8161;;;;
zeit;ethnic_and_racial_minorities;3754;0.1013;166.0;0.088;63.0;0.1013;49.0;0.0762;41.0;0.0713;58.0;0.0782;70.0;0.078;51.0;0.0657;48.0;0.0843;85.0;0.0858;119.0;0.1073;82.0;0.0692;49.0;0.0857;30.0;0.0686;60.0;0.077;60.0;0.0651;86.0;0.0794;62.0;0.0523;130.0;0.0961;169.0;0.1156;163.0;0.094;172.0;0.0906;211.0;0.101;269;0.1138;257.0;0.1101;315;0.1602;329;0.189;251.0;0.1342;169.0;0.0947;140.0;0.0936;;;;
zeit;extremists;10997;0.2967;651.0;0.345;142.0;0.2283;196.0;0.305;150.0;0.2607;131.0;0.1767;263.0;0.2931;190.0;0.2449;144.0;0.2528;248.0;0.2503;249.0;0.2245;363.0;0.3064;155.0;0.271;100.0;0.2287;164.0;0.2105;214.0;0.232;262.0;0.2418;339.0;0.2862;497.0;0.3673;381.0;0.2605;492.0;0.2837;636.0;0.335;736.0;0.3523;746;0.3157;847.0;0.3627;589;0.2995;676;0.3884;522.0;0.279;432.0;0.2421;482.0;0.3224;;;;
zeit;farmers_and_fishermen;6821;0.184;439.0;0.2326;164.0;0.2637;145.0;0.2256;107.0;0.186;179.0;0.2414;125.0;0.1393;199.0;0.2565;125.0;0.2194;205.0;0.2069;203.0;0.183;276.0;0.233;148.0;0.2588;85.0;0.1944;150.0;0.1926;167.0;0.1811;189.0;0.1745;190.0;0.1604;260.0;0.1921;156.0;0.1067;247.0;0.1424;260.0;0.1369;283.0;0.1354;337;0.1426;451.0;0.1931;365;0.1856;369;0.212;458.0;0.2448;306.0;0.1715;233.0;0.1559;;;;
zeit;health_and_care_professionals;2516;0.0679;76.0;0.0403;23.0;0.037;19.0;0.0296;17.0;0.0295;31.0;0.0418;34.0;0.0379;41.0;0.0528;28.0;0.0491;51.0;0.0515;44.0;0.0397;50.0;0.0422;32.0;0.0559;34.0;0.0778;39.0;0.0501;40.0;0.0434;78.0;0.072;50.0;0.0422;51.0;0.0377;65.0;0.0444;144.0;0.083;82.0;0.0432;77.0;0.0369;106;0.0449;124.0;0.0531;127;0.0646;301;0.1729;387.0;0.2068;235.0;0.1317;130.0;0.087;;;;
zeit;homeless;896;0.0242;65.0;0.0344;22.0;0.0354;12.0;0.0187;6.0;0.0104;11.0;0.0148;19.0;0.0212;20.0;0.0258;10.0;0.0176;23.0;0.0232;22.0;0.0198;15.0;0.0127;7.0;0.0122;19.0;0.0435;13.0;0.0167;15.0;0.0163;23.0;0.0212;21.0;0.0177;27.0;0.02;23.0;0.0157;22.0;0.0127;76.0;0.04;53.0;0.0254;49;0.0207;71.0;0.0304;80;0.0407;42;0.0241;57.0;0.0305;27.0;0.0151;46.0;0.0308;;;;
zeit;housewife_and_househusband;353;0.0095;18.0;0.0095;8.0;0.0129;7.0;0.0109;5.0;0.0087;11.0;0.0148;11.0;0.0123;18.0;0.0232;6.0;0.0105;10.0;0.0101;15.0;0.0135;15.0;0.0127;10.0;0.0175;6.0;0.0137;9.0;0.0116;12.0;0.013;12.0;0.0111;8.0;0.0068;22.0;0.0163;16.0;0.0109;16.0;0.0092;20.0;0.0105;19.0;0.0091;21;0.0089;5.0;0.0021;12;0.0061;11;0.0063;16.0;0.0086;3.0;0.0017;11.0;0.0074;;;;
zeit;jews;9477;0.2557;599.0;0.3174;144.0;0.2315;207.0;0.3221;140.0;0.2433;139.0;0.1875;311.0;0.3466;116.0;0.1495;155.0;0.2721;295.0;0.2977;222.0;0.2001;233.0;0.1967;139.0;0.243;80.0;0.183;144.0;0.1849;175.0;0.1897;286.0;0.264;194.0;0.1638;346.0;0.2557;365.0;0.2496;595.0;0.3431;563.0;0.2965;405.0;0.1938;623;0.2636;669.0;0.2865;531;0.27;445;0.2557;541.0;0.2892;380.0;0.2129;435.0;0.291;;;;
zeit;journalists;7968;0.215;314.0;0.1664;132.0;0.2122;138.0;0.2147;120.0;0.2086;147.0;0.1983;270.0;0.3009;225.0;0.29;92.0;0.1615;209.0;0.2109;230.0;0.2073;302.0;0.2549;174.0;0.3042;99.0;0.2264;172.0;0.2208;216.0;0.2342;222.0;0.2049;206.0;0.1739;314.0;0.2321;414.0;0.2831;364.0;0.2099;440.0;0.2317;490.0;0.2345;506;0.2141;517.0;0.2214;363;0.1846;349;0.2005;350.0;0.1871;310.0;0.1737;283.0;0.1893;;;;
zeit;legal_professionals;7305;0.1971;660.0;0.3497;169.0;0.2717;180.0;0.2801;182.0;0.3163;169.0;0.228;227.0;0.253;194.0;0.25;157.0;0.2756;213.0;0.215;225.0;0.2028;281.0;0.2372;144.0;0.2518;91.0;0.2081;106.0;0.1361;179.0;0.1941;250.0;0.2308;260.0;0.2195;234.0;0.1729;320.0;0.2188;310.0;0.1787;324.0;0.1706;295.0;0.1412;377;0.1595;422.0;0.1807;291;0.148;314;0.1804;269.0;0.1438;276.0;0.1547;186.0;0.1244;;;;
zeit;lgbtqqia;3143;0.0848;71.0;0.0376;24.0;0.0386;11.0;0.0171;30.0;0.0521;39.0;0.0526;54.0;0.0602;33.0;0.0425;20.0;0.0351;89.0;0.0898;73.0;0.0658;57.0;0.0481;53.0;0.0927;36.0;0.0823;32.0;0.0411;29.0;0.0314;83.0;0.0766;52.0;0.0439;106.0;0.0783;203.0;0.1388;227.0;0.1309;192.0;0.1011;185.0;0.0885;282;0.1193;207.0;0.0887;225;0.1144;148;0.085;225.0;0.1203;186.0;0.1042;171.0;0.1144;;;;
zeit;lower_class;6741;0.1819;350.0;0.1855;104.0;0.1672;125.0;0.1945;100.0;0.1738;152.0;0.205;101.0;0.1125;131.0;0.1688;81.0;0.1422;176.0;0.1776;214.0;0.1929;271.0;0.2288;116.0;0.2028;96.0;0.2195;207.0;0.2658;188.0;0.2038;260.0;0.24;258.0;0.2178;324.0;0.2394;283.0;0.1935;249.0;0.1436;334.0;0.1759;408.0;0.1953;430;0.1819;417.0;0.1786;339;0.1724;258;0.1482;268.0;0.1432;285.0;0.1597;216.0;0.1445;;;;
zeit;married_people;2783;0.0751;93.0;0.0493;35.0;0.0563;21.0;0.0327;29.0;0.0504;66.0;0.089;59.0;0.0657;47.0;0.0606;34.0;0.0597;77.0;0.0777;71.0;0.064;70.0;0.0591;51.0;0.0892;59.0;0.1349;60.0;0.077;41.0;0.0445;58.0;0.0535;65.0;0.0549;137.0;0.1012;159.0;0.1087;155.0;0.0894;132.0;0.0695;136.0;0.0651;285;0.1206;175.0;0.0749;164;0.0834;109;0.0626;162.0;0.0866;101.0;0.0566;132.0;0.0883;;;;
zeit;men;21360;0.5762;843.0;0.4467;294.0;0.4727;237.0;0.3688;214.0;0.3719;317.0;0.4276;389.0;0.4335;315.0;0.406;246.0;0.4318;401.0;0.4047;518.0;0.467;596.0;0.5031;291.0;0.5088;293.0;0.6701;388.0;0.4981;519.0;0.5627;714.0;0.6591;545.0;0.4601;857.0;0.6333;854.0;0.584;1276.0;0.7357;1169.0;0.6157;1566.0;0.7495;1533;0.6487;1635.0;0.7002;1242;0.6315;1065;0.6119;1104.0;0.5901;1014.0;0.5682;925.0;0.6188;;;;
zeit;middle_class;1657;0.0447;53.0;0.0281;17.0;0.0273;20.0;0.0311;18.0;0.0313;21.0;0.0283;25.0;0.0279;19.0;0.0245;21.0;0.0369;34.0;0.0343;61.0;0.055;43.0;0.0363;25.0;0.0437;25.0;0.0572;50.0;0.0642;65.0;0.0705;65.0;0.06;53.0;0.0447;73.0;0.0539;93.0;0.0636;77.0;0.0444;108.0;0.0569;123.0;0.0589;150;0.0635;113.0;0.0484;77;0.0391;62;0.0356;66.0;0.0353;67.0;0.0375;33.0;0.0221;;;;
zeit;multiple_or_other_specific_religious_or_minority_groups;2691;0.0726;144.0;0.0763;37.0;0.0595;40.0;0.0622;24.0;0.0417;32.0;0.0432;39.0;0.0435;42.0;0.0541;26.0;0.0456;60.0;0.0606;61.0;0.055;75.0;0.0633;74.0;0.1294;50.0;0.1143;40.0;0.0514;80.0;0.0867;106.0;0.0978;70.0;0.0591;123.0;0.0909;77.0;0.0527;112.0;0.0646;121.0;0.0637;157.0;0.0751;284;0.1202;226.0;0.0968;169;0.0859;97;0.0557;140.0;0.0748;83.0;0.0465;102.0;0.0682;;;;
zeit;muslims;7807;0.2106;363.0;0.1924;47.0;0.0756;53.0;0.0825;59.0;0.1025;34.0;0.0459;58.0;0.0646;113.0;0.1456;65.0;0.1141;226.0;0.2281;357.0;0.3218;193.0;0.1629;254.0;0.4441;115.0;0.263;106.0;0.1361;182.0;0.1973;483.0;0.4458;364.0;0.3073;423.0;0.3126;329.0;0.225;394.0;0.2272;640.0;0.3371;732.0;0.3503;656;0.2776;541.0;0.2317;275;0.1398;256;0.1471;280.0;0.1497;114.0;0.0639;95.0;0.0635;;;;
zeit;offenders_criminals_prisoners_and_or_accused_people;14625;0.3945;1001.0;0.5304;262.0;0.4212;318.0;0.4948;204.0;0.3546;243.0;0.3278;358.0;0.3989;323.0;0.4163;213.0;0.3739;382.0;0.3855;452.0;0.4075;454.0;0.3833;251.0;0.4388;178.0;0.4071;324.0;0.416;343.0;0.3719;510.0;0.4708;508.0;0.4289;506.0;0.3739;586.0;0.4007;618.0;0.3563;775.0;0.4082;844.0;0.404;956;0.4045;1024.0;0.4385;663;0.3371;649;0.3729;622.0;0.3325;536.0;0.3004;522.0;0.3492;;;;
zeit;other_profession;47918;1.2927;2751.0;1.4578;928.0;1.492;1041.0;1.6198;955.0;1.6599;1252.0;1.6887;1808.0;2.0147;1448.0;1.8662;1014.0;1.7799;1648.0;1.6633;1743.0;1.5713;1733.0;1.463;854.0;1.4931;691.0;1.5803;1072.0;1.3763;1419.0;1.5386;1596.0;1.4732;1585.0;1.3382;1835.0;1.3561;2045.0;1.3984;2303.0;1.3279;2382.0;1.2545;2295.0;1.0984;2396;1.0138;2439.0;1.0445;1962;0.9975;1754;1.0078;1862.0;0.9952;1684.0;0.9437;1423.0;0.9519;;;;
zeit;parents_and_families;25089;0.6768;806.0;0.4271;256.0;0.4116;240.0;0.3734;254.0;0.4415;376.0;0.5072;453.0;0.5048;453.0;0.5838;316.0;0.5547;581.0;0.5864;587.0;0.5292;699.0;0.5901;428.0;0.7483;393.0;0.8988;580.0;0.7446;611.0;0.6625;808.0;0.7458;878.0;0.7413;1028.0;0.7597;1128.0;0.7713;1434.0;0.8269;1478.0;0.7784;1514.0;0.7246;1840;0.7786;1654.0;0.7084;1484;0.7545;1351;0.7762;1284.0;0.6863;1090.0;0.6108;1085.0;0.7258;;;;
zeit;patients;10422;0.2812;447.0;0.2369;209.0;0.336;167.0;0.2598;195.0;0.3389;280.0;0.3777;224.0;0.2496;257.0;0.3312;170.0;0.2984;338.0;0.3411;341.0;0.3074;321.0;0.271;255.0;0.4458;150.0;0.343;253.0;0.3248;268.0;0.2906;236.0;0.2178;262.0;0.2212;350.0;0.2587;459.0;0.3139;468.0;0.2699;313.0;0.1648;513.0;0.2455;525;0.2221;483.0;0.2069;436;0.2217;785;0.451;758.0;0.4051;541.0;0.3032;418.0;0.2796;;;;
zeit;people_with_an_immigration_background_including_immigrants;33056;0.8918;1441.0;0.7636;447.0;0.7187;389.0;0.6053;322.0;0.5597;467.0;0.6299;597.0;0.6653;416.0;0.5361;364.0;0.6389;584.0;0.5894;707.0;0.6374;630.0;0.5318;567.0;0.9913;277.0;0.6335;503.0;0.6458;619.0;0.6712;990.0;0.9138;696.0;0.5876;633.0;0.4678;1017.0;0.6954;1409.0;0.8124;4083.0;2.1503;4151.0;1.9867;2789;1.1801;2965.0;1.2698;1517;0.7713;1278;0.7343;1043.0;0.5575;970.0;0.5436;1185.0;0.7927;;;;
zeit;politicians_and_high_ranking_officials;148516;4.0066;9443.0;5.0038;2893.0;4.6512;3216.0;5.004;3581.0;6.224;3560.0;4.8018;4142.0;4.6156;2921.0;3.7646;2641.0;4.6358;4379.0;4.4197;5006.0;4.5128;6613.0;5.5827;2208.0;3.8603;1650.0;3.7735;3172.0;4.0723;4059.0;4.4011;4097.0;3.7818;4226.0;3.568;4518.0;3.3389;5755.0;3.9353;4719.0;2.721;4796.0;2.5258;6974.0;3.3379;10790;4.5657;9794.0;4.1944;9100;4.6267;6625;3.8065;8015.0;4.284;4651.0;2.6063;4972.0;3.3259;;;;
zeit;prostitutes;848;0.0229;32.0;0.017;13.0;0.0209;15.0;0.0233;13.0;0.0226;12.0;0.0162;20.0;0.0223;19.0;0.0245;10.0;0.0176;20.0;0.0202;29.0;0.0261;24.0;0.0203;18.0;0.0315;12.0;0.0274;9.0;0.0116;14.0;0.0152;21.0;0.0194;15.0;0.0127;37.0;0.0273;60.0;0.041;51.0;0.0294;49.0;0.0258;54.0;0.0258;85;0.036;66.0;0.0283;29;0.0147;46;0.0264;25.0;0.0134;18.0;0.0101;32.0;0.0214;;;;
zeit;real_estate_owner;992;0.0268;52.0;0.0276;9.0;0.0145;6.0;0.0093;1.0;0.0017;4.0;0.0054;20.0;0.0223;20.0;0.0258;8.0;0.014;18.0;0.0182;26.0;0.0234;21.0;0.0177;10.0;0.0175;16.0;0.0366;19.0;0.0244;20.0;0.0217;29.0;0.0268;38.0;0.0321;18.0;0.0133;30.0;0.0205;22.0;0.0127;47.0;0.0248;48.0;0.023;55;0.0233;96.0;0.0411;91;0.0463;50;0.0287;86.0;0.046;59.0;0.0331;73.0;0.0488;;;;
zeit;retirees;3597;0.097;185.0;0.098;96.0;0.1543;85.0;0.1323;86.0;0.1495;88.0;0.1187;113.0;0.1259;85.0;0.1095;64.0;0.1123;185.0;0.1867;128.0;0.1154;142.0;0.1199;80.0;0.1399;72.0;0.1647;95.0;0.122;103.0;0.1117;86.0;0.0794;93.0;0.0785;120.0;0.0887;157.0;0.1074;151.0;0.0871;127.0;0.0669;176.0;0.0842;162;0.0685;195.0;0.0835;156;0.0793;118;0.0678;179.0;0.0957;137.0;0.0768;133.0;0.089;;;;
zeit;scientists_and_professors;24761;0.668;1265.0;0.6703;574.0;0.9228;603.0;0.9382;499.0;0.8673;653.0;0.8808;830.0;0.9249;771.0;0.9937;647.0;1.1357;842.0;0.8498;1036.0;0.9339;1132.0;0.9556;538.0;0.9406;429.0;0.9811;690.0;0.8858;750.0;0.8132;640.0;0.5908;835.0;0.705;1012.0;0.7479;1020.0;0.6975;863.0;0.4976;1070.0;0.5635;1063.0;0.5088;1190;0.5035;1098.0;0.4702;1150;0.5847;986;0.5665;1049.0;0.5607;850.0;0.4763;676.0;0.4522;;;;
zeit;security_forces;11020;0.2973;669.0;0.3545;228.0;0.3666;174.0;0.2707;110.0;0.1912;147.0;0.1983;179.0;0.1995;266.0;0.3428;120.0;0.2106;258.0;0.2604;333.0;0.3002;326.0;0.2752;193.0;0.3374;127.0;0.2904;221.0;0.2837;267.0;0.2895;302.0;0.2788;344.0;0.2904;332.0;0.2454;503.0;0.344;510.0;0.2941;590.0;0.3107;652.0;0.3121;800;0.3385;784.0;0.3358;510;0.2593;730;0.4194;495.0;0.2646;441.0;0.2471;409.0;0.2736;;;;
zeit;self_employed_and_freelancers;1234;0.0333;77.0;0.0408;25.0;0.0402;33.0;0.0513;34.0;0.0591;59.0;0.0796;31.0;0.0345;34.0;0.0438;26.0;0.0456;55.0;0.0555;44.0;0.0397;52.0;0.0439;28.0;0.049;19.0;0.0435;43.0;0.0552;29.0;0.0314;34.0;0.0314;41.0;0.0346;36.0;0.0266;61.0;0.0417;41.0;0.0236;54.0;0.0284;49.0;0.0235;76;0.0322;45.0;0.0193;29;0.0147;63;0.0362;58.0;0.031;31.0;0.0174;27.0;0.0181;;;;
zeit;single;1738;0.0469;70.0;0.0371;19.0;0.0305;14.0;0.0218;20.0;0.0348;48.0;0.0647;32.0;0.0357;36.0;0.0464;20.0;0.0351;53.0;0.0535;36.0;0.0325;43.0;0.0363;27.0;0.0472;29.0;0.0663;37.0;0.0475;49.0;0.0531;64.0;0.0591;31.0;0.0262;45.0;0.0333;70.0;0.0479;101.0;0.0582;96.0;0.0506;115.0;0.055;141;0.0597;95.0;0.0407;112;0.0569;89;0.0511;99.0;0.0529;91.0;0.051;56.0;0.0375;;;;
zeit;skilled_or_qualified;4157;0.1121;241.0;0.1277;62.0;0.0997;48.0;0.0747;64.0;0.1112;90.0;0.1214;139.0;0.1549;126.0;0.1624;95.0;0.1668;165.0;0.1665;174.0;0.1569;225.0;0.1899;121.0;0.2115;101.0;0.231;130.0;0.1669;168.0;0.1822;203.0;0.1874;215.0;0.1815;178.0;0.1315;209.0;0.1429;227.0;0.1309;183.0;0.0964;242.0;0.1158;189;0.08;162.0;0.0694;115;0.0585;72;0.0414;75.0;0.0401;66.0;0.037;72.0;0.0482;;;;
zeit;soldiers;9447;0.2549;993.0;0.5262;258.0;0.4148;241.0;0.375;115.0;0.1999;281.0;0.379;200.0;0.2229;192.0;0.2475;140.0;0.2457;373.0;0.3765;327.0;0.2948;316.0;0.2668;187.0;0.3269;101.0;0.231;193.0;0.2478;303.0;0.3285;377.0;0.348;384.0;0.3242;345.0;0.255;330.0;0.2257;529.0;0.305;450.0;0.237;338.0;0.1618;418;0.1769;356.0;0.1525;301;0.153;293;0.1683;306.0;0.1636;503.0;0.2819;297.0;0.1987;;;;
zeit;teachers_and_educators;9843;0.2655;338.0;0.1791;105.0;0.1688;56.0;0.0871;62.0;0.1078;167.0;0.2253;217.0;0.2418;155.0;0.1998;172.0;0.3019;323.0;0.326;330.0;0.2975;313.0;0.2642;114.0;0.1993;120.0;0.2744;338.0;0.4339;348.0;0.3773;474.0;0.4375;344.0;0.2904;392.0;0.2897;533.0;0.3645;554.0;0.3194;570.0;0.3002;472.0;0.2259;681;0.2882;660.0;0.2827;464;0.2359;449;0.258;354.0;0.1892;364.0;0.204;374.0;0.2502;;;;
zeit;tenants;1338;0.0361;87.0;0.0461;11.0;0.0177;17.0;0.0265;11.0;0.0191;17.0;0.0229;20.0;0.0223;12.0;0.0155;15.0;0.0263;19.0;0.0192;19.0;0.0171;21.0;0.0177;15.0;0.0262;10.0;0.0229;12.0;0.0154;20.0;0.0217;21.0;0.0194;49.0;0.0414;24.0;0.0177;41.0;0.028;59.0;0.034;69.0;0.0363;90.0;0.0431;72;0.0305;136.0;0.0582;130;0.0661;86;0.0494;123.0;0.0657;76.0;0.0426;56.0;0.0375;;;;
zeit;terrorists_rebels_revolutionaries_and_or_movements_of_armed_resistance;5956;0.1607;237.0;0.1256;73.0;0.1174;60.0;0.0934;62.0;0.1078;47.0;0.0634;60.0;0.0669;227.0;0.2926;90.0;0.158;174.0;0.1756;287.0;0.2587;245.0;0.2068;124.0;0.2168;122.0;0.279;113.0;0.1451;140.0;0.1518;140.0;0.1292;210.0;0.1773;229.0;0.1692;222.0;0.1518;342.0;0.1972;510.0;0.2686;500.0;0.2393;488;0.2065;295.0;0.1263;252;0.1281;193;0.1109;215.0;0.1149;141.0;0.079;158.0;0.1057;;;;
zeit;unemployed;6419;0.1732;473.0;0.2506;243.0;0.3907;248.0;0.3859;179.0;0.3111;152.0;0.205;158.0;0.1761;235.0;0.3029;203.0;0.3563;386.0;0.3896;419.0;0.3777;563.0;0.4753;179.0;0.313;109.0;0.2493;180.0;0.2311;197.0;0.2136;244.0;0.2252;188.0;0.1587;197.0;0.1456;270.0;0.1846;172.0;0.0992;139.0;0.0732;187.0;0.0895;233;0.0986;248.0;0.1062;133;0.0676;145;0.0833;130.0;0.0695;123.0;0.0689;86.0;0.0575;;;;
zeit;unskilled_or_unqualified;2248;0.0606;116.0;0.0615;35.0;0.0563;30.0;0.0467;28.0;0.0487;50.0;0.0674;63.0;0.0702;55.0;0.0709;42.0;0.0737;55.0;0.0555;74.0;0.0667;98.0;0.0827;75.0;0.1311;43.0;0.0983;84.0;0.1078;55.0;0.0596;95.0;0.0877;104.0;0.0878;73.0;0.0539;109.0;0.0745;92.0;0.053;117.0;0.0616;153.0;0.0732;147;0.0622;120.0;0.0514;96;0.0488;54;0.031;86.0;0.046;43.0;0.0241;56.0;0.0375;;;;
zeit;upper_class;4195;0.1132;153.0;0.0811;70.0;0.1125;85.0;0.1323;70.0;0.1217;98.0;0.1322;83.0;0.0925;63.0;0.0812;62.0;0.1088;102.0;0.1029;99.0;0.0892;160.0;0.1351;57.0;0.0997;58.0;0.1326;95.0;0.122;124.0;0.1345;126.0;0.1163;210.0;0.1773;249.0;0.184;204.0;0.1395;168.0;0.0969;212.0;0.1117;243.0;0.1163;288;0.1219;228.0;0.0976;202;0.1027;162;0.0931;190.0;0.1016;209.0;0.1171;125.0;0.0836;;;;
zeit;wage_and_salary_earners;35903;0.9686;2511.0;1.3306;960.0;1.5434;869.0;1.3521;879.0;1.5278;947.0;1.2773;1019.0;1.1355;935.0;1.205;675.0;1.1848;1294.0;1.306;1412.0;1.2729;1606.0;1.3558;820.0;1.4336;594.0;1.3585;885.0;1.1362;1033.0;1.1201;1097.0;1.0126;1208.0;1.0199;1339.0;0.9896;1465.0;1.0018;1555.0;0.8966;1401.0;0.7378;1299.0;0.6217;1612;0.6821;1792.0;0.7675;1414;0.7189;1521;0.8739;1478.0;0.79;1202.0;0.6736;1081.0;0.7231;;;;
zeit;women;41684;1.1245;1768.0;0.9369;517.0;0.8312;468.0;0.7282;462.0;0.803;666.0;0.8983;743.0;0.8279;631.0;0.8132;483.0;0.8478;760.0;0.7671;969.0;0.8735;1011.0;0.8535;554.0;0.9686;563.0;1.2876;630.0;0.8088;949.0;1.029;1314.0;1.2129;1111.0;0.938;1731.0;1.2793;1726.0;1.1802;2285.0;1.3175;2150.0;1.1323;2843.0;1.3607;2897;1.2258;2849.0;1.2201;2785;1.416;2381;1.368;2363.0;1.263;2075.0;1.1628;2000.0;1.3379;;;;
zeit;young_adults;20528;0.5538;884.0;0.4684;289.0;0.4646;367.0;0.571;309.0;0.5371;391.0;0.5274;489.0;0.5449;367.0;0.473;289.0;0.5073;583.0;0.5884;549.0;0.4949;581.0;0.4905;394.0;0.6888;286.0;0.6541;486.0;0.6239;542.0;0.5877;717.0;0.6618;702.0;0.5927;713.0;0.5269;905.0;0.6188;1062.0;0.6124;1086.0;0.5719;1158.0;0.5542;1274;0.5391;1369.0;0.5863;1140;0.5796;742;0.4263;1103.0;0.5895;843.0;0.4724;908.0;0.6074;;;;
